Driver,LapNumber,Compound,TyreLife,Stint,LapTime,PitInTime,PitOutTime,TrackStatus,IsAccurate,LapTimeS,Track,Pitted
VER,2.0,MEDIUM,2.0,1.0,0 days 00:01:27.349000,,,1,True,87.349,Albert Park,0
VER,3.0,MEDIUM,3.0,1.0,0 days 00:01:27.511000,,,1,True,87.511,Albert Park,0
VER,4.0,MEDIUM,4.0,1.0,0 days 00:01:27.324000,,,1,True,87.324,Albert Park,0
VER,5.0,MEDIUM,5.0,1.0,0 days 00:01:26.843000,,,1,True,86.843,Albert Park,0
VER,6.0,MEDIUM,6.0,1.0,0 days 00:01:27.123000,,,1,True,87.123,Albert Park,0
VER,11.0,MEDIUM,4.0,2.0,0 days 00:01:27.109000,,,1,True,87.109,Albert Park,0
VER,12.0,MEDIUM,5.0,2.0,0 days 00:01:26.659000,,,1,True,86.659,Albert Park,0
VER,13.0,MEDIUM,6.0,2.0,0 days 00:01:26.550000,,,1,True,86.55,Albert Park,0
VER,14.0,MEDIUM,7.0,2.0,0 days 00:01:26.148000,,,1,True,86.148,Albert Park,0
VER,15.0,MEDIUM,8.0,2.0,0 days 00:01:26.298000,,,1,True,86.298,Albert Park,0
VER,16.0,MEDIUM,9.0,2.0,0 days 00:01:26.042000,,,1,True,86.042,Albert Park,0
VER,17.0,MEDIUM,10.0,2.0,0 days 00:01:25.977000,,,1,True,85.977,Albert Park,0
VER,18.0,MEDIUM,11.0,2.0,0 days 00:01:25.759000,,,1,True,85.759,Albert Park,0
VER,19.0,MEDIUM,12.0,2.0,0 days 00:01:25.727000,,,1,True,85.727,Albert Park,0
VER,20.0,MEDIUM,13.0,2.0,0 days 00:01:25.864000,,,1,True,85.864,Albert Park,0
VER,21.0,MEDIUM,14.0,2.0,0 days 00:01:25.803000,,,1,True,85.803,Albert Park,0
VER,22.0,MEDIUM,15.0,2.0,0 days 00:01:25.921000,,,1,True,85.921,Albert Park,0
VER,23.0,MEDIUM,16.0,2.0,0 days 00:01:25.877000,,,1,True,85.877,Albert Park,0
VER,24.0,MEDIUM,17.0,2.0,0 days 00:01:25.740000,,,1,True,85.74,Albert Park,0
VER,25.0,MEDIUM,18.0,2.0,0 days 00:01:25.618000,,,1,True,85.618,Albert Park,0
VER,26.0,MEDIUM,19.0,2.0,0 days 00:01:25.431000,,,1,True,85.431,Albert Park,0
VER,27.0,MEDIUM,20.0,2.0,0 days 00:01:25.606000,,,1,True,85.606,Albert Park,0
VER,28.0,MEDIUM,21.0,2.0,0 days 00:01:25.477000,,,1,True,85.477,Albert Park,0
VER,29.0,MEDIUM,22.0,2.0,0 days 00:01:25.481000,,,1,True,85.481,Albert Park,0
VER,30.0,MEDIUM,23.0,2.0,0 days 00:01:25.359000,,,1,True,85.359,Albert Park,0
VER,31.0,MEDIUM,24.0,2.0,0 days 00:01:25.405000,,,1,True,85.405,Albert Park,0
VER,34.0,HARD,2.0,3.0,0 days 00:01:24.845000,,,1,True,84.845,Albert Park,0
VER,35.0,HARD,3.0,3.0,0 days 00:01:24.779000,,,1,True,84.779,Albert Park,0
VER,36.0,HARD,4.0,3.0,0 days 00:01:24.744000,,,1,True,84.744,Albert Park,0
VER,37.0,HARD,5.0,3.0,0 days 00:01:24.618000,,,1,True,84.618,Albert Park,0
VER,38.0,HARD,6.0,3.0,0 days 00:01:24.907000,,,1,True,84.907,Albert Park,0
VER,39.0,HARD,7.0,3.0,0 days 00:01:24.592000,,,1,True,84.592,Albert Park,0
VER,40.0,HARD,8.0,3.0,0 days 00:01:24.541000,,,1,True,84.541,Albert Park,0
VER,41.0,HARD,9.0,3.0,0 days 00:01:24.568000,,,1,True,84.568,Albert Park,0
VER,42.0,HARD,10.0,3.0,0 days 00:01:24.729000,,,1,True,84.729,Albert Park,0
VER,43.0,HARD,11.0,3.0,0 days 00:01:24.747000,,,1,True,84.747,Albert Park,0
VER,44.0,HARD,12.0,3.0,0 days 00:01:24.701000,,,1,True,84.701,Albert Park,0
VER,45.0,HARD,13.0,3.0,0 days 00:01:23.515000,,,1,True,83.515,Albert Park,0
VER,46.0,HARD,14.0,3.0,0 days 00:01:23.887000,,,1,True,83.887,Albert Park,0
VER,47.0,HARD,15.0,3.0,0 days 00:01:23.805000,,,1,True,83.805,Albert Park,0
VER,48.0,HARD,16.0,3.0,0 days 00:01:23.799000,,,1,True,83.799,Albert Park,0
VER,49.0,HARD,17.0,3.0,0 days 00:01:23.665000,,,1,True,83.665,Albert Park,0
VER,50.0,HARD,18.0,3.0,0 days 00:01:23.498000,,,1,True,83.498,Albert Park,0
VER,51.0,HARD,19.0,3.0,0 days 00:01:23.989000,,,1,True,83.989,Albert Park,0
VER,52.0,HARD,20.0,3.0,0 days 00:01:24.141000,,,1,True,84.141,Albert Park,0
VER,53.0,HARD,21.0,3.0,0 days 00:01:24.492000,,,1,True,84.492,Albert Park,0
VER,54.0,HARD,22.0,3.0,0 days 00:01:24.678000,,,1,True,84.678,Albert Park,0
VER,55.0,HARD,23.0,3.0,0 days 00:01:24.405000,,,1,True,84.405,Albert Park,0
VER,56.0,HARD,24.0,3.0,0 days 00:01:24.403000,,,1,True,84.403,Albert Park,0
VER,57.0,HARD,25.0,3.0,0 days 00:01:24.968000,,,1,True,84.968,Albert Park,0
GAS,2.0,MEDIUM,2.0,1.0,0 days 00:01:29.291000,,,1,True,89.291,Albert Park,0
GAS,3.0,MEDIUM,3.0,1.0,0 days 00:01:28.388000,,,1,True,88.388,Albert Park,0
GAS,4.0,MEDIUM,4.0,1.0,0 days 00:01:28.333000,,,1,True,88.333,Albert Park,0
GAS,5.0,MEDIUM,5.0,1.0,0 days 00:01:28.088000,,,1,True,88.088,Albert Park,0
GAS,6.0,MEDIUM,6.0,1.0,0 days 00:01:28.260000,,,1,True,88.26,Albert Park,0
GAS,11.0,HARD,4.0,2.0,0 days 00:01:29.849000,,,1,True,89.849,Albert Park,0
GAS,12.0,HARD,5.0,2.0,0 days 00:01:28.678000,,,1,True,88.678,Albert Park,0
GAS,13.0,HARD,6.0,2.0,0 days 00:01:28.815000,,,1,True,88.815,Albert Park,0
GAS,14.0,HARD,7.0,2.0,0 days 00:01:28.262000,,,1,True,88.262,Albert Park,0
GAS,15.0,HARD,8.0,2.0,0 days 00:01:28.203000,,,1,True,88.203,Albert Park,0
GAS,16.0,HARD,9.0,2.0,0 days 00:01:27.845000,,,1,True,87.845,Albert Park,0
GAS,17.0,HARD,10.0,2.0,0 days 00:01:27.994000,,,1,True,87.994,Albert Park,0
GAS,18.0,HARD,11.0,2.0,0 days 00:01:28.081000,,,1,True,88.081,Albert Park,0
GAS,19.0,HARD,12.0,2.0,0 days 00:01:27.683000,,,1,True,87.683,Albert Park,0
GAS,20.0,HARD,13.0,2.0,0 days 00:01:27.692000,,,1,True,87.692,Albert Park,0
GAS,21.0,HARD,14.0,2.0,0 days 00:01:27.701000,,,1,True,87.701,Albert Park,0
GAS,22.0,HARD,15.0,2.0,0 days 00:01:27.731000,,,1,True,87.731,Albert Park,0
GAS,23.0,HARD,16.0,2.0,0 days 00:01:27.527000,,,1,True,87.527,Albert Park,0
GAS,24.0,HARD,17.0,2.0,0 days 00:01:27.844000,,,1,True,87.844,Albert Park,0
GAS,25.0,HARD,18.0,2.0,0 days 00:01:27.372000,,,1,True,87.372,Albert Park,0
GAS,26.0,HARD,19.0,2.0,0 days 00:01:28.017000,,,1,True,88.017,Albert Park,0
GAS,27.0,HARD,20.0,2.0,0 days 00:01:27.609000,,,1,True,87.609,Albert Park,0
GAS,28.0,HARD,21.0,2.0,0 days 00:01:27.523000,,,1,True,87.523,Albert Park,0
GAS,29.0,HARD,22.0,2.0,0 days 00:01:27.420000,,,1,True,87.42,Albert Park,0
GAS,30.0,HARD,23.0,2.0,0 days 00:01:27.198000,,,1,True,87.198,Albert Park,0
GAS,31.0,HARD,24.0,2.0,0 days 00:01:27.409000,,,1,True,87.409,Albert Park,0
GAS,34.0,MEDIUM,2.0,3.0,0 days 00:01:25.846000,,,1,True,85.846,Albert Park,0
GAS,35.0,MEDIUM,3.0,3.0,0 days 00:01:25.789000,,,1,True,85.789,Albert Park,0
GAS,36.0,MEDIUM,4.0,3.0,0 days 00:01:25.711000,,,1,True,85.711,Albert Park,0
GAS,37.0,MEDIUM,5.0,3.0,0 days 00:01:25.695000,,,1,True,85.695,Albert Park,0
GAS,38.0,MEDIUM,6.0,3.0,0 days 00:01:25.720000,,,1,True,85.72,Albert Park,0
GAS,39.0,MEDIUM,7.0,3.0,0 days 00:01:25.902000,,,1,True,85.902,Albert Park,0
GAS,40.0,MEDIUM,8.0,3.0,0 days 00:01:25.677000,,,1,True,85.677,Albert Park,0
GAS,41.0,MEDIUM,9.0,3.0,0 days 00:01:25.630000,,,1,True,85.63,Albert Park,0
GAS,42.0,MEDIUM,10.0,3.0,0 days 00:01:25.483000,,,1,True,85.483,Albert Park,0
GAS,43.0,MEDIUM,11.0,3.0,0 days 00:01:25.459000,,,1,True,85.459,Albert Park,0
GAS,44.0,MEDIUM,12.0,3.0,0 days 00:01:25.557000,,,1,True,85.557,Albert Park,0
GAS,45.0,MEDIUM,13.0,3.0,0 days 00:01:25.757000,,,1,True,85.757,Albert Park,0
GAS,46.0,MEDIUM,14.0,3.0,0 days 00:01:25.641000,,,1,True,85.641,Albert Park,0
GAS,47.0,MEDIUM,15.0,3.0,0 days 00:01:25.519000,,,1,True,85.519,Albert Park,0
GAS,48.0,MEDIUM,16.0,3.0,0 days 00:01:25.574000,,,1,True,85.574,Albert Park,0
GAS,49.0,MEDIUM,17.0,3.0,0 days 00:01:25.594000,,,1,True,85.594,Albert Park,0
GAS,50.0,MEDIUM,18.0,3.0,0 days 00:01:25.454000,,,1,True,85.454,Albert Park,0
GAS,51.0,MEDIUM,19.0,3.0,0 days 00:01:25.422000,,,1,True,85.422,Albert Park,0
GAS,52.0,MEDIUM,20.0,3.0,0 days 00:01:25.421000,,,1,True,85.421,Albert Park,0
GAS,53.0,MEDIUM,21.0,3.0,0 days 00:01:27.233000,,,1,True,87.233,Albert Park,0
GAS,54.0,MEDIUM,22.0,3.0,0 days 00:01:25.376000,,,1,True,85.376,Albert Park,0
GAS,55.0,MEDIUM,23.0,3.0,0 days 00:01:26.051000,,,1,True,86.051,Albert Park,0
GAS,56.0,MEDIUM,24.0,3.0,0 days 00:01:25.956000,,,1,True,85.956,Albert Park,0
ANT,2.0,MEDIUM,2.0,1.0,0 days 00:01:27.953000,,,1,True,87.953,Albert Park,0
ANT,3.0,MEDIUM,3.0,1.0,0 days 00:01:27.737000,,,1,True,87.737,Albert Park,0
ANT,4.0,MEDIUM,4.0,1.0,0 days 00:01:27.480000,,,1,True,87.48,Albert Park,0
ANT,5.0,MEDIUM,5.0,1.0,0 days 00:01:27.505000,,,1,True,87.505,Albert Park,0
ANT,6.0,MEDIUM,6.0,1.0,0 days 00:01:27.305000,,,1,True,87.305,Albert Park,0
ANT,11.0,MEDIUM,4.0,2.0,0 days 00:01:27.485000,,,1,True,87.485,Albert Park,0
ANT,12.0,MEDIUM,5.0,2.0,0 days 00:01:27.330000,,,1,True,87.33,Albert Park,0
ANT,13.0,MEDIUM,6.0,2.0,0 days 00:01:27.005000,,,1,True,87.005,Albert Park,0
ANT,14.0,MEDIUM,7.0,2.0,0 days 00:01:26.878000,,,1,True,86.878,Albert Park,0
ANT,15.0,MEDIUM,8.0,2.0,0 days 00:01:27.361000,,,1,True,87.361,Albert Park,0
ANT,16.0,MEDIUM,9.0,2.0,0 days 00:01:27.033000,,,1,True,87.033,Albert Park,0
ANT,17.0,MEDIUM,10.0,2.0,0 days 00:01:26.994000,,,1,True,86.994,Albert Park,0
ANT,18.0,MEDIUM,11.0,2.0,0 days 00:01:27.021000,,,1,True,87.021,Albert Park,0
ANT,19.0,MEDIUM,12.0,2.0,0 days 00:01:26.617000,,,1,True,86.617,Albert Park,0
ANT,20.0,MEDIUM,13.0,2.0,0 days 00:01:26.509000,,,1,True,86.509,Albert Park,0
ANT,21.0,MEDIUM,14.0,2.0,0 days 00:01:26.522000,,,1,True,86.522,Albert Park,0
ANT,22.0,MEDIUM,15.0,2.0,0 days 00:01:26.748000,,,1,True,86.748,Albert Park,0
ANT,23.0,MEDIUM,16.0,2.0,0 days 00:01:26.735000,,,1,True,86.735,Albert Park,0
ANT,24.0,MEDIUM,17.0,2.0,0 days 00:01:26.626000,,,1,True,86.626,Albert Park,0
ANT,25.0,MEDIUM,18.0,2.0,0 days 00:01:26.608000,,,1,True,86.608,Albert Park,0
ANT,26.0,MEDIUM,19.0,2.0,0 days 00:01:26.574000,,,1,True,86.574,Albert Park,0
ANT,27.0,MEDIUM,20.0,2.0,0 days 00:01:26.425000,,,1,True,86.425,Albert Park,0
ANT,28.0,MEDIUM,21.0,2.0,0 days 00:01:26.554000,,,1,True,86.554,Albert Park,0
ANT,29.0,MEDIUM,22.0,2.0,0 days 00:01:26.365000,,,1,True,86.365,Albert Park,0
ANT,30.0,MEDIUM,23.0,2.0,0 days 00:01:28.262000,,,1,True,88.262,Albert Park,0
ANT,31.0,MEDIUM,24.0,2.0,0 days 00:01:26.250000,,,1,True,86.25,Albert Park,0
ANT,34.0,HARD,2.0,3.0,0 days 00:01:25.173000,,,1,True,85.173,Albert Park,0
ANT,35.0,HARD,3.0,3.0,0 days 00:01:24.738000,,,1,True,84.738,Albert Park,0
ANT,36.0,HARD,4.0,3.0,0 days 00:01:24.755000,,,1,True,84.755,Albert Park,0
ANT,37.0,HARD,5.0,3.0,0 days 00:01:24.389000,,,1,True,84.389,Albert Park,0
ANT,38.0,HARD,6.0,3.0,0 days 00:01:24.429000,,,1,True,84.429,Albert Park,0
ANT,39.0,HARD,7.0,3.0,0 days 00:01:24.651000,,,1,True,84.651,Albert Park,0
ANT,40.0,HARD,8.0,3.0,0 days 00:01:24.464000,,,1,True,84.464,Albert Park,0
ANT,41.0,HARD,9.0,3.0,0 days 00:01:24.416000,,,1,True,84.416,Albert Park,0
ANT,42.0,HARD,10.0,3.0,0 days 00:01:24.395000,,,1,True,84.395,Albert Park,0
ANT,43.0,HARD,11.0,3.0,0 days 00:01:24.308000,,,1,True,84.308,Albert Park,0
ANT,44.0,HARD,12.0,3.0,0 days 00:01:24.411000,,,1,True,84.411,Albert Park,0
ANT,45.0,HARD,13.0,3.0,0 days 00:01:24.315000,,,1,True,84.315,Albert Park,0
ANT,46.0,HARD,14.0,3.0,0 days 00:01:24.147000,,,1,True,84.147,Albert Park,0
ANT,47.0,HARD,15.0,3.0,0 days 00:01:24.176000,,,1,True,84.176,Albert Park,0
ANT,48.0,HARD,16.0,3.0,0 days 00:01:24.032000,,,1,True,84.032,Albert Park,0
ANT,49.0,HARD,17.0,3.0,0 days 00:01:24.453000,,,1,True,84.453,Albert Park,0
ANT,50.0,HARD,18.0,3.0,0 days 00:01:24.076000,,,1,True,84.076,Albert Park,0
ANT,51.0,HARD,19.0,3.0,0 days 00:01:24.122000,,,1,True,84.122,Albert Park,0
ANT,52.0,HARD,20.0,3.0,0 days 00:01:23.975000,,,1,True,83.975,Albert Park,0
ANT,53.0,HARD,21.0,3.0,0 days 00:01:24.037000,,,1,True,84.037,Albert Park,0
ANT,54.0,HARD,22.0,3.0,0 days 00:01:24.074000,,,1,True,84.074,Albert Park,0
ANT,55.0,HARD,23.0,3.0,0 days 00:01:23.955000,,,1,True,83.955,Albert Park,0
ANT,56.0,HARD,24.0,3.0,0 days 00:01:26.977000,,,1,True,86.977,Albert Park,0
ANT,57.0,HARD,25.0,3.0,0 days 00:01:26.166000,,,1,True,86.166,Albert Park,0
ALO,2.0,MEDIUM,2.0,1.0,0 days 00:01:28.246000,,,1,True,88.246,Albert Park,0
ALO,3.0,MEDIUM,3.0,1.0,0 days 00:01:28.081000,,,1,True,88.081,Albert Park,0
ALO,4.0,MEDIUM,4.0,1.0,0 days 00:01:27.928000,,,1,True,87.928,Albert Park,0
ALO,5.0,MEDIUM,5.0,1.0,0 days 00:01:27.867000,,,1,True,87.867,Albert Park,0
ALO,6.0,MEDIUM,6.0,1.0,0 days 00:01:27.726000,,,1,True,87.726,Albert Park,0
ALO,11.0,MEDIUM,4.0,2.0,0 days 00:01:27.797000,,,1,True,87.797,Albert Park,0
ALO,12.0,MEDIUM,5.0,2.0,0 days 00:01:27.486000,,,1,True,87.486,Albert Park,0
ALO,13.0,MEDIUM,6.0,2.0,0 days 00:01:27.724000,,,1,True,87.724,Albert Park,0
ALO,14.0,MEDIUM,7.0,2.0,0 days 00:01:27.628000,,,1,True,87.628,Albert Park,0
ALO,15.0,MEDIUM,8.0,2.0,0 days 00:01:27.604000,,,1,True,87.604,Albert Park,0
ALO,16.0,MEDIUM,9.0,2.0,0 days 00:01:27.386000,,,1,True,87.386,Albert Park,0
ALO,17.0,MEDIUM,10.0,2.0,0 days 00:01:27.571000,,,1,True,87.571,Albert Park,0
ALO,18.0,MEDIUM,11.0,2.0,0 days 00:01:27.380000,,,1,True,87.38,Albert Park,0
ALO,19.0,MEDIUM,12.0,2.0,0 days 00:01:27.457000,,,1,True,87.457,Albert Park,0
ALO,20.0,MEDIUM,13.0,2.0,0 days 00:01:27.325000,,,1,True,87.325,Albert Park,0
ALO,21.0,MEDIUM,14.0,2.0,0 days 00:01:27.367000,,,1,True,87.367,Albert Park,0
ALO,22.0,MEDIUM,15.0,2.0,0 days 00:01:27.313000,,,1,True,87.313,Albert Park,0
ALO,23.0,MEDIUM,16.0,2.0,0 days 00:01:27.191000,,,1,True,87.191,Albert Park,0
ALO,24.0,MEDIUM,17.0,2.0,0 days 00:01:26.939000,,,1,True,86.939,Albert Park,0
ALO,25.0,MEDIUM,18.0,2.0,0 days 00:01:27.150000,,,1,True,87.15,Albert Park,0
ALO,26.0,MEDIUM,19.0,2.0,0 days 00:01:27.738000,,,1,True,87.738,Albert Park,0
ALO,27.0,MEDIUM,20.0,2.0,0 days 00:01:26.459000,,,1,True,86.459,Albert Park,0
ALO,28.0,MEDIUM,21.0,2.0,0 days 00:01:26.248000,,,1,True,86.248,Albert Park,0
ALO,29.0,MEDIUM,22.0,2.0,0 days 00:01:25.973000,,,1,True,85.973,Albert Park,0
ALO,30.0,MEDIUM,23.0,2.0,0 days 00:01:25.851000,,,1,True,85.851,Albert Park,0
ALO,31.0,MEDIUM,24.0,2.0,0 days 00:01:25.869000,,,1,True,85.869,Albert Park,0
ALO,34.0,HARD,2.0,3.0,0 days 00:01:26.640000,,,1,True,86.64,Albert Park,0
ALO,35.0,HARD,3.0,3.0,0 days 00:01:26.043000,,,1,True,86.043,Albert Park,0
ALO,36.0,HARD,4.0,3.0,0 days 00:01:25.663000,,,1,True,85.663,Albert Park,0
ALO,37.0,HARD,5.0,3.0,0 days 00:01:26.020000,,,1,True,86.02,Albert Park,0
ALO,38.0,HARD,6.0,3.0,0 days 00:01:25.712000,,,1,True,85.712,Albert Park,0
ALO,39.0,HARD,7.0,3.0,0 days 00:01:25.886000,,,1,True,85.886,Albert Park,0
ALO,40.0,HARD,8.0,3.0,0 days 00:01:25.544000,,,1,True,85.544,Albert Park,0
ALO,41.0,HARD,9.0,3.0,0 days 00:01:28.674000,,,1,True,88.674,Albert Park,0
ALO,42.0,HARD,10.0,3.0,0 days 00:01:26.052000,,,1,True,86.052,Albert Park,0
ALO,43.0,HARD,11.0,3.0,0 days 00:01:25.575000,,,1,True,85.575,Albert Park,0
ALO,44.0,HARD,12.0,3.0,0 days 00:01:25.336000,,,1,True,85.336,Albert Park,0
ALO,45.0,HARD,13.0,3.0,0 days 00:01:25.175000,,,1,True,85.175,Albert Park,0
ALO,46.0,HARD,14.0,3.0,0 days 00:01:24.787000,,,1,True,84.787,Albert Park,0
ALO,47.0,HARD,15.0,3.0,0 days 00:01:24.691000,,,1,True,84.691,Albert Park,0
ALO,48.0,HARD,16.0,3.0,0 days 00:01:24.990000,,,1,True,84.99,Albert Park,0
ALO,49.0,HARD,17.0,3.0,0 days 00:01:24.506000,,,1,True,84.506,Albert Park,0
ALO,50.0,HARD,18.0,3.0,0 days 00:01:24.717000,,,1,True,84.717,Albert Park,0
ALO,51.0,HARD,19.0,3.0,0 days 00:01:24.815000,,,1,True,84.815,Albert Park,0
ALO,52.0,HARD,20.0,3.0,0 days 00:01:24.268000,,,1,True,84.268,Albert Park,0
ALO,53.0,HARD,21.0,3.0,0 days 00:01:24.151000,,,1,True,84.151,Albert Park,0
ALO,54.0,HARD,22.0,3.0,0 days 00:01:24.070000,,,1,True,84.07,Albert Park,0
ALO,55.0,HARD,23.0,3.0,0 days 00:01:26.439000,,,1,True,86.439,Albert Park,0
ALO,56.0,HARD,24.0,3.0,0 days 00:01:24.361000,,,1,True,84.361,Albert Park,0
ALO,57.0,HARD,25.0,3.0,0 days 00:01:23.940000,,,1,True,83.94,Albert Park,0
LEC,2.0,MEDIUM,2.0,1.0,0 days 00:01:29.405000,,,1,True,89.405,Albert Park,0
LEC,3.0,MEDIUM,3.0,1.0,0 days 00:01:28.982000,,,1,True,88.982,Albert Park,0
LEC,4.0,MEDIUM,4.0,1.0,0 days 00:01:28.281000,,,1,True,88.281,Albert Park,0
LEC,5.0,MEDIUM,5.0,1.0,0 days 00:01:28.257000,,,1,True,88.257,Albert Park,0
LEC,6.0,MEDIUM,6.0,1.0,0 days 00:01:28.042000,,,1,True,88.042,Albert Park,0
LEC,11.0,MEDIUM,4.0,2.0,0 days 00:01:28.180000,,,1,True,88.18,Albert Park,0
LEC,12.0,MEDIUM,5.0,2.0,0 days 00:01:27.991000,,,1,True,87.991,Albert Park,0
LEC,13.0,MEDIUM,6.0,2.0,0 days 00:01:27.418000,,,1,True,87.418,Albert Park,0
LEC,14.0,MEDIUM,7.0,2.0,0 days 00:01:27.844000,,,1,True,87.844,Albert Park,0
LEC,15.0,MEDIUM,8.0,2.0,0 days 00:01:27.701000,,,1,True,87.701,Albert Park,0
LEC,16.0,MEDIUM,9.0,2.0,0 days 00:01:27.541000,,,1,True,87.541,Albert Park,0
LEC,17.0,MEDIUM,10.0,2.0,0 days 00:01:27.617000,,,1,True,87.617,Albert Park,0
LEC,18.0,MEDIUM,11.0,2.0,0 days 00:01:27.404000,,,1,True,87.404,Albert Park,0
LEC,19.0,MEDIUM,12.0,2.0,0 days 00:01:27.456000,,,1,True,87.456,Albert Park,0
LEC,20.0,MEDIUM,13.0,2.0,0 days 00:01:27.402000,,,1,True,87.402,Albert Park,0
LEC,21.0,MEDIUM,14.0,2.0,0 days 00:01:27.344000,,,1,True,87.344,Albert Park,0
LEC,22.0,MEDIUM,15.0,2.0,0 days 00:01:27.481000,,,1,True,87.481,Albert Park,0
LEC,23.0,MEDIUM,16.0,2.0,0 days 00:01:27.388000,,,1,True,87.388,Albert Park,0
LEC,24.0,MEDIUM,17.0,2.0,0 days 00:01:27.238000,,,1,True,87.238,Albert Park,0
LEC,25.0,MEDIUM,18.0,2.0,0 days 00:01:27.358000,,,1,True,87.358,Albert Park,0
LEC,26.0,MEDIUM,19.0,2.0,0 days 00:01:27.331000,,,1,True,87.331,Albert Park,0
LEC,27.0,MEDIUM,20.0,2.0,0 days 00:01:27.233000,,,1,True,87.233,Albert Park,0
LEC,28.0,MEDIUM,21.0,2.0,0 days 00:01:27.155000,,,1,True,87.155,Albert Park,0
LEC,29.0,MEDIUM,22.0,2.0,0 days 00:01:27.170000,,,1,True,87.17,Albert Park,0
LEC,30.0,MEDIUM,23.0,2.0,0 days 00:01:26.915000,,,1,True,86.915,Albert Park,0
LEC,31.0,MEDIUM,24.0,2.0,0 days 00:01:26.990000,,,1,True,86.99,Albert Park,0
LEC,34.0,HARD,2.0,3.0,0 days 00:01:25.506000,,,1,True,85.506,Albert Park,0
LEC,35.0,HARD,3.0,3.0,0 days 00:01:25.245000,,,1,True,85.245,Albert Park,0
LEC,36.0,HARD,4.0,3.0,0 days 00:01:25.228000,,,1,True,85.228,Albert Park,0
LEC,37.0,HARD,5.0,3.0,0 days 00:01:25.203000,,,1,True,85.203,Albert Park,0
LEC,38.0,HARD,6.0,3.0,0 days 00:01:25.196000,,,1,True,85.196,Albert Park,0
LEC,39.0,HARD,7.0,3.0,0 days 00:01:25.274000,,,1,True,85.274,Albert Park,0
LEC,40.0,HARD,8.0,3.0,0 days 00:01:25.371000,,,1,True,85.371,Albert Park,0
LEC,41.0,HARD,9.0,3.0,0 days 00:01:26.195000,,,1,True,86.195,Albert Park,0
LEC,42.0,HARD,10.0,3.0,0 days 00:01:25.964000,,,1,True,85.964,Albert Park,0
LEC,43.0,HARD,11.0,3.0,0 days 00:01:25.520000,,,1,True,85.52,Albert Park,0
LEC,44.0,HARD,12.0,3.0,0 days 00:01:25.425000,,,1,True,85.425,Albert Park,0
LEC,45.0,HARD,13.0,3.0,0 days 00:01:25.103000,,,1,True,85.103,Albert Park,0
LEC,46.0,HARD,14.0,3.0,0 days 00:01:24.780000,,,1,True,84.78,Albert Park,0
LEC,47.0,HARD,15.0,3.0,0 days 00:01:24.878000,,,1,True,84.878,Albert Park,0
LEC,48.0,HARD,16.0,3.0,0 days 00:01:24.787000,,,1,True,84.787,Albert Park,0
LEC,49.0,HARD,17.0,3.0,0 days 00:01:24.607000,,,1,True,84.607,Albert Park,0
LEC,50.0,HARD,18.0,3.0,0 days 00:01:24.770000,,,1,True,84.77,Albert Park,0
LEC,51.0,HARD,19.0,3.0,0 days 00:01:24.818000,,,1,True,84.818,Albert Park,0
LEC,52.0,HARD,20.0,3.0,0 days 00:01:24.621000,,,1,True,84.621,Albert Park,0
LEC,53.0,HARD,21.0,3.0,0 days 00:01:25.109000,,,1,True,85.109,Albert Park,0
LEC,54.0,HARD,22.0,3.0,0 days 00:01:24.887000,,,1,True,84.887,Albert Park,0
LEC,55.0,HARD,23.0,3.0,0 days 00:01:24.939000,,,1,True,84.939,Albert Park,0
LEC,56.0,HARD,24.0,3.0,0 days 00:01:24.432000,,,1,True,84.432,Albert Park,0
LEC,57.0,HARD,25.0,3.0,0 days 00:01:24.930000,,,1,True,84.93,Albert Park,0
STR,2.0,MEDIUM,2.0,1.0,0 days 00:01:29.552000,,,1,True,89.552,Albert Park,0
STR,3.0,MEDIUM,3.0,1.0,0 days 00:01:28.850000,,,1,True,88.85,Albert Park,0
STR,4.0,MEDIUM,4.0,1.0,0 days 00:01:28.851000,,,1,True,88.851,Albert Park,0
STR,5.0,MEDIUM,5.0,1.0,0 days 00:01:28.778000,,,1,True,88.778,Albert Park,0
STR,6.0,MEDIUM,6.0,1.0,0 days 00:01:28.265000,,,1,True,88.265,Albert Park,0
STR,11.0,MEDIUM,4.0,2.0,0 days 00:01:29.310000,,,1,True,89.31,Albert Park,0
STR,12.0,MEDIUM,5.0,2.0,0 days 00:01:28.450000,,,1,True,88.45,Albert Park,0
STR,13.0,MEDIUM,6.0,2.0,0 days 00:01:28.136000,,,1,True,88.136,Albert Park,0
STR,14.0,MEDIUM,7.0,2.0,0 days 00:01:28.067000,,,1,True,88.067,Albert Park,0
STR,15.0,MEDIUM,8.0,2.0,0 days 00:01:27.778000,,,1,True,87.778,Albert Park,0
STR,16.0,MEDIUM,9.0,2.0,0 days 00:01:27.782000,,,1,True,87.782,Albert Park,0
STR,17.0,MEDIUM,10.0,2.0,0 days 00:01:27.684000,,,1,True,87.684,Albert Park,0
STR,18.0,MEDIUM,11.0,2.0,0 days 00:01:27.529000,,,1,True,87.529,Albert Park,0
STR,19.0,MEDIUM,12.0,2.0,0 days 00:01:27.685000,,,1,True,87.685,Albert Park,0
STR,20.0,MEDIUM,13.0,2.0,0 days 00:01:27.700000,,,1,True,87.7,Albert Park,0
STR,21.0,MEDIUM,14.0,2.0,0 days 00:01:27.637000,,,1,True,87.637,Albert Park,0
STR,22.0,MEDIUM,15.0,2.0,0 days 00:01:27.751000,,,1,True,87.751,Albert Park,0
STR,23.0,MEDIUM,16.0,2.0,0 days 00:01:27.689000,,,1,True,87.689,Albert Park,0
STR,26.0,MEDIUM,2.0,3.0,0 days 00:01:26.151000,,,1,True,86.151,Albert Park,0
STR,27.0,MEDIUM,3.0,3.0,0 days 00:01:26.624000,,,1,True,86.624,Albert Park,0
STR,28.0,MEDIUM,4.0,3.0,0 days 00:01:26.479000,,,1,True,86.479,Albert Park,0
STR,29.0,MEDIUM,5.0,3.0,0 days 00:01:26.277000,,,1,True,86.277,Albert Park,0
STR,30.0,MEDIUM,6.0,3.0,0 days 00:01:26.325000,,,1,True,86.325,Albert Park,0
STR,31.0,MEDIUM,7.0,3.0,0 days 00:01:26.392000,,,1,True,86.392,Albert Park,0
STR,32.0,MEDIUM,8.0,3.0,0 days 00:01:26.163000,,,1,True,86.163,Albert Park,0
STR,33.0,MEDIUM,9.0,3.0,0 days 00:01:27.400000,,,1,True,87.4,Albert Park,0
STR,34.0,MEDIUM,10.0,3.0,0 days 00:01:26.011000,,,1,True,86.011,Albert Park,0
STR,35.0,MEDIUM,11.0,3.0,0 days 00:01:25.715000,,,1,True,85.715,Albert Park,0
STR,36.0,MEDIUM,12.0,3.0,0 days 00:01:26.963000,,,1,True,86.963,Albert Park,0
STR,37.0,MEDIUM,13.0,3.0,0 days 00:01:25.669000,,,1,True,85.669,Albert Park,0
STR,38.0,MEDIUM,14.0,3.0,0 days 00:01:25.627000,,,1,True,85.627,Albert Park,0
STR,39.0,MEDIUM,15.0,3.0,0 days 00:01:25.510000,,,1,True,85.51,Albert Park,0
STR,40.0,MEDIUM,16.0,3.0,0 days 00:01:25.228000,,,1,True,85.228,Albert Park,0
STR,41.0,MEDIUM,17.0,3.0,0 days 00:01:25.632000,,,1,True,85.632,Albert Park,0
STR,42.0,MEDIUM,18.0,3.0,0 days 00:01:25.747000,,,1,True,85.747,Albert Park,0
STR,43.0,MEDIUM,19.0,3.0,0 days 00:01:25.475000,,,1,True,85.475,Albert Park,0
STR,44.0,MEDIUM,20.0,3.0,0 days 00:01:25.698000,,,1,True,85.698,Albert Park,0
STR,45.0,MEDIUM,21.0,3.0,0 days 00:01:25.490000,,,1,True,85.49,Albert Park,0
STR,46.0,MEDIUM,22.0,3.0,0 days 00:01:25.482000,,,1,True,85.482,Albert Park,0
STR,47.0,MEDIUM,23.0,3.0,0 days 00:01:25.373000,,,1,True,85.373,Albert Park,0
STR,48.0,MEDIUM,24.0,3.0,0 days 00:01:25.428000,,,1,True,85.428,Albert Park,0
STR,51.0,SOFT,2.0,4.0,0 days 00:01:23.484000,,,1,True,83.484,Albert Park,0
STR,52.0,SOFT,3.0,4.0,0 days 00:01:23.795000,,,1,True,83.795,Albert Park,0
STR,53.0,SOFT,4.0,4.0,0 days 00:01:25.132000,,,1,True,85.132,Albert Park,0
STR,54.0,SOFT,5.0,4.0,0 days 00:01:28.397000,,,1,True,88.397,Albert Park,0
TSU,2.0,MEDIUM,2.0,1.0,0 days 00:01:29.251000,,,1,True,89.251,Albert Park,0
TSU,3.0,MEDIUM,3.0,1.0,0 days 00:01:29.116000,,,1,True,89.116,Albert Park,0
TSU,4.0,MEDIUM,4.0,1.0,0 days 00:01:28.638000,,,1,True,88.638,Albert Park,0
TSU,5.0,MEDIUM,5.0,1.0,0 days 00:01:28.604000,,,1,True,88.604,Albert Park,0
TSU,6.0,MEDIUM,6.0,1.0,0 days 00:01:28.323000,,,1,True,88.323,Albert Park,0
TSU,11.0,MEDIUM,4.0,2.0,0 days 00:01:28.238000,,,1,True,88.238,Albert Park,0
TSU,12.0,MEDIUM,5.0,2.0,0 days 00:01:28.307000,,,1,True,88.307,Albert Park,0
TSU,13.0,MEDIUM,6.0,2.0,0 days 00:01:27.873000,,,1,True,87.873,Albert Park,0
TSU,14.0,MEDIUM,7.0,2.0,0 days 00:01:27.689000,,,1,True,87.689,Albert Park,0
TSU,15.0,MEDIUM,8.0,2.0,0 days 00:01:27.866000,,,1,True,87.866,Albert Park,0
TSU,16.0,MEDIUM,9.0,2.0,0 days 00:01:27.544000,,,1,True,87.544,Albert Park,0
TSU,17.0,MEDIUM,10.0,2.0,0 days 00:01:27.857000,,,1,True,87.857,Albert Park,0
TSU,18.0,MEDIUM,11.0,2.0,0 days 00:01:27.586000,,,1,True,87.586,Albert Park,0
TSU,19.0,MEDIUM,12.0,2.0,0 days 00:01:27.477000,,,1,True,87.477,Albert Park,0
TSU,20.0,MEDIUM,13.0,2.0,0 days 00:01:27.537000,,,1,True,87.537,Albert Park,0
TSU,21.0,MEDIUM,14.0,2.0,0 days 00:01:27.443000,,,1,True,87.443,Albert Park,0
TSU,22.0,MEDIUM,15.0,2.0,0 days 00:01:27.427000,,,1,True,87.427,Albert Park,0
TSU,23.0,MEDIUM,16.0,2.0,0 days 00:01:27.402000,,,1,True,87.402,Albert Park,0
TSU,24.0,MEDIUM,17.0,2.0,0 days 00:01:27.543000,,,1,True,87.543,Albert Park,0
TSU,25.0,MEDIUM,18.0,2.0,0 days 00:01:27.666000,,,1,True,87.666,Albert Park,0
TSU,26.0,MEDIUM,19.0,2.0,0 days 00:01:27.299000,,,1,True,87.299,Albert Park,0
TSU,27.0,MEDIUM,20.0,2.0,0 days 00:01:27.406000,,,1,True,87.406,Albert Park,0
TSU,28.0,MEDIUM,21.0,2.0,0 days 00:01:27.624000,,,1,True,87.624,Albert Park,0
TSU,29.0,MEDIUM,22.0,2.0,0 days 00:01:27.406000,,,1,True,87.406,Albert Park,0
TSU,30.0,MEDIUM,23.0,2.0,0 days 00:01:27.293000,,,1,True,87.293,Albert Park,0
TSU,31.0,MEDIUM,24.0,2.0,0 days 00:01:26.974000,,,1,True,86.974,Albert Park,0
TSU,34.0,HARD,2.0,3.0,0 days 00:01:25.504000,,,1,True,85.504,Albert Park,0
TSU,35.0,HARD,3.0,3.0,0 days 00:01:25.658000,,,1,True,85.658,Albert Park,0
TSU,36.0,HARD,4.0,3.0,0 days 00:01:25.854000,,,1,True,85.854,Albert Park,0
TSU,37.0,HARD,5.0,3.0,0 days 00:01:26.184000,,,1,True,86.184,Albert Park,0
TSU,38.0,HARD,6.0,3.0,0 days 00:01:25.723000,,,1,True,85.723,Albert Park,0
TSU,39.0,HARD,7.0,3.0,0 days 00:01:25.700000,,,1,True,85.7,Albert Park,0
TSU,40.0,HARD,8.0,3.0,0 days 00:01:25.583000,,,1,True,85.583,Albert Park,0
TSU,41.0,HARD,9.0,3.0,0 days 00:01:25.684000,,,1,True,85.684,Albert Park,0
TSU,42.0,HARD,10.0,3.0,0 days 00:01:25.453000,,,1,True,85.453,Albert Park,0
TSU,43.0,HARD,11.0,3.0,0 days 00:01:25.417000,,,1,True,85.417,Albert Park,0
TSU,44.0,HARD,12.0,3.0,0 days 00:01:25.593000,,,1,True,85.593,Albert Park,0
TSU,45.0,HARD,13.0,3.0,0 days 00:01:25.359000,,,1,True,85.359,Albert Park,0
TSU,46.0,HARD,14.0,3.0,0 days 00:01:25.410000,,,1,True,85.41,Albert Park,0
TSU,47.0,HARD,15.0,3.0,0 days 00:01:25.427000,,,1,True,85.427,Albert Park,0
TSU,48.0,HARD,16.0,3.0,0 days 00:01:25.181000,,,1,True,85.181,Albert Park,0
TSU,49.0,HARD,17.0,3.0,0 days 00:01:25.327000,,,1,True,85.327,Albert Park,0
TSU,50.0,HARD,18.0,3.0,0 days 00:01:24.256000,,,1,True,84.256,Albert Park,0
TSU,51.0,HARD,19.0,3.0,0 days 00:01:24.522000,,,1,True,84.522,Albert Park,0
TSU,52.0,HARD,20.0,3.0,0 days 00:01:24.442000,,,1,True,84.442,Albert Park,0
TSU,53.0,HARD,21.0,3.0,0 days 00:01:24.290000,,,1,True,84.29,Albert Park,0
TSU,54.0,HARD,22.0,3.0,0 days 00:01:24.144000,,,1,True,84.144,Albert Park,0
TSU,55.0,HARD,23.0,3.0,0 days 00:01:24.344000,,,1,True,84.344,Albert Park,0
TSU,56.0,HARD,24.0,3.0,0 days 00:01:24.213000,,,1,True,84.213,Albert Park,0
TSU,57.0,HARD,25.0,3.0,0 days 00:01:24.139000,,,1,True,84.139,Albert Park,0
ALB,2.0,HARD,2.0,1.0,0 days 00:01:29.828000,,,1,True,89.828,Albert Park,0
ALB,3.0,HARD,3.0,1.0,0 days 00:01:28.892000,,,1,True,88.892,Albert Park,0
ALB,4.0,HARD,4.0,1.0,0 days 00:01:28.916000,,,1,True,88.916,Albert Park,0
ALB,5.0,HARD,5.0,1.0,0 days 00:01:28.583000,,,1,True,88.583,Albert Park,0
ALB,6.0,HARD,6.0,1.0,0 days 00:01:28.381000,,,1,True,88.381,Albert Park,0
ALB,11.0,MEDIUM,4.0,2.0,0 days 00:01:28.247000,,,1,True,88.247,Albert Park,0
ALB,12.0,MEDIUM,5.0,2.0,0 days 00:01:28.305000,,,1,True,88.305,Albert Park,0
ALB,13.0,MEDIUM,6.0,2.0,0 days 00:01:28.153000,,,1,True,88.153,Albert Park,0
ALB,14.0,MEDIUM,7.0,2.0,0 days 00:01:27.671000,,,1,True,87.671,Albert Park,0
ALB,15.0,MEDIUM,8.0,2.0,0 days 00:01:27.841000,,,1,True,87.841,Albert Park,0
ALB,16.0,MEDIUM,9.0,2.0,0 days 00:01:27.648000,,,1,True,87.648,Albert Park,0
ALB,17.0,MEDIUM,10.0,2.0,0 days 00:01:27.683000,,,1,True,87.683,Albert Park,0
ALB,18.0,MEDIUM,11.0,2.0,0 days 00:01:27.609000,,,1,True,87.609,Albert Park,0
ALB,19.0,MEDIUM,12.0,2.0,0 days 00:01:27.552000,,,1,True,87.552,Albert Park,0
ALB,20.0,MEDIUM,13.0,2.0,0 days 00:01:27.586000,,,1,True,87.586,Albert Park,0
ALB,21.0,MEDIUM,14.0,2.0,0 days 00:01:27.617000,,,1,True,87.617,Albert Park,0
ALB,22.0,MEDIUM,15.0,2.0,0 days 00:01:27.740000,,,1,True,87.74,Albert Park,0
ALB,23.0,MEDIUM,16.0,2.0,0 days 00:01:27.570000,,,1,True,87.57,Albert Park,0
ALB,24.0,MEDIUM,17.0,2.0,0 days 00:01:27.534000,,,1,True,87.534,Albert Park,0
ALB,25.0,MEDIUM,18.0,2.0,0 days 00:01:27.380000,,,1,True,87.38,Albert Park,0
ALB,26.0,MEDIUM,19.0,2.0,0 days 00:01:27.431000,,,1,True,87.431,Albert Park,0
ALB,27.0,MEDIUM,20.0,2.0,0 days 00:01:27.343000,,,1,True,87.343,Albert Park,0
ALB,28.0,MEDIUM,21.0,2.0,0 days 00:01:27.511000,,,1,True,87.511,Albert Park,0
ALB,29.0,MEDIUM,22.0,2.0,0 days 00:01:27.410000,,,1,True,87.41,Albert Park,0
ALB,30.0,MEDIUM,23.0,2.0,0 days 00:01:27.373000,,,1,True,87.373,Albert Park,0
ALB,31.0,MEDIUM,24.0,2.0,0 days 00:01:27.123000,,,1,True,87.123,Albert Park,0
ALB,34.0,MEDIUM,2.0,3.0,0 days 00:01:25.421000,,,1,True,85.421,Albert Park,0
ALB,35.0,MEDIUM,3.0,3.0,0 days 00:01:25.658000,,,1,True,85.658,Albert Park,0
ALB,36.0,MEDIUM,4.0,3.0,0 days 00:01:25.891000,,,1,True,85.891,Albert Park,0
ALB,37.0,MEDIUM,5.0,3.0,0 days 00:01:26.097000,,,1,True,86.097,Albert Park,0
ALB,38.0,MEDIUM,6.0,3.0,0 days 00:01:25.841000,,,1,True,85.841,Albert Park,0
ALB,39.0,MEDIUM,7.0,3.0,0 days 00:01:25.943000,,,1,True,85.943,Albert Park,0
ALB,40.0,MEDIUM,8.0,3.0,0 days 00:01:25.875000,,,1,True,85.875,Albert Park,0
ALB,41.0,MEDIUM,9.0,3.0,0 days 00:01:25.757000,,,1,True,85.757,Albert Park,0
ALB,42.0,MEDIUM,10.0,3.0,0 days 00:01:25.610000,,,1,True,85.61,Albert Park,0
ALB,43.0,MEDIUM,11.0,3.0,0 days 00:01:25.617000,,,1,True,85.617,Albert Park,0
ALB,44.0,MEDIUM,12.0,3.0,0 days 00:01:25.582000,,,1,True,85.582,Albert Park,0
ALB,45.0,MEDIUM,13.0,3.0,0 days 00:01:25.427000,,,1,True,85.427,Albert Park,0
ALB,46.0,MEDIUM,14.0,3.0,0 days 00:01:25.680000,,,1,True,85.68,Albert Park,0
ALB,47.0,MEDIUM,15.0,3.0,0 days 00:01:25.236000,,,1,True,85.236,Albert Park,0
ALB,48.0,MEDIUM,16.0,3.0,0 days 00:01:25.328000,,,1,True,85.328,Albert Park,0
ALB,49.0,MEDIUM,17.0,3.0,0 days 00:01:25.184000,,,1,True,85.184,Albert Park,0
ALB,50.0,MEDIUM,18.0,3.0,0 days 00:01:25.030000,,,1,True,85.03,Albert Park,0
ALB,51.0,MEDIUM,19.0,3.0,0 days 00:01:24.792000,,,1,True,84.792,Albert Park,0
ALB,52.0,MEDIUM,20.0,3.0,0 days 00:01:24.866000,,,1,True,84.866,Albert Park,0
ALB,53.0,MEDIUM,21.0,3.0,0 days 00:01:24.593000,,,1,True,84.593,Albert Park,0
ALB,54.0,MEDIUM,22.0,3.0,0 days 00:01:24.584000,,,1,True,84.584,Albert Park,0
ALB,55.0,MEDIUM,23.0,3.0,0 days 00:01:24.704000,,,1,True,84.704,Albert Park,0
ALB,56.0,MEDIUM,24.0,3.0,0 days 00:01:24.412000,,,1,True,84.412,Albert Park,0
ALB,57.0,MEDIUM,25.0,3.0,0 days 00:01:24.261000,,,1,True,84.261,Albert Park,0
HUL,2.0,SOFT,2.0,1.0,0 days 00:01:28.911000,,,1,True,88.911,Albert Park,0
HUL,3.0,SOFT,3.0,1.0,0 days 00:01:28.362000,,,1,True,88.362,Albert Park,0
HUL,4.0,SOFT,4.0,1.0,0 days 00:01:28.402000,,,1,True,88.402,Albert Park,0
HUL,5.0,SOFT,5.0,1.0,0 days 00:01:28.139000,,,1,True,88.139,Albert Park,0
HUL,6.0,SOFT,6.0,1.0,0 days 00:01:28.206000,,,1,True,88.206,Albert Park,0
LAW,2.0,MEDIUM,2.0,1.0,0 days 00:01:29.343000,,,1,True,89.343,Albert Park,0
LAW,3.0,MEDIUM,3.0,1.0,0 days 00:01:28.929000,,,1,True,88.929,Albert Park,0
LAW,4.0,MEDIUM,4.0,1.0,0 days 00:01:28.650000,,,1,True,88.65,Albert Park,0
LAW,5.0,MEDIUM,5.0,1.0,0 days 00:01:28.424000,,,1,True,88.424,Albert Park,0
LAW,6.0,MEDIUM,6.0,1.0,0 days 00:01:28.006000,,,1,True,88.006,Albert Park,0
LAW,11.0,MEDIUM,4.0,2.0,0 days 00:01:28.204000,,,1,True,88.204,Albert Park,0
LAW,12.0,MEDIUM,5.0,2.0,0 days 00:01:28.190000,,,1,True,88.19,Albert Park,0
LAW,13.0,MEDIUM,6.0,2.0,0 days 00:01:27.641000,,,1,True,87.641,Albert Park,0
LAW,14.0,MEDIUM,7.0,2.0,0 days 00:01:27.821000,,,1,True,87.821,Albert Park,0
LAW,15.0,MEDIUM,8.0,2.0,0 days 00:01:27.788000,,,1,True,87.788,Albert Park,0
LAW,16.0,MEDIUM,9.0,2.0,0 days 00:01:27.629000,,,1,True,87.629,Albert Park,0
LAW,17.0,MEDIUM,10.0,2.0,0 days 00:01:27.598000,,,1,True,87.598,Albert Park,0
LAW,18.0,MEDIUM,11.0,2.0,0 days 00:01:27.597000,,,1,True,87.597,Albert Park,0
LAW,19.0,MEDIUM,12.0,2.0,0 days 00:01:27.545000,,,1,True,87.545,Albert Park,0
LAW,20.0,MEDIUM,13.0,2.0,0 days 00:01:27.374000,,,1,True,87.374,Albert Park,0
LAW,21.0,MEDIUM,14.0,2.0,0 days 00:01:27.355000,,,1,True,87.355,Albert Park,0
LAW,22.0,MEDIUM,15.0,2.0,0 days 00:01:27.470000,,,1,True,87.47,Albert Park,0
LAW,23.0,MEDIUM,16.0,2.0,0 days 00:01:27.610000,,,1,True,87.61,Albert Park,0
LAW,24.0,MEDIUM,17.0,2.0,0 days 00:01:27.312000,,,1,True,87.312,Albert Park,0
LAW,25.0,MEDIUM,18.0,2.0,0 days 00:01:27.297000,,,1,True,87.297,Albert Park,0
LAW,26.0,MEDIUM,19.0,2.0,0 days 00:01:27.208000,,,1,True,87.208,Albert Park,0
LAW,27.0,MEDIUM,20.0,2.0,0 days 00:01:27.592000,,,1,True,87.592,Albert Park,0
LAW,28.0,MEDIUM,21.0,2.0,0 days 00:01:27.477000,,,1,True,87.477,Albert Park,0
LAW,29.0,MEDIUM,22.0,2.0,0 days 00:01:27.602000,,,1,True,87.602,Albert Park,0
LAW,30.0,MEDIUM,23.0,2.0,0 days 00:01:27.007000,,,1,True,87.007,Albert Park,0
LAW,31.0,MEDIUM,24.0,2.0,0 days 00:01:26.816000,,,1,True,86.816,Albert Park,0
LAW,34.0,HARD,2.0,3.0,0 days 00:01:25.593000,,,1,True,85.593,Albert Park,0
LAW,35.0,HARD,3.0,3.0,0 days 00:01:25.509000,,,1,True,85.509,Albert Park,0
LAW,36.0,HARD,4.0,3.0,0 days 00:01:26.364000,,,1,True,86.364,Albert Park,0
LAW,37.0,HARD,5.0,3.0,0 days 00:01:25.996000,,,1,True,85.996,Albert Park,0
LAW,38.0,HARD,6.0,3.0,0 days 00:01:25.624000,,,1,True,85.624,Albert Park,0
LAW,39.0,HARD,7.0,3.0,0 days 00:01:25.618000,,,1,True,85.618,Albert Park,0
LAW,40.0,HARD,8.0,3.0,0 days 00:01:25.509000,,,1,True,85.509,Albert Park,0
LAW,41.0,HARD,9.0,3.0,0 days 00:01:25.653000,,,1,True,85.653,Albert Park,0
LAW,42.0,HARD,10.0,3.0,0 days 00:01:25.631000,,,1,True,85.631,Albert Park,0
LAW,43.0,HARD,11.0,3.0,0 days 00:01:25.468000,,,1,True,85.468,Albert Park,0
LAW,44.0,HARD,12.0,3.0,0 days 00:01:25.377000,,,1,True,85.377,Albert Park,0
LAW,45.0,HARD,13.0,3.0,0 days 00:01:25.538000,,,1,True,85.538,Albert Park,0
LAW,46.0,HARD,14.0,3.0,0 days 00:01:25.304000,,,1,True,85.304,Albert Park,0
LAW,47.0,HARD,15.0,3.0,0 days 00:01:25.463000,,,1,True,85.463,Albert Park,0
LAW,48.0,HARD,16.0,3.0,0 days 00:01:25.305000,,,1,True,85.305,Albert Park,0
LAW,49.0,HARD,17.0,3.0,0 days 00:01:25.396000,,,1,True,85.396,Albert Park,0
LAW,50.0,HARD,18.0,3.0,0 days 00:01:24.149000,,,1,True,84.149,Albert Park,0
LAW,51.0,HARD,19.0,3.0,0 days 00:01:24.301000,,,1,True,84.301,Albert Park,0
LAW,52.0,HARD,20.0,3.0,0 days 00:01:24.128000,,,1,True,84.128,Albert Park,0
LAW,53.0,HARD,21.0,3.0,0 days 00:01:24.130000,,,1,True,84.13,Albert Park,0
LAW,54.0,HARD,22.0,3.0,0 days 00:01:23.971000,,,1,True,83.971,Albert Park,0
LAW,55.0,HARD,23.0,3.0,0 days 00:01:24.405000,,,1,True,84.405,Albert Park,0
LAW,56.0,HARD,24.0,3.0,0 days 00:01:24.376000,,,1,True,84.376,Albert Park,0
LAW,57.0,HARD,25.0,3.0,0 days 00:01:24.055000,,,1,True,84.055,Albert Park,0
OCO,2.0,MEDIUM,2.0,1.0,0 days 00:01:29.487000,,,1,True,89.487,Albert Park,0
OCO,3.0,MEDIUM,3.0,1.0,0 days 00:01:29.039000,,,1,True,89.039,Albert Park,0
OCO,4.0,MEDIUM,4.0,1.0,0 days 00:01:28.848000,,,1,True,88.848,Albert Park,0
OCO,5.0,MEDIUM,5.0,1.0,0 days 00:01:28.403000,,,1,True,88.403,Albert Park,0
OCO,6.0,MEDIUM,6.0,1.0,0 days 00:01:28.328000,,,1,True,88.328,Albert Park,0
OCO,11.0,MEDIUM,2.0,3.0,0 days 00:01:29.116000,,,1,True,89.116,Albert Park,0
OCO,12.0,MEDIUM,3.0,3.0,0 days 00:01:28.714000,,,1,True,88.714,Albert Park,0
OCO,13.0,MEDIUM,4.0,3.0,0 days 00:01:28.431000,,,1,True,88.431,Albert Park,0
OCO,14.0,MEDIUM,5.0,3.0,0 days 00:01:28.255000,,,1,True,88.255,Albert Park,0
OCO,15.0,MEDIUM,6.0,3.0,0 days 00:01:28.069000,,,1,True,88.069,Albert Park,0
OCO,16.0,MEDIUM,7.0,3.0,0 days 00:01:27.951000,,,1,True,87.951,Albert Park,0
OCO,17.0,MEDIUM,8.0,3.0,0 days 00:01:27.406000,,,1,True,87.406,Albert Park,0
OCO,18.0,MEDIUM,9.0,3.0,0 days 00:01:28.126000,,,1,True,88.126,Albert Park,0
OCO,19.0,MEDIUM,10.0,3.0,0 days 00:01:27.855000,,,1,True,87.855,Albert Park,0
OCO,20.0,MEDIUM,11.0,3.0,0 days 00:01:27.451000,,,1,True,87.451,Albert Park,0
OCO,21.0,MEDIUM,12.0,3.0,0 days 00:01:27.532000,,,1,True,87.532,Albert Park,0
OCO,22.0,MEDIUM,13.0,3.0,0 days 00:01:27.777000,,,1,True,87.777,Albert Park,0
OCO,23.0,MEDIUM,14.0,3.0,0 days 00:01:27.716000,,,1,True,87.716,Albert Park,0
OCO,24.0,MEDIUM,15.0,3.0,0 days 00:01:27.776000,,,1,True,87.776,Albert Park,0
OCO,25.0,MEDIUM,16.0,3.0,0 days 00:01:27.325000,,,1,True,87.325,Albert Park,0
OCO,26.0,MEDIUM,17.0,3.0,0 days 00:01:28.155000,,,1,True,88.155,Albert Park,0
OCO,27.0,MEDIUM,18.0,3.0,0 days 00:01:27.791000,,,1,True,87.791,Albert Park,0
OCO,28.0,MEDIUM,19.0,3.0,0 days 00:01:27.516000,,,1,True,87.516,Albert Park,0
OCO,29.0,MEDIUM,20.0,3.0,0 days 00:01:27.317000,,,1,True,87.317,Albert Park,0
OCO,30.0,MEDIUM,21.0,3.0,0 days 00:01:27.584000,,,1,True,87.584,Albert Park,0
OCO,31.0,MEDIUM,22.0,3.0,0 days 00:01:27.513000,,,1,True,87.513,Albert Park,0
OCO,32.0,MEDIUM,23.0,3.0,0 days 00:01:27.143000,,,1,True,87.143,Albert Park,0
OCO,33.0,MEDIUM,24.0,3.0,0 days 00:01:27.422000,,,1,True,87.422,Albert Park,0
OCO,36.0,HARD,3.0,4.0,0 days 00:01:25.056000,,,1,True,85.056,Albert Park,0
OCO,37.0,HARD,4.0,4.0,0 days 00:01:25.570000,,,1,True,85.57,Albert Park,0
OCO,38.0,HARD,5.0,4.0,0 days 00:01:25.544000,,,1,True,85.544,Albert Park,0
OCO,39.0,HARD,6.0,4.0,0 days 00:01:25.548000,,,1,True,85.548,Albert Park,0
OCO,40.0,HARD,7.0,4.0,0 days 00:01:25.542000,,,1,True,85.542,Albert Park,0
OCO,41.0,HARD,8.0,4.0,0 days 00:01:25.897000,,,1,True,85.897,Albert Park,0
OCO,42.0,HARD,9.0,4.0,0 days 00:01:25.865000,,,1,True,85.865,Albert Park,0
OCO,43.0,HARD,10.0,4.0,0 days 00:01:25.799000,,,1,True,85.799,Albert Park,0
OCO,44.0,HARD,11.0,4.0,0 days 00:01:26.125000,,,1,True,86.125,Albert Park,0
OCO,45.0,HARD,12.0,4.0,0 days 00:01:25.937000,,,1,True,85.937,Albert Park,0
OCO,46.0,HARD,13.0,4.0,0 days 00:01:25.761000,,,1,True,85.761,Albert Park,0
OCO,47.0,HARD,14.0,4.0,0 days 00:01:26.018000,,,1,True,86.018,Albert Park,0
OCO,48.0,HARD,15.0,4.0,0 days 00:01:25.761000,,,1,True,85.761,Albert Park,0
OCO,49.0,HARD,16.0,4.0,0 days 00:01:25.633000,,,1,True,85.633,Albert Park,0
OCO,50.0,HARD,17.0,4.0,0 days 00:01:25.667000,,,1,True,85.667,Albert Park,0
OCO,51.0,HARD,18.0,4.0,0 days 00:01:25.765000,,,1,True,85.765,Albert Park,0
OCO,52.0,HARD,19.0,4.0,0 days 00:01:25.799000,,,1,True,85.799,Albert Park,0
OCO,53.0,HARD,20.0,4.0,0 days 00:01:25.981000,,,1,True,85.981,Albert Park,0
OCO,54.0,HARD,21.0,4.0,0 days 00:01:26.971000,,,1,True,86.971,Albert Park,0
OCO,55.0,HARD,22.0,4.0,0 days 00:01:26.318000,,,1,True,86.318,Albert Park,0
OCO,56.0,HARD,23.0,4.0,0 days 00:01:26.001000,,,1,True,86.001,Albert Park,0
NOR,2.0,MEDIUM,2.0,1.0,0 days 00:01:27.713000,,,1,True,87.713,Albert Park,0
NOR,3.0,MEDIUM,3.0,1.0,0 days 00:01:27.673000,,,1,True,87.673,Albert Park,0
NOR,4.0,MEDIUM,4.0,1.0,0 days 00:01:27.505000,,,1,True,87.505,Albert Park,0
NOR,5.0,MEDIUM,5.0,1.0,0 days 00:01:26.946000,,,1,True,86.946,Albert Park,0
NOR,6.0,MEDIUM,6.0,1.0,0 days 00:01:26.957000,,,1,True,86.957,Albert Park,0
NOR,11.0,MEDIUM,11.0,1.0,0 days 00:01:25.639000,,,1,True,85.639,Albert Park,0
NOR,12.0,MEDIUM,12.0,1.0,0 days 00:01:25.615000,,,1,True,85.615,Albert Park,0
NOR,13.0,MEDIUM,13.0,1.0,0 days 00:01:25.702000,,,1,True,85.702,Albert Park,0
NOR,14.0,MEDIUM,14.0,1.0,0 days 00:01:25.843000,,,1,True,85.843,Albert Park,0
NOR,15.0,MEDIUM,15.0,1.0,0 days 00:01:25.786000,,,1,True,85.786,Albert Park,0
NOR,16.0,MEDIUM,16.0,1.0,0 days 00:01:25.940000,,,1,True,85.94,Albert Park,0
NOR,17.0,MEDIUM,17.0,1.0,0 days 00:01:26.043000,,,1,True,86.043,Albert Park,0
NOR,18.0,MEDIUM,18.0,1.0,0 days 00:01:25.935000,,,1,True,85.935,Albert Park,0
NOR,19.0,MEDIUM,19.0,1.0,0 days 00:01:25.797000,,,1,True,85.797,Albert Park,0
NOR,20.0,MEDIUM,20.0,1.0,0 days 00:01:25.903000,,,1,True,85.903,Albert Park,0
NOR,21.0,MEDIUM,21.0,1.0,0 days 00:01:25.853000,,,1,True,85.853,Albert Park,0
NOR,22.0,MEDIUM,22.0,1.0,0 days 00:01:26.161000,,,1,True,86.161,Albert Park,0
NOR,23.0,MEDIUM,23.0,1.0,0 days 00:01:25.953000,,,1,True,85.953,Albert Park,0
NOR,24.0,MEDIUM,24.0,1.0,0 days 00:01:25.970000,,,1,True,85.97,Albert Park,0
NOR,27.0,MEDIUM,2.0,2.0,0 days 00:01:25.304000,,,1,True,85.304,Albert Park,0
NOR,28.0,MEDIUM,3.0,2.0,0 days 00:01:25.065000,,,1,True,85.065,Albert Park,0
NOR,29.0,MEDIUM,4.0,2.0,0 days 00:01:25.020000,,,1,True,85.02,Albert Park,0
NOR,30.0,MEDIUM,5.0,2.0,0 days 00:01:25.167000,,,1,True,85.167,Albert Park,0
NOR,31.0,MEDIUM,6.0,2.0,0 days 00:01:25.786000,,,1,True,85.786,Albert Park,0
NOR,32.0,MEDIUM,7.0,2.0,0 days 00:01:26.505000,,,1,True,86.505,Albert Park,0
NOR,33.0,MEDIUM,8.0,2.0,0 days 00:01:24.607000,,,1,True,84.607,Albert Park,0
NOR,34.0,MEDIUM,9.0,2.0,0 days 00:01:24.704000,,,1,True,84.704,Albert Park,0
NOR,35.0,MEDIUM,10.0,2.0,0 days 00:01:24.631000,,,1,True,84.631,Albert Park,0
NOR,36.0,MEDIUM,11.0,2.0,0 days 00:01:25.746000,,,1,True,85.746,Albert Park,0
NOR,37.0,MEDIUM,12.0,2.0,0 days 00:01:24.981000,,,1,True,84.981,Albert Park,0
NOR,38.0,MEDIUM,13.0,2.0,0 days 00:01:24.913000,,,1,True,84.913,Albert Park,0
NOR,39.0,MEDIUM,14.0,2.0,0 days 00:01:24.894000,,,1,True,84.894,Albert Park,0
NOR,40.0,MEDIUM,15.0,2.0,0 days 00:01:24.924000,,,1,True,84.924,Albert Park,0
NOR,41.0,MEDIUM,16.0,2.0,0 days 00:01:25.045000,,,1,True,85.045,Albert Park,0
NOR,42.0,MEDIUM,17.0,2.0,0 days 00:01:24.991000,,,1,True,84.991,Albert Park,0
NOR,43.0,MEDIUM,18.0,2.0,0 days 00:01:24.821000,,,1,True,84.821,Albert Park,0
NOR,46.0,HARD,2.0,3.0,0 days 00:01:23.633000,,,1,True,83.633,Albert Park,0
NOR,47.0,HARD,3.0,3.0,0 days 00:01:23.197000,,,1,True,83.197,Albert Park,0
NOR,48.0,HARD,4.0,3.0,0 days 00:01:23.305000,,,1,True,83.305,Albert Park,0
NOR,49.0,HARD,5.0,3.0,0 days 00:01:23.674000,,,1,True,83.674,Albert Park,0
NOR,50.0,HARD,6.0,3.0,0 days 00:01:24.137000,,,1,True,84.137,Albert Park,0
NOR,51.0,HARD,7.0,3.0,0 days 00:01:24.127000,,,1,True,84.127,Albert Park,0
NOR,52.0,HARD,8.0,3.0,0 days 00:01:24.141000,,,1,True,84.141,Albert Park,0
NOR,53.0,HARD,9.0,3.0,0 days 00:01:23.983000,,,1,True,83.983,Albert Park,0
NOR,54.0,HARD,10.0,3.0,0 days 00:01:24.073000,,,1,True,84.073,Albert Park,0
NOR,55.0,HARD,11.0,3.0,0 days 00:01:23.915000,,,1,True,83.915,Albert Park,0
NOR,56.0,HARD,12.0,3.0,0 days 00:01:23.925000,,,1,True,83.925,Albert Park,0
NOR,57.0,HARD,13.0,3.0,0 days 00:01:23.499000,,,1,True,83.499,Albert Park,0
COL,2.0,HARD,2.0,1.0,0 days 00:01:30.394000,,,1,True,90.394,Albert Park,0
COL,3.0,HARD,3.0,1.0,0 days 00:01:28.683000,,,1,True,88.683,Albert Park,0
COL,4.0,HARD,4.0,1.0,0 days 00:01:28.758000,,,1,True,88.758,Albert Park,0
COL,5.0,HARD,5.0,1.0,0 days 00:01:28.890000,,,1,True,88.89,Albert Park,0
COL,6.0,HARD,6.0,1.0,0 days 00:01:28.866000,,,1,True,88.866,Albert Park,0
COL,11.0,MEDIUM,4.0,2.0,0 days 00:01:29.282000,,,1,True,89.282,Albert Park,0
COL,12.0,MEDIUM,5.0,2.0,0 days 00:01:28.550000,,,1,True,88.55,Albert Park,0
COL,13.0,MEDIUM,6.0,2.0,0 days 00:01:28.380000,,,1,True,88.38,Albert Park,0
COL,14.0,MEDIUM,7.0,2.0,0 days 00:01:28.167000,,,1,True,88.167,Albert Park,0
COL,15.0,MEDIUM,8.0,2.0,0 days 00:01:28.027000,,,1,True,88.027,Albert Park,0
COL,16.0,MEDIUM,9.0,2.0,0 days 00:01:27.879000,,,1,True,87.879,Albert Park,0
COL,17.0,MEDIUM,10.0,2.0,0 days 00:01:27.746000,,,1,True,87.746,Albert Park,0
COL,18.0,MEDIUM,11.0,2.0,0 days 00:01:27.691000,,,1,True,87.691,Albert Park,0
COL,19.0,MEDIUM,12.0,2.0,0 days 00:01:27.825000,,,1,True,87.825,Albert Park,0
COL,20.0,MEDIUM,13.0,2.0,0 days 00:01:27.646000,,,1,True,87.646,Albert Park,0
COL,21.0,MEDIUM,14.0,2.0,0 days 00:01:27.590000,,,1,True,87.59,Albert Park,0
COL,22.0,MEDIUM,15.0,2.0,0 days 00:01:27.612000,,,1,True,87.612,Albert Park,0
COL,23.0,MEDIUM,16.0,2.0,0 days 00:01:27.777000,,,1,True,87.777,Albert Park,0
COL,24.0,MEDIUM,17.0,2.0,0 days 00:01:27.705000,,,1,True,87.705,Albert Park,0
COL,25.0,MEDIUM,18.0,2.0,0 days 00:01:27.420000,,,1,True,87.42,Albert Park,0
COL,26.0,MEDIUM,19.0,2.0,0 days 00:01:28.413000,,,1,True,88.413,Albert Park,0
COL,27.0,MEDIUM,20.0,2.0,0 days 00:01:27.396000,,,1,True,87.396,Albert Park,0
COL,28.0,MEDIUM,21.0,2.0,0 days 00:01:27.402000,,,1,True,87.402,Albert Park,0
COL,29.0,MEDIUM,22.0,2.0,0 days 00:01:27.398000,,,1,True,87.398,Albert Park,0
COL,30.0,MEDIUM,23.0,2.0,0 days 00:01:27.358000,,,1,True,87.358,Albert Park,0
COL,31.0,MEDIUM,24.0,2.0,0 days 00:01:27.257000,,,1,True,87.257,Albert Park,0
COL,34.0,MEDIUM,2.0,3.0,0 days 00:01:25.825000,,,1,True,85.825,Albert Park,0
COL,35.0,MEDIUM,3.0,3.0,0 days 00:01:26.502000,,,1,True,86.502,Albert Park,0
COL,36.0,MEDIUM,4.0,3.0,0 days 00:01:25.831000,,,1,True,85.831,Albert Park,0
COL,37.0,MEDIUM,5.0,3.0,0 days 00:01:25.745000,,,1,True,85.745,Albert Park,0
COL,38.0,MEDIUM,6.0,3.0,0 days 00:01:25.899000,,,1,True,85.899,Albert Park,0
COL,39.0,MEDIUM,7.0,3.0,0 days 00:01:25.948000,,,1,True,85.948,Albert Park,0
COL,40.0,MEDIUM,8.0,3.0,0 days 00:01:26.153000,,,1,True,86.153,Albert Park,0
COL,41.0,MEDIUM,9.0,3.0,0 days 00:01:26.201000,,,1,True,86.201,Albert Park,0
COL,42.0,MEDIUM,10.0,3.0,0 days 00:01:25.855000,,,1,True,85.855,Albert Park,0
COL,43.0,MEDIUM,11.0,3.0,0 days 00:01:25.797000,,,1,True,85.797,Albert Park,0
COL,44.0,MEDIUM,12.0,3.0,0 days 00:01:26.349000,,,1,True,86.349,Albert Park,0
COL,45.0,MEDIUM,13.0,3.0,0 days 00:01:25.865000,,,1,True,85.865,Albert Park,0
COL,46.0,MEDIUM,14.0,3.0,0 days 00:01:25.892000,,,1,True,85.892,Albert Park,0
COL,47.0,MEDIUM,15.0,3.0,0 days 00:01:25.985000,,,1,True,85.985,Albert Park,0
COL,48.0,MEDIUM,16.0,3.0,0 days 00:01:25.839000,,,1,True,85.839,Albert Park,0
COL,49.0,MEDIUM,17.0,3.0,0 days 00:01:25.726000,,,1,True,85.726,Albert Park,0
COL,50.0,MEDIUM,18.0,3.0,0 days 00:01:25.683000,,,1,True,85.683,Albert Park,0
COL,51.0,MEDIUM,19.0,3.0,0 days 00:01:25.771000,,,1,True,85.771,Albert Park,0
COL,52.0,MEDIUM,20.0,3.0,0 days 00:01:25.644000,,,1,True,85.644,Albert Park,0
COL,53.0,MEDIUM,21.0,3.0,0 days 00:01:25.967000,,,1,True,85.967,Albert Park,0
COL,54.0,MEDIUM,22.0,3.0,0 days 00:01:25.911000,,,1,True,85.911,Albert Park,0
COL,55.0,MEDIUM,23.0,3.0,0 days 00:01:27.422000,,,1,True,87.422,Albert Park,0
COL,56.0,MEDIUM,24.0,3.0,0 days 00:01:25.976000,,,1,True,85.976,Albert Park,0
HAM,2.0,SOFT,2.0,1.0,0 days 00:01:29.410000,,,1,True,89.41,Albert Park,0
HAM,3.0,SOFT,3.0,1.0,0 days 00:01:28.899000,,,1,True,88.899,Albert Park,0
HAM,4.0,SOFT,4.0,1.0,0 days 00:01:29.014000,,,1,True,89.014,Albert Park,0
HAM,5.0,SOFT,5.0,1.0,0 days 00:01:28.266000,,,1,True,88.266,Albert Park,0
HAM,6.0,SOFT,6.0,1.0,0 days 00:01:28.272000,,,1,True,88.272,Albert Park,0
HAM,11.0,MEDIUM,4.0,2.0,0 days 00:01:29.006000,,,1,True,89.006,Albert Park,0
HAM,12.0,MEDIUM,5.0,2.0,0 days 00:01:28.151000,,,1,True,88.151,Albert Park,0
HAM,13.0,MEDIUM,6.0,2.0,0 days 00:01:28.182000,,,1,True,88.182,Albert Park,0
HAM,14.0,MEDIUM,7.0,2.0,0 days 00:01:27.740000,,,1,True,87.74,Albert Park,0
HAM,15.0,MEDIUM,8.0,2.0,0 days 00:01:27.822000,,,1,True,87.822,Albert Park,0
HAM,16.0,MEDIUM,9.0,2.0,0 days 00:01:27.646000,,,1,True,87.646,Albert Park,0
HAM,17.0,MEDIUM,10.0,2.0,0 days 00:01:27.695000,,,1,True,87.695,Albert Park,0
HAM,18.0,MEDIUM,11.0,2.0,0 days 00:01:27.764000,,,1,True,87.764,Albert Park,0
HAM,19.0,MEDIUM,12.0,2.0,0 days 00:01:27.552000,,,1,True,87.552,Albert Park,0
HAM,20.0,MEDIUM,13.0,2.0,0 days 00:01:27.676000,,,1,True,87.676,Albert Park,0
HAM,21.0,MEDIUM,14.0,2.0,0 days 00:01:27.574000,,,1,True,87.574,Albert Park,0
HAM,22.0,MEDIUM,15.0,2.0,0 days 00:01:27.813000,,,1,True,87.813,Albert Park,0
HAM,23.0,MEDIUM,16.0,2.0,0 days 00:01:27.733000,,,1,True,87.733,Albert Park,0
HAM,24.0,MEDIUM,17.0,2.0,0 days 00:01:27.708000,,,1,True,87.708,Albert Park,0
HAM,25.0,MEDIUM,18.0,2.0,0 days 00:01:27.635000,,,1,True,87.635,Albert Park,0
HAM,26.0,MEDIUM,19.0,2.0,0 days 00:01:27.375000,,,1,True,87.375,Albert Park,0
HAM,27.0,MEDIUM,20.0,2.0,0 days 00:01:27.160000,,,1,True,87.16,Albert Park,0
HAM,28.0,MEDIUM,21.0,2.0,0 days 00:01:27.449000,,,1,True,87.449,Albert Park,0
HAM,29.0,MEDIUM,22.0,2.0,0 days 00:01:27.282000,,,1,True,87.282,Albert Park,0
HAM,30.0,MEDIUM,23.0,2.0,0 days 00:01:27.189000,,,1,True,87.189,Albert Park,0
HAM,31.0,MEDIUM,24.0,2.0,0 days 00:01:27.098000,,,1,True,87.098,Albert Park,0
HAM,34.0,MEDIUM,2.0,3.0,0 days 00:01:25.368000,,,1,True,85.368,Albert Park,0
HAM,35.0,MEDIUM,3.0,3.0,0 days 00:01:25.827000,,,1,True,85.827,Albert Park,0
HAM,36.0,MEDIUM,4.0,3.0,0 days 00:01:26.203000,,,1,True,86.203,Albert Park,0
HAM,37.0,MEDIUM,5.0,3.0,0 days 00:01:26.073000,,,1,True,86.073,Albert Park,0
HAM,38.0,MEDIUM,6.0,3.0,0 days 00:01:26.105000,,,1,True,86.105,Albert Park,0
HAM,39.0,MEDIUM,7.0,3.0,0 days 00:01:25.856000,,,1,True,85.856,Albert Park,0
HAM,40.0,MEDIUM,8.0,3.0,0 days 00:01:25.837000,,,1,True,85.837,Albert Park,0
HAM,41.0,MEDIUM,9.0,3.0,0 days 00:01:25.815000,,,1,True,85.815,Albert Park,0
HAM,42.0,MEDIUM,10.0,3.0,0 days 00:01:25.552000,,,1,True,85.552,Albert Park,0
HAM,43.0,MEDIUM,11.0,3.0,0 days 00:01:25.986000,,,1,True,85.986,Albert Park,0
HAM,44.0,MEDIUM,12.0,3.0,0 days 00:01:25.845000,,,1,True,85.845,Albert Park,0
HAM,45.0,MEDIUM,13.0,3.0,0 days 00:01:25.520000,,,1,True,85.52,Albert Park,0
HAM,46.0,MEDIUM,14.0,3.0,0 days 00:01:25.677000,,,1,True,85.677,Albert Park,0
HAM,47.0,MEDIUM,15.0,3.0,0 days 00:01:25.997000,,,1,True,85.997,Albert Park,0
HAM,48.0,MEDIUM,16.0,3.0,0 days 00:01:25.609000,,,1,True,85.609,Albert Park,0
HAM,49.0,MEDIUM,17.0,3.0,0 days 00:01:25.468000,,,1,True,85.468,Albert Park,0
HAM,50.0,MEDIUM,18.0,3.0,0 days 00:01:25.223000,,,1,True,85.223,Albert Park,0
HAM,51.0,MEDIUM,19.0,3.0,0 days 00:01:25.324000,,,1,True,85.324,Albert Park,0
HAM,52.0,MEDIUM,20.0,3.0,0 days 00:01:24.848000,,,1,True,84.848,Albert Park,0
HAM,53.0,MEDIUM,21.0,3.0,0 days 00:01:25.740000,,,1,True,85.74,Albert Park,0
HAM,54.0,MEDIUM,22.0,3.0,0 days 00:01:25.077000,,,1,True,85.077,Albert Park,0
HAM,55.0,MEDIUM,23.0,3.0,0 days 00:01:26.206000,,,1,True,86.206,Albert Park,0
HAM,56.0,MEDIUM,24.0,3.0,0 days 00:01:26.234000,,,1,True,86.234,Albert Park,0
HAM,57.0,MEDIUM,25.0,3.0,0 days 00:01:25.884000,,,1,True,85.884,Albert Park,0
BOR,2.0,MEDIUM,2.0,1.0,0 days 00:01:29.881000,,,1,True,89.881,Albert Park,0
BOR,3.0,MEDIUM,3.0,1.0,0 days 00:01:28.921000,,,1,True,88.921,Albert Park,0
BOR,4.0,MEDIUM,4.0,1.0,0 days 00:01:28.869000,,,1,True,88.869,Albert Park,0
BOR,5.0,MEDIUM,5.0,1.0,0 days 00:01:28.669000,,,1,True,88.669,Albert Park,0
BOR,6.0,MEDIUM,6.0,1.0,0 days 00:01:28.605000,,,1,True,88.605,Albert Park,0
BOR,11.0,MEDIUM,4.0,2.0,0 days 00:01:28.925000,,,1,True,88.925,Albert Park,0
BOR,12.0,MEDIUM,5.0,2.0,0 days 00:01:28.373000,,,1,True,88.373,Albert Park,0
BOR,13.0,MEDIUM,6.0,2.0,0 days 00:01:28.247000,,,1,True,88.247,Albert Park,0
BOR,14.0,MEDIUM,7.0,2.0,0 days 00:01:27.914000,,,1,True,87.914,Albert Park,0
BOR,15.0,MEDIUM,8.0,2.0,0 days 00:01:27.805000,,,1,True,87.805,Albert Park,0
BOR,16.0,MEDIUM,9.0,2.0,0 days 00:01:27.729000,,,1,True,87.729,Albert Park,0
BOR,17.0,MEDIUM,10.0,2.0,0 days 00:01:27.744000,,,1,True,87.744,Albert Park,0
BOR,18.0,MEDIUM,11.0,2.0,0 days 00:01:27.465000,,,1,True,87.465,Albert Park,0
BOR,19.0,MEDIUM,12.0,2.0,0 days 00:01:27.773000,,,1,True,87.773,Albert Park,0
BOR,20.0,MEDIUM,13.0,2.0,0 days 00:01:27.704000,,,1,True,87.704,Albert Park,0
BOR,21.0,MEDIUM,14.0,2.0,0 days 00:01:27.562000,,,1,True,87.562,Albert Park,0
BOR,22.0,MEDIUM,15.0,2.0,0 days 00:01:27.864000,,,1,True,87.864,Albert Park,0
BOR,23.0,MEDIUM,16.0,2.0,0 days 00:01:27.577000,,,1,True,87.577,Albert Park,0
BOR,24.0,MEDIUM,17.0,2.0,0 days 00:01:28.015000,,,1,True,88.015,Albert Park,0
BOR,25.0,MEDIUM,18.0,2.0,0 days 00:01:27.582000,,,1,True,87.582,Albert Park,0
BOR,26.0,MEDIUM,19.0,2.0,0 days 00:01:27.896000,,,1,True,87.896,Albert Park,0
BOR,27.0,MEDIUM,20.0,2.0,0 days 00:01:27.398000,,,1,True,87.398,Albert Park,0
BOR,28.0,MEDIUM,21.0,2.0,0 days 00:01:27.622000,,,1,True,87.622,Albert Park,0
BOR,29.0,MEDIUM,22.0,2.0,0 days 00:01:27.794000,,,1,True,87.794,Albert Park,0
BOR,30.0,MEDIUM,23.0,2.0,0 days 00:01:27.682000,,,1,True,87.682,Albert Park,0
BOR,31.0,MEDIUM,24.0,2.0,0 days 00:01:27.179000,,,1,True,87.179,Albert Park,0
BOR,34.0,SOFT,2.0,3.0,0 days 00:01:25.591000,,,1,True,85.591,Albert Park,0
BOR,35.0,SOFT,3.0,3.0,0 days 00:01:25.731000,,,1,True,85.731,Albert Park,0
BOR,36.0,SOFT,4.0,3.0,0 days 00:01:25.722000,,,1,True,85.722,Albert Park,0
BOR,37.0,SOFT,5.0,3.0,0 days 00:01:26.228000,,,1,True,86.228,Albert Park,0
BOR,38.0,SOFT,6.0,3.0,0 days 00:01:26.246000,,,1,True,86.246,Albert Park,0
BOR,39.0,SOFT,7.0,3.0,0 days 00:01:26.126000,,,1,True,86.126,Albert Park,0
BOR,40.0,SOFT,8.0,3.0,0 days 00:01:26.028000,,,1,True,86.028,Albert Park,0
BOR,41.0,SOFT,9.0,3.0,0 days 00:01:26.139000,,,1,True,86.139,Albert Park,0
BOR,42.0,SOFT,10.0,3.0,0 days 00:01:25.853000,,,1,True,85.853,Albert Park,0
BOR,43.0,SOFT,11.0,3.0,0 days 00:01:25.946000,,,1,True,85.946,Albert Park,0
BOR,44.0,SOFT,12.0,3.0,0 days 00:01:25.911000,,,1,True,85.911,Albert Park,0
BOR,45.0,SOFT,13.0,3.0,0 days 00:01:25.736000,,,1,True,85.736,Albert Park,0
BOR,46.0,SOFT,14.0,3.0,0 days 00:01:25.676000,,,1,True,85.676,Albert Park,0
BOR,47.0,SOFT,15.0,3.0,0 days 00:01:25.940000,,,1,True,85.94,Albert Park,0
BOR,48.0,SOFT,16.0,3.0,0 days 00:01:25.765000,,,1,True,85.765,Albert Park,0
BOR,49.0,SOFT,17.0,3.0,0 days 00:01:25.815000,,,1,True,85.815,Albert Park,0
BOR,50.0,SOFT,18.0,3.0,0 days 00:01:26.061000,,,1,True,86.061,Albert Park,0
BOR,51.0,SOFT,19.0,3.0,0 days 00:01:26.028000,,,1,True,86.028,Albert Park,0
BOR,52.0,SOFT,20.0,3.0,0 days 00:01:25.980000,,,1,True,85.98,Albert Park,0
BOR,53.0,SOFT,21.0,3.0,0 days 00:01:25.788000,,,1,True,85.788,Albert Park,0
BOR,54.0,SOFT,22.0,3.0,0 days 00:01:25.233000,,,1,True,85.233,Albert Park,0
BOR,55.0,SOFT,23.0,3.0,0 days 00:01:25.673000,,,1,True,85.673,Albert Park,0
BOR,56.0,SOFT,24.0,3.0,0 days 00:01:25.319000,,,1,True,85.319,Albert Park,0
BOR,57.0,SOFT,25.0,3.0,0 days 00:01:26.620000,,,1,True,86.62,Albert Park,0
SAI,2.0,MEDIUM,2.0,1.0,0 days 00:01:28.123000,,,1,True,88.123,Albert Park,0
SAI,3.0,MEDIUM,3.0,1.0,0 days 00:01:28.030000,,,1,True,88.03,Albert Park,0
SAI,4.0,MEDIUM,4.0,1.0,0 days 00:01:27.804000,,,1,True,87.804,Albert Park,0
SAI,5.0,MEDIUM,5.0,1.0,0 days 00:01:27.699000,,,1,True,87.699,Albert Park,0
SAI,6.0,MEDIUM,6.0,1.0,0 days 00:01:27.394000,,,1,True,87.394,Albert Park,0
SAI,11.0,MEDIUM,4.0,2.0,0 days 00:01:27.424000,,,1,True,87.424,Albert Park,0
SAI,12.0,MEDIUM,5.0,2.0,0 days 00:01:26.928000,,,1,True,86.928,Albert Park,0
SAI,13.0,MEDIUM,6.0,2.0,0 days 00:01:26.850000,,,1,True,86.85,Albert Park,0
SAI,14.0,MEDIUM,7.0,2.0,0 days 00:01:26.711000,,,1,True,86.711,Albert Park,0
SAI,15.0,MEDIUM,8.0,2.0,0 days 00:01:26.884000,,,1,True,86.884,Albert Park,0
SAI,16.0,MEDIUM,9.0,2.0,0 days 00:01:26.710000,,,1,True,86.71,Albert Park,0
SAI,17.0,MEDIUM,10.0,2.0,0 days 00:01:26.832000,,,1,True,86.832,Albert Park,0
SAI,18.0,MEDIUM,11.0,2.0,0 days 00:01:26.874000,,,1,True,86.874,Albert Park,0
SAI,19.0,MEDIUM,12.0,2.0,0 days 00:01:26.738000,,,1,True,86.738,Albert Park,0
SAI,20.0,MEDIUM,13.0,2.0,0 days 00:01:26.975000,,,1,True,86.975,Albert Park,0
SAI,21.0,MEDIUM,14.0,2.0,0 days 00:01:26.693000,,,1,True,86.693,Albert Park,0
SAI,22.0,MEDIUM,15.0,2.0,0 days 00:01:26.647000,,,1,True,86.647,Albert Park,0
SAI,23.0,MEDIUM,16.0,2.0,0 days 00:01:26.646000,,,1,True,86.646,Albert Park,0
SAI,24.0,MEDIUM,17.0,2.0,0 days 00:01:26.650000,,,1,True,86.65,Albert Park,0
SAI,25.0,MEDIUM,18.0,2.0,0 days 00:01:26.699000,,,1,True,86.699,Albert Park,0
SAI,26.0,MEDIUM,19.0,2.0,0 days 00:01:26.776000,,,1,True,86.776,Albert Park,0
SAI,27.0,MEDIUM,20.0,2.0,0 days 00:01:26.560000,,,1,True,86.56,Albert Park,0
SAI,28.0,MEDIUM,21.0,2.0,0 days 00:01:26.195000,,,1,True,86.195,Albert Park,0
SAI,29.0,MEDIUM,22.0,2.0,0 days 00:01:26.418000,,,1,True,86.418,Albert Park,0
SAI,30.0,MEDIUM,23.0,2.0,0 days 00:01:26.262000,,,1,True,86.262,Albert Park,0
SAI,31.0,MEDIUM,24.0,2.0,0 days 00:01:26.165000,,,1,True,86.165,Albert Park,0
SAI,34.0,HARD,2.0,3.0,0 days 00:01:25.267000,,,1,True,85.267,Albert Park,0
SAI,35.0,HARD,3.0,3.0,0 days 00:01:25.167000,,,1,True,85.167,Albert Park,0
SAI,36.0,HARD,4.0,3.0,0 days 00:01:24.732000,,,1,True,84.732,Albert Park,0
SAI,37.0,HARD,5.0,3.0,0 days 00:01:24.913000,,,1,True,84.913,Albert Park,0
SAI,38.0,HARD,6.0,3.0,0 days 00:01:24.854000,,,1,True,84.854,Albert Park,0
SAI,39.0,HARD,7.0,3.0,0 days 00:01:24.794000,,,1,True,84.794,Albert Park,0
SAI,40.0,HARD,8.0,3.0,0 days 00:01:24.597000,,,1,True,84.597,Albert Park,0
SAI,41.0,HARD,9.0,3.0,0 days 00:01:24.561000,,,1,True,84.561,Albert Park,0
SAI,42.0,HARD,10.0,3.0,0 days 00:01:24.648000,,,1,True,84.648,Albert Park,0
SAI,43.0,HARD,11.0,3.0,0 days 00:01:24.726000,,,1,True,84.726,Albert Park,0
SAI,44.0,HARD,12.0,3.0,0 days 00:01:24.306000,,,1,True,84.306,Albert Park,0
SAI,45.0,HARD,13.0,3.0,0 days 00:01:24.520000,,,1,True,84.52,Albert Park,0
SAI,46.0,HARD,14.0,3.0,0 days 00:01:24.273000,,,1,True,84.273,Albert Park,0
SAI,47.0,HARD,15.0,3.0,0 days 00:01:24.182000,,,1,True,84.182,Albert Park,0
SAI,48.0,HARD,16.0,3.0,0 days 00:01:23.859000,,,1,True,83.859,Albert Park,0
SAI,49.0,HARD,17.0,3.0,0 days 00:01:23.935000,,,1,True,83.935,Albert Park,0
SAI,50.0,HARD,18.0,3.0,0 days 00:01:24.485000,,,1,True,84.485,Albert Park,0
SAI,51.0,HARD,19.0,3.0,0 days 00:01:24.526000,,,1,True,84.526,Albert Park,0
SAI,52.0,HARD,20.0,3.0,0 days 00:01:24.502000,,,1,True,84.502,Albert Park,0
SAI,53.0,HARD,21.0,3.0,0 days 00:01:24.356000,,,1,True,84.356,Albert Park,0
SAI,54.0,HARD,22.0,3.0,0 days 00:01:24.255000,,,1,True,84.255,Albert Park,0
SAI,55.0,HARD,23.0,3.0,0 days 00:01:24.085000,,,1,True,84.085,Albert Park,0
SAI,56.0,HARD,24.0,3.0,0 days 00:01:24.409000,,,1,True,84.409,Albert Park,0
SAI,57.0,HARD,25.0,3.0,0 days 00:01:24.385000,,,1,True,84.385,Albert Park,0
HAD,2.0,MEDIUM,2.0,1.0,0 days 00:01:28.632000,,,1,True,88.632,Albert Park,0
HAD,3.0,MEDIUM,3.0,1.0,0 days 00:01:28.346000,,,1,True,88.346,Albert Park,0
HAD,4.0,MEDIUM,4.0,1.0,0 days 00:01:28.010000,,,1,True,88.01,Albert Park,0
HAD,5.0,MEDIUM,5.0,1.0,0 days 00:01:28.115000,,,1,True,88.115,Albert Park,0
HAD,6.0,MEDIUM,6.0,1.0,0 days 00:01:27.917000,,,1,True,87.917,Albert Park,0
HAD,11.0,MEDIUM,4.0,2.0,0 days 00:01:27.769000,,,1,True,87.769,Albert Park,0
HAD,12.0,MEDIUM,5.0,2.0,0 days 00:01:27.752000,,,1,True,87.752,Albert Park,0
HAD,13.0,MEDIUM,6.0,2.0,0 days 00:01:27.714000,,,1,True,87.714,Albert Park,0
HAD,14.0,MEDIUM,7.0,2.0,0 days 00:01:27.743000,,,1,True,87.743,Albert Park,0
HAD,15.0,MEDIUM,8.0,2.0,0 days 00:01:27.631000,,,1,True,87.631,Albert Park,0
HAD,16.0,MEDIUM,9.0,2.0,0 days 00:01:27.410000,,,1,True,87.41,Albert Park,0
HAD,17.0,MEDIUM,10.0,2.0,0 days 00:01:27.476000,,,1,True,87.476,Albert Park,0
HAD,18.0,MEDIUM,11.0,2.0,0 days 00:01:27.427000,,,1,True,87.427,Albert Park,0
HAD,19.0,MEDIUM,12.0,2.0,0 days 00:01:27.396000,,,1,True,87.396,Albert Park,0
HAD,20.0,MEDIUM,13.0,2.0,0 days 00:01:27.400000,,,1,True,87.4,Albert Park,0
HAD,21.0,MEDIUM,14.0,2.0,0 days 00:01:27.355000,,,1,True,87.355,Albert Park,0
HAD,22.0,MEDIUM,15.0,2.0,0 days 00:01:27.338000,,,1,True,87.338,Albert Park,0
HAD,23.0,MEDIUM,16.0,2.0,0 days 00:01:27.128000,,,1,True,87.128,Albert Park,0
HAD,24.0,MEDIUM,17.0,2.0,0 days 00:01:27.030000,,,1,True,87.03,Albert Park,0
HAD,25.0,MEDIUM,18.0,2.0,0 days 00:01:27.152000,,,1,True,87.152,Albert Park,0
HAD,26.0,MEDIUM,19.0,2.0,0 days 00:01:27.695000,,,1,True,87.695,Albert Park,0
HAD,27.0,MEDIUM,20.0,2.0,0 days 00:01:26.752000,,,1,True,86.752,Albert Park,0
HAD,28.0,MEDIUM,21.0,2.0,0 days 00:01:26.714000,,,1,True,86.714,Albert Park,0
HAD,29.0,MEDIUM,22.0,2.0,0 days 00:01:26.641000,,,1,True,86.641,Albert Park,0
HAD,30.0,MEDIUM,23.0,2.0,0 days 00:01:26.510000,,,1,True,86.51,Albert Park,0
HAD,31.0,MEDIUM,24.0,2.0,0 days 00:01:26.425000,,,1,True,86.425,Albert Park,0
HAD,34.0,HARD,2.0,3.0,0 days 00:01:25.968000,,,1,True,85.968,Albert Park,0
HAD,35.0,HARD,3.0,3.0,0 days 00:01:25.690000,,,1,True,85.69,Albert Park,0
HAD,36.0,HARD,4.0,3.0,0 days 00:01:25.772000,,,1,True,85.772,Albert Park,0
HAD,37.0,HARD,5.0,3.0,0 days 00:01:26.022000,,,1,True,86.022,Albert Park,0
HAD,38.0,HARD,6.0,3.0,0 days 00:01:25.776000,,,1,True,85.776,Albert Park,0
HAD,39.0,HARD,7.0,3.0,0 days 00:01:25.793000,,,1,True,85.793,Albert Park,0
HAD,40.0,HARD,8.0,3.0,0 days 00:01:25.551000,,,1,True,85.551,Albert Park,0
HAD,41.0,HARD,9.0,3.0,0 days 00:01:25.866000,,,1,True,85.866,Albert Park,0
HAD,42.0,HARD,10.0,3.0,0 days 00:01:25.431000,,,1,True,85.431,Albert Park,0
HAD,43.0,HARD,11.0,3.0,0 days 00:01:25.196000,,,1,True,85.196,Albert Park,0
HAD,44.0,HARD,12.0,3.0,0 days 00:01:25.068000,,,1,True,85.068,Albert Park,0
HAD,45.0,HARD,13.0,3.0,0 days 00:01:24.808000,,,1,True,84.808,Albert Park,0
HAD,46.0,HARD,14.0,3.0,0 days 00:01:24.658000,,,1,True,84.658,Albert Park,0
HAD,47.0,HARD,15.0,3.0,0 days 00:01:24.724000,,,1,True,84.724,Albert Park,0
HAD,48.0,HARD,16.0,3.0,0 days 00:01:24.501000,,,1,True,84.501,Albert Park,0
HAD,49.0,HARD,17.0,3.0,0 days 00:01:24.325000,,,1,True,84.325,Albert Park,0
HAD,50.0,HARD,18.0,3.0,0 days 00:01:24.423000,,,1,True,84.423,Albert Park,0
HAD,51.0,HARD,19.0,3.0,0 days 00:01:24.500000,,,1,True,84.5,Albert Park,0
HAD,52.0,HARD,20.0,3.0,0 days 00:01:24.317000,,,1,True,84.317,Albert Park,0
HAD,53.0,HARD,21.0,3.0,0 days 00:01:24.334000,,,1,True,84.334,Albert Park,0
HAD,54.0,HARD,22.0,3.0,0 days 00:01:24.405000,,,1,True,84.405,Albert Park,0
RUS,2.0,MEDIUM,2.0,1.0,0 days 00:01:28.310000,,,1,True,88.31,Albert Park,0
RUS,3.0,MEDIUM,3.0,1.0,0 days 00:01:28.059000,,,1,True,88.059,Albert Park,0
RUS,4.0,MEDIUM,4.0,1.0,0 days 00:01:27.944000,,,1,True,87.944,Albert Park,0
RUS,5.0,MEDIUM,5.0,1.0,0 days 00:01:28.149000,,,1,True,88.149,Albert Park,0
RUS,6.0,MEDIUM,6.0,1.0,0 days 00:01:27.772000,,,1,True,87.772,Albert Park,0
RUS,11.0,MEDIUM,4.0,2.0,0 days 00:01:27.823000,,,1,True,87.823,Albert Park,0
RUS,12.0,MEDIUM,5.0,2.0,0 days 00:01:27.928000,,,1,True,87.928,Albert Park,0
RUS,13.0,MEDIUM,6.0,2.0,0 days 00:01:27.619000,,,1,True,87.619,Albert Park,0
RUS,14.0,MEDIUM,7.0,2.0,0 days 00:01:27.735000,,,1,True,87.735,Albert Park,0
RUS,15.0,MEDIUM,8.0,2.0,0 days 00:01:27.675000,,,1,True,87.675,Albert Park,0
RUS,16.0,MEDIUM,9.0,2.0,0 days 00:01:27.337000,,,1,True,87.337,Albert Park,0
RUS,17.0,MEDIUM,10.0,2.0,0 days 00:01:27.623000,,,1,True,87.623,Albert Park,0
RUS,18.0,MEDIUM,11.0,2.0,0 days 00:01:27.477000,,,1,True,87.477,Albert Park,0
RUS,19.0,MEDIUM,12.0,2.0,0 days 00:01:27.536000,,,1,True,87.536,Albert Park,0
RUS,20.0,MEDIUM,13.0,2.0,0 days 00:01:27.269000,,,1,True,87.269,Albert Park,0
RUS,21.0,MEDIUM,14.0,2.0,0 days 00:01:27.413000,,,1,True,87.413,Albert Park,0
RUS,22.0,MEDIUM,15.0,2.0,0 days 00:01:27.306000,,,1,True,87.306,Albert Park,0
RUS,23.0,MEDIUM,16.0,2.0,0 days 00:01:27.219000,,,1,True,87.219,Albert Park,0
RUS,24.0,MEDIUM,17.0,2.0,0 days 00:01:26.954000,,,1,True,86.954,Albert Park,0
RUS,25.0,MEDIUM,18.0,2.0,0 days 00:01:27.243000,,,1,True,87.243,Albert Park,0
RUS,26.0,MEDIUM,19.0,2.0,0 days 00:01:27.569000,,,1,True,87.569,Albert Park,0
RUS,27.0,MEDIUM,20.0,2.0,0 days 00:01:27.224000,,,1,True,87.224,Albert Park,0
RUS,28.0,MEDIUM,21.0,2.0,0 days 00:01:26.998000,,,1,True,86.998,Albert Park,0
RUS,29.0,MEDIUM,22.0,2.0,0 days 00:01:26.855000,,,1,True,86.855,Albert Park,0
RUS,30.0,MEDIUM,23.0,2.0,0 days 00:01:26.637000,,,1,True,86.637,Albert Park,0
RUS,31.0,MEDIUM,24.0,2.0,0 days 00:01:26.633000,,,1,True,86.633,Albert Park,0
RUS,34.0,HARD,2.0,3.0,0 days 00:01:25.114000,,,1,True,85.114,Albert Park,0
RUS,35.0,HARD,3.0,3.0,0 days 00:01:25.273000,,,1,True,85.273,Albert Park,0
RUS,36.0,HARD,4.0,3.0,0 days 00:01:25.297000,,,1,True,85.297,Albert Park,0
RUS,37.0,HARD,5.0,3.0,0 days 00:01:25.285000,,,1,True,85.285,Albert Park,0
RUS,38.0,HARD,6.0,3.0,0 days 00:01:26.141000,,,1,True,86.141,Albert Park,0
RUS,39.0,HARD,7.0,3.0,0 days 00:01:25.620000,,,1,True,85.62,Albert Park,0
RUS,40.0,HARD,8.0,3.0,0 days 00:01:25.888000,,,1,True,85.888,Albert Park,0
RUS,41.0,HARD,9.0,3.0,0 days 00:01:25.440000,,,1,True,85.44,Albert Park,0
RUS,42.0,HARD,10.0,3.0,0 days 00:01:26.070000,,,1,True,86.07,Albert Park,0
RUS,43.0,HARD,11.0,3.0,0 days 00:01:25.113000,,,1,True,85.113,Albert Park,0
RUS,44.0,HARD,12.0,3.0,0 days 00:01:25.154000,,,1,True,85.154,Albert Park,0
RUS,45.0,HARD,13.0,3.0,0 days 00:01:24.691000,,,1,True,84.691,Albert Park,0
RUS,46.0,HARD,14.0,3.0,0 days 00:01:24.733000,,,1,True,84.733,Albert Park,0
RUS,47.0,HARD,15.0,3.0,0 days 00:01:24.495000,,,1,True,84.495,Albert Park,0
RUS,48.0,HARD,16.0,3.0,0 days 00:01:24.369000,,,1,True,84.369,Albert Park,0
RUS,49.0,HARD,17.0,3.0,0 days 00:01:24.637000,,,1,True,84.637,Albert Park,0
RUS,50.0,HARD,18.0,3.0,0 days 00:01:24.410000,,,1,True,84.41,Albert Park,0
RUS,51.0,HARD,19.0,3.0,0 days 00:01:24.630000,,,1,True,84.63,Albert Park,0
RUS,52.0,HARD,20.0,3.0,0 days 00:01:24.298000,,,1,True,84.298,Albert Park,0
RUS,53.0,HARD,21.0,3.0,0 days 00:01:24.301000,,,1,True,84.301,Albert Park,0
RUS,54.0,HARD,22.0,3.0,0 days 00:01:24.373000,,,1,True,84.373,Albert Park,0
RUS,55.0,HARD,23.0,3.0,0 days 00:01:25.726000,,,1,True,85.726,Albert Park,0
RUS,56.0,HARD,24.0,3.0,0 days 00:01:23.198000,,,1,True,83.198,Albert Park,0
RUS,57.0,HARD,25.0,3.0,0 days 00:01:23.296000,,,1,True,83.296,Albert Park,0
PIA,2.0,MEDIUM,2.0,1.0,0 days 00:01:27.150000,,,1,True,87.15,Albert Park,0
PIA,3.0,MEDIUM,3.0,1.0,0 days 00:01:26.930000,,,1,True,86.93,Albert Park,0
PIA,4.0,MEDIUM,4.0,1.0,0 days 00:01:27.217000,,,1,True,87.217,Albert Park,0
PIA,5.0,MEDIUM,5.0,1.0,0 days 00:01:26.899000,,,1,True,86.899,Albert Park,0
PIA,6.0,MEDIUM,6.0,1.0,0 days 00:01:26.720000,,,1,True,86.72,Albert Park,0
PIA,11.0,MEDIUM,11.0,1.0,0 days 00:01:25.068000,,,1,True,85.068,Albert Park,0
PIA,12.0,MEDIUM,12.0,1.0,0 days 00:01:25.228000,,,1,True,85.228,Albert Park,0
PIA,13.0,MEDIUM,13.0,1.0,0 days 00:01:25.380000,,,1,True,85.38,Albert Park,0
PIA,14.0,MEDIUM,14.0,1.0,0 days 00:01:25.652000,,,1,True,85.652,Albert Park,0
PIA,15.0,MEDIUM,15.0,1.0,0 days 00:01:25.647000,,,1,True,85.647,Albert Park,0
PIA,16.0,MEDIUM,16.0,1.0,0 days 00:01:25.493000,,,1,True,85.493,Albert Park,0
PIA,17.0,MEDIUM,17.0,1.0,0 days 00:01:25.602000,,,1,True,85.602,Albert Park,0
PIA,18.0,MEDIUM,18.0,1.0,0 days 00:01:25.784000,,,1,True,85.784,Albert Park,0
PIA,19.0,MEDIUM,19.0,1.0,0 days 00:01:25.650000,,,1,True,85.65,Albert Park,0
PIA,20.0,MEDIUM,20.0,1.0,0 days 00:01:25.806000,,,1,True,85.806,Albert Park,0
PIA,21.0,MEDIUM,21.0,1.0,0 days 00:01:25.958000,,,1,True,85.958,Albert Park,0
PIA,22.0,MEDIUM,22.0,1.0,0 days 00:01:25.870000,,,1,True,85.87,Albert Park,0
PIA,23.0,MEDIUM,23.0,1.0,0 days 00:01:25.857000,,,1,True,85.857,Albert Park,0
PIA,26.0,MEDIUM,2.0,2.0,0 days 00:01:24.945000,,,1,True,84.945,Albert Park,0
PIA,27.0,MEDIUM,3.0,2.0,0 days 00:01:24.951000,,,1,True,84.951,Albert Park,0
PIA,28.0,MEDIUM,4.0,2.0,0 days 00:01:25.269000,,,1,True,85.269,Albert Park,0
PIA,29.0,MEDIUM,5.0,2.0,0 days 00:01:25.696000,,,1,True,85.696,Albert Park,0
PIA,30.0,MEDIUM,6.0,2.0,0 days 00:01:25.560000,,,1,True,85.56,Albert Park,0
PIA,31.0,MEDIUM,7.0,2.0,0 days 00:01:25.537000,,,1,True,85.537,Albert Park,0
PIA,32.0,MEDIUM,8.0,2.0,0 days 00:01:26.062000,,,1,True,86.062,Albert Park,0
PIA,33.0,MEDIUM,9.0,2.0,0 days 00:01:24.143000,,,1,True,84.143,Albert Park,0
PIA,34.0,MEDIUM,10.0,2.0,0 days 00:01:24.497000,,,1,True,84.497,Albert Park,0
PIA,35.0,MEDIUM,11.0,2.0,0 days 00:01:24.330000,,,1,True,84.33,Albert Park,0
PIA,36.0,MEDIUM,12.0,2.0,0 days 00:01:24.544000,,,1,True,84.544,Albert Park,0
PIA,37.0,MEDIUM,13.0,2.0,0 days 00:01:24.574000,,,1,True,84.574,Albert Park,0
PIA,38.0,MEDIUM,14.0,2.0,0 days 00:01:24.566000,,,1,True,84.566,Albert Park,0
PIA,39.0,MEDIUM,15.0,2.0,0 days 00:01:24.440000,,,1,True,84.44,Albert Park,0
PIA,40.0,MEDIUM,16.0,2.0,0 days 00:01:24.777000,,,1,True,84.777,Albert Park,0
PIA,41.0,MEDIUM,17.0,2.0,0 days 00:01:24.786000,,,1,True,84.786,Albert Park,0
PIA,44.0,HARD,2.0,3.0,0 days 00:01:22.996000,,,1,True,82.996,Albert Park,0
PIA,45.0,HARD,3.0,3.0,0 days 00:01:23.324000,,,1,True,83.324,Albert Park,0
PIA,46.0,HARD,4.0,3.0,0 days 00:01:23.333000,,,1,True,83.333,Albert Park,0
PIA,47.0,HARD,5.0,3.0,0 days 00:01:23.411000,,,1,True,83.411,Albert Park,0
PIA,48.0,HARD,6.0,3.0,0 days 00:01:23.062000,,,1,True,83.062,Albert Park,0
PIA,49.0,HARD,7.0,3.0,0 days 00:01:23.172000,,,1,True,83.172,Albert Park,0
PIA,50.0,HARD,8.0,3.0,0 days 00:01:23.248000,,,1,True,83.248,Albert Park,0
PIA,51.0,HARD,9.0,3.0,0 days 00:01:23.833000,,,1,True,83.833,Albert Park,0
PIA,52.0,HARD,10.0,3.0,0 days 00:01:23.900000,,,1,True,83.9,Albert Park,0
PIA,53.0,HARD,11.0,3.0,0 days 00:01:23.714000,,,1,True,83.714,Albert Park,0
PIA,54.0,HARD,12.0,3.0,0 days 00:01:23.889000,,,1,True,83.889,Albert Park,0
PIA,55.0,HARD,13.0,3.0,0 days 00:01:23.653000,,,1,True,83.653,Albert Park,0
PIA,56.0,HARD,14.0,3.0,0 days 00:01:23.681000,,,1,True,83.681,Albert Park,0
PIA,57.0,HARD,15.0,3.0,0 days 00:01:23.625000,,,1,True,83.625,Albert Park,0
BEA,2.0,MEDIUM,2.0,1.0,0 days 00:01:29.227000,,,1,True,89.227,Albert Park,0
BEA,3.0,MEDIUM,3.0,1.0,0 days 00:01:28.950000,,,1,True,88.95,Albert Park,0
BEA,4.0,MEDIUM,4.0,1.0,0 days 00:01:28.572000,,,1,True,88.572,Albert Park,0
BEA,5.0,MEDIUM,5.0,1.0,0 days 00:01:28.363000,,,1,True,88.363,Albert Park,0
BEA,6.0,MEDIUM,6.0,1.0,0 days 00:01:27.786000,,,1,True,87.786,Albert Park,0
BEA,11.0,MEDIUM,4.0,2.0,0 days 00:01:28.174000,,,1,True,88.174,Albert Park,0
BEA,12.0,MEDIUM,5.0,2.0,0 days 00:01:27.958000,,,1,True,87.958,Albert Park,0
BEA,13.0,MEDIUM,6.0,2.0,0 days 00:01:27.660000,,,1,True,87.66,Albert Park,0
BEA,14.0,MEDIUM,7.0,2.0,0 days 00:01:27.641000,,,1,True,87.641,Albert Park,0
BEA,15.0,MEDIUM,8.0,2.0,0 days 00:01:27.871000,,,1,True,87.871,Albert Park,0
BEA,16.0,MEDIUM,9.0,2.0,0 days 00:01:27.573000,,,1,True,87.573,Albert Park,0
BEA,17.0,MEDIUM,10.0,2.0,0 days 00:01:27.551000,,,1,True,87.551,Albert Park,0
BEA,18.0,MEDIUM,11.0,2.0,0 days 00:01:27.617000,,,1,True,87.617,Albert Park,0
BEA,19.0,MEDIUM,12.0,2.0,0 days 00:01:27.489000,,,1,True,87.489,Albert Park,0
BEA,20.0,MEDIUM,13.0,2.0,0 days 00:01:27.258000,,,1,True,87.258,Albert Park,0
BEA,21.0,MEDIUM,14.0,2.0,0 days 00:01:27.548000,,,1,True,87.548,Albert Park,0
BEA,22.0,MEDIUM,15.0,2.0,0 days 00:01:27.095000,,,1,True,87.095,Albert Park,0
BEA,23.0,MEDIUM,16.0,2.0,0 days 00:01:27.638000,,,1,True,87.638,Albert Park,0
BEA,24.0,MEDIUM,17.0,2.0,0 days 00:01:27.196000,,,1,True,87.196,Albert Park,0
BEA,25.0,MEDIUM,18.0,2.0,0 days 00:01:27.506000,,,1,True,87.506,Albert Park,0
BEA,26.0,MEDIUM,19.0,2.0,0 days 00:01:27.291000,,,1,True,87.291,Albert Park,0
BEA,27.0,MEDIUM,20.0,2.0,0 days 00:01:27.437000,,,1,True,87.437,Albert Park,0
BEA,28.0,MEDIUM,21.0,2.0,0 days 00:01:27.698000,,,1,True,87.698,Albert Park,0
BEA,29.0,MEDIUM,22.0,2.0,0 days 00:01:27.255000,,,1,True,87.255,Albert Park,0
BEA,30.0,MEDIUM,23.0,2.0,0 days 00:01:27.040000,,,1,True,87.04,Albert Park,0
BEA,31.0,MEDIUM,24.0,2.0,0 days 00:01:26.817000,,,1,True,86.817,Albert Park,0
BEA,34.0,HARD,2.0,3.0,0 days 00:01:24.930000,,,1,True,84.93,Albert Park,0
BEA,35.0,HARD,3.0,3.0,0 days 00:01:25.533000,,,1,True,85.533,Albert Park,0
BEA,36.0,HARD,4.0,3.0,0 days 00:01:25.581000,,,1,True,85.581,Albert Park,0
BEA,37.0,HARD,5.0,3.0,0 days 00:01:25.451000,,,1,True,85.451,Albert Park,0
BEA,38.0,HARD,6.0,3.0,0 days 00:01:25.577000,,,1,True,85.577,Albert Park,0
BEA,39.0,HARD,7.0,3.0,0 days 00:01:25.337000,,,1,True,85.337,Albert Park,0
PIA,4.0,MEDIUM,4.0,1.0,0 days 00:01:34.247000,,,1,True,94.247,Jeddah,0
PIA,5.0,MEDIUM,5.0,1.0,0 days 00:01:33.418000,,,1,True,93.418,Jeddah,0
PIA,6.0,MEDIUM,6.0,1.0,0 days 00:01:33.917000,,,1,True,93.917,Jeddah,0
PIA,7.0,MEDIUM,7.0,1.0,0 days 00:01:33.523000,,,1,True,93.523,Jeddah,0
PIA,8.0,MEDIUM,8.0,1.0,0 days 00:01:33.893000,,,1,True,93.893,Jeddah,0
PIA,9.0,MEDIUM,9.0,1.0,0 days 00:01:33.500000,,,1,True,93.5,Jeddah,0
PIA,10.0,MEDIUM,10.0,1.0,0 days 00:01:34.045000,,,1,True,94.045,Jeddah,0
PIA,11.0,MEDIUM,11.0,1.0,0 days 00:01:33.808000,,,1,True,93.808,Jeddah,0
PIA,12.0,MEDIUM,12.0,1.0,0 days 00:01:33.770000,,,1,True,93.77,Jeddah,0
PIA,13.0,MEDIUM,13.0,1.0,0 days 00:01:34.280000,,,1,True,94.28,Jeddah,0
PIA,14.0,MEDIUM,14.0,1.0,0 days 00:01:34.072000,,,1,True,94.072,Jeddah,0
PIA,15.0,MEDIUM,15.0,1.0,0 days 00:01:34.149000,,,1,True,94.149,Jeddah,0
PIA,16.0,MEDIUM,16.0,1.0,0 days 00:01:34.124000,,,1,True,94.124,Jeddah,0
PIA,17.0,MEDIUM,17.0,1.0,0 days 00:01:34.279000,,,1,True,94.279,Jeddah,0
PIA,18.0,MEDIUM,18.0,1.0,0 days 00:01:34.160000,,,1,True,94.16,Jeddah,0
PIA,21.0,HARD,2.0,2.0,0 days 00:01:33.795000,,,1,True,93.795,Jeddah,0
PIA,22.0,HARD,3.0,2.0,0 days 00:01:34.024000,,,1,True,94.024,Jeddah,0
PIA,23.0,HARD,4.0,2.0,0 days 00:01:33.119000,,,1,True,93.119,Jeddah,0
PIA,24.0,HARD,5.0,2.0,0 days 00:01:32.760000,,,1,True,92.76,Jeddah,0
PIA,25.0,HARD,6.0,2.0,0 days 00:01:33.092000,,,1,True,93.092,Jeddah,0
PIA,26.0,HARD,7.0,2.0,0 days 00:01:32.922000,,,1,True,92.922,Jeddah,0
PIA,27.0,HARD,8.0,2.0,0 days 00:01:32.875000,,,1,True,92.875,Jeddah,0
PIA,28.0,HARD,9.0,2.0,0 days 00:01:32.831000,,,1,True,92.831,Jeddah,0
PIA,29.0,HARD,10.0,2.0,0 days 00:01:32.808000,,,1,True,92.808,Jeddah,0
PIA,30.0,HARD,11.0,2.0,0 days 00:01:32.938000,,,1,True,92.938,Jeddah,0
PIA,31.0,HARD,12.0,2.0,0 days 00:01:32.774000,,,1,True,92.774,Jeddah,0
PIA,32.0,HARD,13.0,2.0,0 days 00:01:32.787000,,,1,True,92.787,Jeddah,0
PIA,33.0,HARD,14.0,2.0,0 days 00:01:32.657000,,,1,True,92.657,Jeddah,0
PIA,34.0,HARD,15.0,2.0,0 days 00:01:33.201000,,,1,True,93.201,Jeddah,0
PIA,35.0,HARD,16.0,2.0,0 days 00:01:32.555000,,,1,True,92.555,Jeddah,0
PIA,36.0,HARD,17.0,2.0,0 days 00:01:32.624000,,,1,True,92.624,Jeddah,0
PIA,37.0,HARD,18.0,2.0,0 days 00:01:32.700000,,,1,True,92.7,Jeddah,0
PIA,38.0,HARD,19.0,2.0,0 days 00:01:32.663000,,,1,True,92.663,Jeddah,0
PIA,39.0,HARD,20.0,2.0,0 days 00:01:32.701000,,,1,True,92.701,Jeddah,0
PIA,40.0,HARD,21.0,2.0,0 days 00:01:32.778000,,,1,True,92.778,Jeddah,0
PIA,41.0,HARD,22.0,2.0,0 days 00:01:32.987000,,,1,True,92.987,Jeddah,0
PIA,42.0,HARD,23.0,2.0,0 days 00:01:32.686000,,,1,True,92.686,Jeddah,0
PIA,43.0,HARD,24.0,2.0,0 days 00:01:32.871000,,,1,True,92.871,Jeddah,0
PIA,44.0,HARD,25.0,2.0,0 days 00:01:32.815000,,,1,True,92.815,Jeddah,0
PIA,45.0,HARD,26.0,2.0,0 days 00:01:32.393000,,,1,True,92.393,Jeddah,0
PIA,46.0,HARD,27.0,2.0,0 days 00:01:33.352000,,,1,True,93.352,Jeddah,0
PIA,47.0,HARD,28.0,2.0,0 days 00:01:32.669000,,,1,True,92.669,Jeddah,0
PIA,48.0,HARD,29.0,2.0,0 days 00:01:32.728000,,,1,True,92.728,Jeddah,0
PIA,49.0,HARD,30.0,2.0,0 days 00:01:32.927000,,,1,True,92.927,Jeddah,0
PIA,50.0,HARD,31.0,2.0,0 days 00:01:32.228000,,,1,True,92.228,Jeddah,0
VER,4.0,MEDIUM,4.0,1.0,0 days 00:01:33.831000,,,1,True,93.831,Jeddah,0
VER,5.0,MEDIUM,5.0,1.0,0 days 00:01:33.716000,,,1,True,93.716,Jeddah,0
VER,6.0,MEDIUM,6.0,1.0,0 days 00:01:33.564000,,,1,True,93.564,Jeddah,0
VER,7.0,MEDIUM,7.0,1.0,0 days 00:01:33.511000,,,1,True,93.511,Jeddah,0
VER,8.0,MEDIUM,8.0,1.0,0 days 00:01:33.891000,,,1,True,93.891,Jeddah,0
VER,9.0,MEDIUM,9.0,1.0,0 days 00:01:33.798000,,,1,True,93.798,Jeddah,0
VER,10.0,MEDIUM,10.0,1.0,0 days 00:01:33.813000,,,1,True,93.813,Jeddah,0
VER,11.0,MEDIUM,11.0,1.0,0 days 00:01:34.001000,,,1,True,94.001,Jeddah,0
VER,12.0,MEDIUM,12.0,1.0,0 days 00:01:33.960000,,,1,True,93.96,Jeddah,0
VER,13.0,MEDIUM,13.0,1.0,0 days 00:01:33.856000,,,1,True,93.856,Jeddah,0
VER,14.0,MEDIUM,14.0,1.0,0 days 00:01:33.901000,,,1,True,93.901,Jeddah,0
VER,15.0,MEDIUM,15.0,1.0,0 days 00:01:33.900000,,,1,True,93.9,Jeddah,0
VER,16.0,MEDIUM,16.0,1.0,0 days 00:01:33.758000,,,1,True,93.758,Jeddah,0
VER,17.0,MEDIUM,17.0,1.0,0 days 00:01:33.797000,,,1,True,93.797,Jeddah,0
VER,18.0,MEDIUM,18.0,1.0,0 days 00:01:33.810000,,,1,True,93.81,Jeddah,0
VER,19.0,MEDIUM,19.0,1.0,0 days 00:01:33.914000,,,1,True,93.914,Jeddah,0
VER,20.0,MEDIUM,20.0,1.0,0 days 00:01:34.038000,,,1,True,94.038,Jeddah,0
VER,23.0,HARD,2.0,2.0,0 days 00:01:34.112000,,,1,True,94.112,Jeddah,0
VER,24.0,HARD,3.0,2.0,0 days 00:01:33.419000,,,1,True,93.419,Jeddah,0
VER,25.0,HARD,4.0,2.0,0 days 00:01:33.067000,,,1,True,93.067,Jeddah,0
VER,26.0,HARD,5.0,2.0,0 days 00:01:33.020000,,,1,True,93.02,Jeddah,0
VER,27.0,HARD,6.0,2.0,0 days 00:01:32.936000,,,1,True,92.936,Jeddah,0
VER,28.0,HARD,7.0,2.0,0 days 00:01:32.958000,,,1,True,92.958,Jeddah,0
VER,29.0,HARD,8.0,2.0,0 days 00:01:33.079000,,,1,True,93.079,Jeddah,0
VER,30.0,HARD,9.0,2.0,0 days 00:01:32.811000,,,1,True,92.811,Jeddah,0
VER,31.0,HARD,10.0,2.0,0 days 00:01:32.782000,,,1,True,92.782,Jeddah,0
VER,32.0,HARD,11.0,2.0,0 days 00:01:32.773000,,,1,True,92.773,Jeddah,0
VER,33.0,HARD,12.0,2.0,0 days 00:01:32.736000,,,1,True,92.736,Jeddah,0
VER,34.0,HARD,13.0,2.0,0 days 00:01:32.696000,,,1,True,92.696,Jeddah,0
VER,35.0,HARD,14.0,2.0,0 days 00:01:32.743000,,,1,True,92.743,Jeddah,0
VER,36.0,HARD,15.0,2.0,0 days 00:01:32.691000,,,1,True,92.691,Jeddah,0
VER,37.0,HARD,16.0,2.0,0 days 00:01:32.910000,,,1,True,92.91,Jeddah,0
VER,38.0,HARD,17.0,2.0,0 days 00:01:32.710000,,,1,True,92.71,Jeddah,0
VER,39.0,HARD,18.0,2.0,0 days 00:01:32.681000,,,1,True,92.681,Jeddah,0
VER,40.0,HARD,19.0,2.0,0 days 00:01:32.560000,,,1,True,92.56,Jeddah,0
VER,41.0,HARD,20.0,2.0,0 days 00:01:32.568000,,,1,True,92.568,Jeddah,0
VER,42.0,HARD,21.0,2.0,0 days 00:01:32.500000,,,1,True,92.5,Jeddah,0
VER,43.0,HARD,22.0,2.0,0 days 00:01:33.182000,,,1,True,93.182,Jeddah,0
VER,44.0,HARD,23.0,2.0,0 days 00:01:32.512000,,,1,True,92.512,Jeddah,0
VER,45.0,HARD,24.0,2.0,0 days 00:01:32.466000,,,1,True,92.466,Jeddah,0
VER,46.0,HARD,25.0,2.0,0 days 00:01:32.324000,,,1,True,92.324,Jeddah,0
VER,47.0,HARD,26.0,2.0,0 days 00:01:32.873000,,,1,True,92.873,Jeddah,0
VER,48.0,HARD,27.0,2.0,0 days 00:01:32.697000,,,1,True,92.697,Jeddah,0
VER,49.0,HARD,28.0,2.0,0 days 00:01:32.280000,,,1,True,92.28,Jeddah,0
VER,50.0,HARD,29.0,2.0,0 days 00:01:32.453000,,,1,True,92.453,Jeddah,0
LEC,4.0,MEDIUM,4.0,1.0,0 days 00:01:35.845000,,,1,True,95.845,Jeddah,0
LEC,5.0,MEDIUM,5.0,1.0,0 days 00:01:34.428000,,,1,True,94.428,Jeddah,0
LEC,6.0,MEDIUM,6.0,1.0,0 days 00:01:34.520000,,,1,True,94.52,Jeddah,0
LEC,7.0,MEDIUM,7.0,1.0,0 days 00:01:34.275000,,,1,True,94.275,Jeddah,0
LEC,8.0,MEDIUM,8.0,1.0,0 days 00:01:34.085000,,,1,True,94.085,Jeddah,0
LEC,9.0,MEDIUM,9.0,1.0,0 days 00:01:34.099000,,,1,True,94.099,Jeddah,0
LEC,10.0,MEDIUM,10.0,1.0,0 days 00:01:34.419000,,,1,True,94.419,Jeddah,0
LEC,11.0,MEDIUM,11.0,1.0,0 days 00:01:34.293000,,,1,True,94.293,Jeddah,0
LEC,12.0,MEDIUM,12.0,1.0,0 days 00:01:34.425000,,,1,True,94.425,Jeddah,0
LEC,13.0,MEDIUM,13.0,1.0,0 days 00:01:34.217000,,,1,True,94.217,Jeddah,0
LEC,14.0,MEDIUM,14.0,1.0,0 days 00:01:34.641000,,,1,True,94.641,Jeddah,0
LEC,15.0,MEDIUM,15.0,1.0,0 days 00:01:34.276000,,,1,True,94.276,Jeddah,0
LEC,16.0,MEDIUM,16.0,1.0,0 days 00:01:34.293000,,,1,True,94.293,Jeddah,0
LEC,17.0,MEDIUM,17.0,1.0,0 days 00:01:34.476000,,,1,True,94.476,Jeddah,0
LEC,18.0,MEDIUM,18.0,1.0,0 days 00:01:34.439000,,,1,True,94.439,Jeddah,0
LEC,19.0,MEDIUM,19.0,1.0,0 days 00:01:34.397000,,,1,True,94.397,Jeddah,0
LEC,20.0,MEDIUM,20.0,1.0,0 days 00:01:34.420000,,,1,True,94.42,Jeddah,0
LEC,21.0,MEDIUM,21.0,1.0,0 days 00:01:33.967000,,,1,True,93.967,Jeddah,0
LEC,22.0,MEDIUM,22.0,1.0,0 days 00:01:33.636000,,,1,True,93.636,Jeddah,0
LEC,23.0,MEDIUM,23.0,1.0,0 days 00:01:33.875000,,,1,True,93.875,Jeddah,0
LEC,24.0,MEDIUM,24.0,1.0,0 days 00:01:33.608000,,,1,True,93.608,Jeddah,0
LEC,25.0,MEDIUM,25.0,1.0,0 days 00:01:33.513000,,,1,True,93.513,Jeddah,0
LEC,26.0,MEDIUM,26.0,1.0,0 days 00:01:33.393000,,,1,True,93.393,Jeddah,0
LEC,27.0,MEDIUM,27.0,1.0,0 days 00:01:33.485000,,,1,True,93.485,Jeddah,0
LEC,28.0,MEDIUM,28.0,1.0,0 days 00:01:33.368000,,,1,True,93.368,Jeddah,0
LEC,31.0,HARD,2.0,2.0,0 days 00:01:32.441000,,,1,True,92.441,Jeddah,0
LEC,32.0,HARD,3.0,2.0,0 days 00:01:32.431000,,,1,True,92.431,Jeddah,0
LEC,33.0,HARD,4.0,2.0,0 days 00:01:32.486000,,,1,True,92.486,Jeddah,0
LEC,34.0,HARD,5.0,2.0,0 days 00:01:32.693000,,,1,True,92.693,Jeddah,0
LEC,35.0,HARD,6.0,2.0,0 days 00:01:32.390000,,,1,True,92.39,Jeddah,0
LEC,36.0,HARD,7.0,2.0,0 days 00:01:32.738000,,,1,True,92.738,Jeddah,0
LEC,37.0,HARD,8.0,2.0,0 days 00:01:32.273000,,,1,True,92.273,Jeddah,0
LEC,38.0,HARD,9.0,2.0,0 days 00:01:32.957000,,,1,True,92.957,Jeddah,0
LEC,39.0,HARD,10.0,2.0,0 days 00:01:32.324000,,,1,True,92.324,Jeddah,0
LEC,40.0,HARD,11.0,2.0,0 days 00:01:32.349000,,,1,True,92.349,Jeddah,0
LEC,41.0,HARD,12.0,2.0,0 days 00:01:32.254000,,,1,True,92.254,Jeddah,0
LEC,42.0,HARD,13.0,2.0,0 days 00:01:32.258000,,,1,True,92.258,Jeddah,0
LEC,43.0,HARD,14.0,2.0,0 days 00:01:32.258000,,,1,True,92.258,Jeddah,0
LEC,44.0,HARD,15.0,2.0,0 days 00:01:32.473000,,,1,True,92.473,Jeddah,0
LEC,45.0,HARD,16.0,2.0,0 days 00:01:33.088000,,,1,True,93.088,Jeddah,0
LEC,46.0,HARD,17.0,2.0,0 days 00:01:32.425000,,,1,True,92.425,Jeddah,0
LEC,47.0,HARD,18.0,2.0,0 days 00:01:32.232000,,,1,True,92.232,Jeddah,0
LEC,48.0,HARD,19.0,2.0,0 days 00:01:32.607000,,,1,True,92.607,Jeddah,0
LEC,49.0,HARD,20.0,2.0,0 days 00:01:32.192000,,,1,True,92.192,Jeddah,0
LEC,50.0,HARD,21.0,2.0,0 days 00:01:32.578000,,,1,True,92.578,Jeddah,0
NOR,4.0,HARD,4.0,1.0,0 days 00:01:37.073000,,,1,True,97.073,Jeddah,0
NOR,5.0,HARD,5.0,1.0,0 days 00:01:35.525000,,,1,True,95.525,Jeddah,0
NOR,6.0,HARD,6.0,1.0,0 days 00:01:35.042000,,,1,True,95.042,Jeddah,0
NOR,7.0,HARD,7.0,1.0,0 days 00:01:34.381000,,,1,True,94.381,Jeddah,0
NOR,8.0,HARD,8.0,1.0,0 days 00:01:34.461000,,,1,True,94.461,Jeddah,0
NOR,9.0,HARD,9.0,1.0,0 days 00:01:34.347000,,,1,True,94.347,Jeddah,0
NOR,10.0,HARD,10.0,1.0,0 days 00:01:34.331000,,,1,True,94.331,Jeddah,0
NOR,11.0,HARD,11.0,1.0,0 days 00:01:34.088000,,,1,True,94.088,Jeddah,0
NOR,12.0,HARD,12.0,1.0,0 days 00:01:34.311000,,,1,True,94.311,Jeddah,0
NOR,13.0,HARD,13.0,1.0,0 days 00:01:35.754000,,,1,True,95.754,Jeddah,0
NOR,14.0,HARD,14.0,1.0,0 days 00:01:35.090000,,,1,True,95.09,Jeddah,0
NOR,15.0,HARD,15.0,1.0,0 days 00:01:34.188000,,,1,True,94.188,Jeddah,0
NOR,16.0,HARD,16.0,1.0,0 days 00:01:34.170000,,,1,True,94.17,Jeddah,0
NOR,17.0,HARD,17.0,1.0,0 days 00:01:33.919000,,,1,True,93.919,Jeddah,0
NOR,18.0,HARD,18.0,1.0,0 days 00:01:34.017000,,,1,True,94.017,Jeddah,0
NOR,19.0,HARD,19.0,1.0,0 days 00:01:33.869000,,,1,True,93.869,Jeddah,0
NOR,20.0,HARD,20.0,1.0,0 days 00:01:33.675000,,,1,True,93.675,Jeddah,0
NOR,21.0,HARD,21.0,1.0,0 days 00:01:33.874000,,,1,True,93.874,Jeddah,0
NOR,22.0,HARD,22.0,1.0,0 days 00:01:33.632000,,,1,True,93.632,Jeddah,0
NOR,23.0,HARD,23.0,1.0,0 days 00:01:33.598000,,,1,True,93.598,Jeddah,0
NOR,24.0,HARD,24.0,1.0,0 days 00:01:33.301000,,,1,True,93.301,Jeddah,0
NOR,25.0,HARD,25.0,1.0,0 days 00:01:33.637000,,,1,True,93.637,Jeddah,0
NOR,26.0,HARD,26.0,1.0,0 days 00:01:33.443000,,,1,True,93.443,Jeddah,0
NOR,27.0,HARD,27.0,1.0,0 days 00:01:33.342000,,,1,True,93.342,Jeddah,0
NOR,28.0,HARD,28.0,1.0,0 days 00:01:33.335000,,,1,True,93.335,Jeddah,0
NOR,29.0,HARD,29.0,1.0,0 days 00:01:33.259000,,,1,True,93.259,Jeddah,0
NOR,30.0,HARD,30.0,1.0,0 days 00:01:33.156000,,,1,True,93.156,Jeddah,0
NOR,31.0,HARD,31.0,1.0,0 days 00:01:32.952000,,,1,True,92.952,Jeddah,0
NOR,32.0,HARD,32.0,1.0,0 days 00:01:33.017000,,,1,True,93.017,Jeddah,0
NOR,33.0,HARD,33.0,1.0,0 days 00:01:33.095000,,,1,True,93.095,Jeddah,0
NOR,36.0,MEDIUM,2.0,2.0,0 days 00:01:32.432000,,,1,True,92.432,Jeddah,0
NOR,37.0,MEDIUM,3.0,2.0,0 days 00:01:32.130000,,,1,True,92.13,Jeddah,0
NOR,38.0,MEDIUM,4.0,2.0,0 days 00:01:32.143000,,,1,True,92.143,Jeddah,0
NOR,39.0,MEDIUM,5.0,2.0,0 days 00:01:32.192000,,,1,True,92.192,Jeddah,0
NOR,40.0,MEDIUM,6.0,2.0,0 days 00:01:32.432000,,,1,True,92.432,Jeddah,0
NOR,41.0,MEDIUM,7.0,2.0,0 days 00:01:31.778000,,,1,True,91.778,Jeddah,0
NOR,42.0,MEDIUM,8.0,2.0,0 days 00:01:31.992000,,,1,True,91.992,Jeddah,0
NOR,43.0,MEDIUM,9.0,2.0,0 days 00:01:31.857000,,,1,True,91.857,Jeddah,0
NOR,44.0,MEDIUM,10.0,2.0,0 days 00:01:32.057000,,,1,True,92.057,Jeddah,0
NOR,45.0,MEDIUM,11.0,2.0,0 days 00:01:32.113000,,,1,True,92.113,Jeddah,0
NOR,46.0,MEDIUM,12.0,2.0,0 days 00:01:32.379000,,,1,True,92.379,Jeddah,0
NOR,47.0,MEDIUM,13.0,2.0,0 days 00:01:32.241000,,,1,True,92.241,Jeddah,0
NOR,48.0,MEDIUM,14.0,2.0,0 days 00:01:32.131000,,,1,True,92.131,Jeddah,0
NOR,49.0,MEDIUM,15.0,2.0,0 days 00:01:32.178000,,,1,True,92.178,Jeddah,0
NOR,50.0,MEDIUM,16.0,2.0,0 days 00:01:32.350000,,,1,True,92.35,Jeddah,0
RUS,4.0,MEDIUM,4.0,1.0,0 days 00:01:35.170000,,,1,True,95.17,Jeddah,0
RUS,5.0,MEDIUM,5.0,1.0,0 days 00:01:33.996000,,,1,True,93.996,Jeddah,0
RUS,6.0,MEDIUM,6.0,1.0,0 days 00:01:34.073000,,,1,True,94.073,Jeddah,0
RUS,7.0,MEDIUM,7.0,1.0,0 days 00:01:34.038000,,,1,True,94.038,Jeddah,0
RUS,8.0,MEDIUM,8.0,1.0,0 days 00:01:33.857000,,,1,True,93.857,Jeddah,0
RUS,9.0,MEDIUM,9.0,1.0,0 days 00:01:33.907000,,,1,True,93.907,Jeddah,0
RUS,10.0,MEDIUM,10.0,1.0,0 days 00:01:34.126000,,,1,True,94.126,Jeddah,0
RUS,11.0,MEDIUM,11.0,1.0,0 days 00:01:34.269000,,,1,True,94.269,Jeddah,0
RUS,12.0,MEDIUM,12.0,1.0,0 days 00:01:34.274000,,,1,True,94.274,Jeddah,0
RUS,13.0,MEDIUM,13.0,1.0,0 days 00:01:34.353000,,,1,True,94.353,Jeddah,0
RUS,14.0,MEDIUM,14.0,1.0,0 days 00:01:34.363000,,,1,True,94.363,Jeddah,0
RUS,15.0,MEDIUM,15.0,1.0,0 days 00:01:34.352000,,,1,True,94.352,Jeddah,0
RUS,16.0,MEDIUM,16.0,1.0,0 days 00:01:34.388000,,,1,True,94.388,Jeddah,0
RUS,17.0,MEDIUM,17.0,1.0,0 days 00:01:34.580000,,,1,True,94.58,Jeddah,0
RUS,18.0,MEDIUM,18.0,1.0,0 days 00:01:34.490000,,,1,True,94.49,Jeddah,0
RUS,19.0,MEDIUM,19.0,1.0,0 days 00:01:34.856000,,,1,True,94.856,Jeddah,0
RUS,22.0,HARD,2.0,2.0,0 days 00:01:33.620000,,,1,True,93.62,Jeddah,0
RUS,23.0,HARD,3.0,2.0,0 days 00:01:33.672000,,,1,True,93.672,Jeddah,0
RUS,24.0,HARD,4.0,2.0,0 days 00:01:33.853000,,,1,True,93.853,Jeddah,0
RUS,25.0,HARD,5.0,2.0,0 days 00:01:33.650000,,,1,True,93.65,Jeddah,0
RUS,26.0,HARD,6.0,2.0,0 days 00:01:33.201000,,,1,True,93.201,Jeddah,0
RUS,27.0,HARD,7.0,2.0,0 days 00:01:33.269000,,,1,True,93.269,Jeddah,0
RUS,28.0,HARD,8.0,2.0,0 days 00:01:33.299000,,,1,True,93.299,Jeddah,0
RUS,29.0,HARD,9.0,2.0,0 days 00:01:33.375000,,,1,True,93.375,Jeddah,0
RUS,30.0,HARD,10.0,2.0,0 days 00:01:33.306000,,,1,True,93.306,Jeddah,0
RUS,31.0,HARD,11.0,2.0,0 days 00:01:33.075000,,,1,True,93.075,Jeddah,0
RUS,32.0,HARD,12.0,2.0,0 days 00:01:32.893000,,,1,True,92.893,Jeddah,0
RUS,33.0,HARD,13.0,2.0,0 days 00:01:32.944000,,,1,True,92.944,Jeddah,0
RUS,34.0,HARD,14.0,2.0,0 days 00:01:32.908000,,,1,True,92.908,Jeddah,0
RUS,35.0,HARD,15.0,2.0,0 days 00:01:32.966000,,,1,True,92.966,Jeddah,0
RUS,36.0,HARD,16.0,2.0,0 days 00:01:32.918000,,,1,True,92.918,Jeddah,0
RUS,37.0,HARD,17.0,2.0,0 days 00:01:33.069000,,,1,True,93.069,Jeddah,0
RUS,38.0,HARD,18.0,2.0,0 days 00:01:35.244000,,,1,True,95.244,Jeddah,0
RUS,39.0,HARD,19.0,2.0,0 days 00:01:33.317000,,,1,True,93.317,Jeddah,0
RUS,40.0,HARD,20.0,2.0,0 days 00:01:33.698000,,,1,True,93.698,Jeddah,0
RUS,41.0,HARD,21.0,2.0,0 days 00:01:34.701000,,,1,True,94.701,Jeddah,0
RUS,42.0,HARD,22.0,2.0,0 days 00:01:34.150000,,,1,True,94.15,Jeddah,0
RUS,43.0,HARD,23.0,2.0,0 days 00:01:33.497000,,,1,True,93.497,Jeddah,0
RUS,44.0,HARD,24.0,2.0,0 days 00:01:33.645000,,,1,True,93.645,Jeddah,0
RUS,45.0,HARD,25.0,2.0,0 days 00:01:33.707000,,,1,True,93.707,Jeddah,0
RUS,46.0,HARD,26.0,2.0,0 days 00:01:33.905000,,,1,True,93.905,Jeddah,0
RUS,47.0,HARD,27.0,2.0,0 days 00:01:33.951000,,,1,True,93.951,Jeddah,0
RUS,48.0,HARD,28.0,2.0,0 days 00:01:33.961000,,,1,True,93.961,Jeddah,0
RUS,49.0,HARD,29.0,2.0,0 days 00:01:33.726000,,,1,True,93.726,Jeddah,0
RUS,50.0,HARD,30.0,2.0,0 days 00:01:33.890000,,,1,True,93.89,Jeddah,0
ANT,4.0,MEDIUM,4.0,1.0,0 days 00:01:36.284000,,,1,True,96.284,Jeddah,0
ANT,5.0,MEDIUM,5.0,1.0,0 days 00:01:34.482000,,,1,True,94.482,Jeddah,0
ANT,6.0,MEDIUM,6.0,1.0,0 days 00:01:34.386000,,,1,True,94.386,Jeddah,0
ANT,7.0,MEDIUM,7.0,1.0,0 days 00:01:34.402000,,,1,True,94.402,Jeddah,0
ANT,8.0,MEDIUM,8.0,1.0,0 days 00:01:34.598000,,,1,True,94.598,Jeddah,0
ANT,9.0,MEDIUM,9.0,1.0,0 days 00:01:34.567000,,,1,True,94.567,Jeddah,0
ANT,10.0,MEDIUM,10.0,1.0,0 days 00:01:34.534000,,,1,True,94.534,Jeddah,0
ANT,11.0,MEDIUM,11.0,1.0,0 days 00:01:34.593000,,,1,True,94.593,Jeddah,0
ANT,12.0,MEDIUM,12.0,1.0,0 days 00:01:34.433000,,,1,True,94.433,Jeddah,0
ANT,13.0,MEDIUM,13.0,1.0,0 days 00:01:34.757000,,,1,True,94.757,Jeddah,0
ANT,14.0,MEDIUM,14.0,1.0,0 days 00:01:34.751000,,,1,True,94.751,Jeddah,0
ANT,15.0,MEDIUM,15.0,1.0,0 days 00:01:34.858000,,,1,True,94.858,Jeddah,0
ANT,16.0,MEDIUM,16.0,1.0,0 days 00:01:34.688000,,,1,True,94.688,Jeddah,0
ANT,17.0,MEDIUM,17.0,1.0,0 days 00:01:34.972000,,,1,True,94.972,Jeddah,0
ANT,18.0,MEDIUM,18.0,1.0,0 days 00:01:35.151000,,,1,True,95.151,Jeddah,0
ANT,21.0,HARD,2.0,2.0,0 days 00:01:33.583000,,,1,True,93.583,Jeddah,0
ANT,22.0,HARD,3.0,2.0,0 days 00:01:33.738000,,,1,True,93.738,Jeddah,0
ANT,23.0,HARD,4.0,2.0,0 days 00:01:33.769000,,,1,True,93.769,Jeddah,0
ANT,24.0,HARD,5.0,2.0,0 days 00:01:33.728000,,,1,True,93.728,Jeddah,0
ANT,25.0,HARD,6.0,2.0,0 days 00:01:33.780000,,,1,True,93.78,Jeddah,0
ANT,26.0,HARD,7.0,2.0,0 days 00:01:34.021000,,,1,True,94.021,Jeddah,0
ANT,27.0,HARD,8.0,2.0,0 days 00:01:33.792000,,,1,True,93.792,Jeddah,0
ANT,28.0,HARD,9.0,2.0,0 days 00:01:33.833000,,,1,True,93.833,Jeddah,0
ANT,29.0,HARD,10.0,2.0,0 days 00:01:33.775000,,,1,True,93.775,Jeddah,0
ANT,30.0,HARD,11.0,2.0,0 days 00:01:34.350000,,,1,True,94.35,Jeddah,0
ANT,31.0,HARD,12.0,2.0,0 days 00:01:33.996000,,,1,True,93.996,Jeddah,0
ANT,32.0,HARD,13.0,2.0,0 days 00:01:33.884000,,,1,True,93.884,Jeddah,0
ANT,33.0,HARD,14.0,2.0,0 days 00:01:33.709000,,,1,True,93.709,Jeddah,0
ANT,34.0,HARD,15.0,2.0,0 days 00:01:33.797000,,,1,True,93.797,Jeddah,0
ANT,35.0,HARD,16.0,2.0,0 days 00:01:33.812000,,,1,True,93.812,Jeddah,0
ANT,36.0,HARD,17.0,2.0,0 days 00:01:33.580000,,,1,True,93.58,Jeddah,0
ANT,37.0,HARD,18.0,2.0,0 days 00:01:33.664000,,,1,True,93.664,Jeddah,0
ANT,38.0,HARD,19.0,2.0,0 days 00:01:33.672000,,,1,True,93.672,Jeddah,0
ANT,39.0,HARD,20.0,2.0,0 days 00:01:33.440000,,,1,True,93.44,Jeddah,0
ANT,40.0,HARD,21.0,2.0,0 days 00:01:33.485000,,,1,True,93.485,Jeddah,0
ANT,41.0,HARD,22.0,2.0,0 days 00:01:33.315000,,,1,True,93.315,Jeddah,0
ANT,42.0,HARD,23.0,2.0,0 days 00:01:33.316000,,,1,True,93.316,Jeddah,0
ANT,43.0,HARD,24.0,2.0,0 days 00:01:33.415000,,,1,True,93.415,Jeddah,0
ANT,44.0,HARD,25.0,2.0,0 days 00:01:32.875000,,,1,True,92.875,Jeddah,0
ANT,45.0,HARD,26.0,2.0,0 days 00:01:32.944000,,,1,True,92.944,Jeddah,0
ANT,46.0,HARD,27.0,2.0,0 days 00:01:32.809000,,,1,True,92.809,Jeddah,0
ANT,47.0,HARD,28.0,2.0,0 days 00:01:32.747000,,,1,True,92.747,Jeddah,0
ANT,48.0,HARD,29.0,2.0,0 days 00:01:32.758000,,,1,True,92.758,Jeddah,0
ANT,49.0,HARD,30.0,2.0,0 days 00:01:32.504000,,,1,True,92.504,Jeddah,0
ANT,50.0,HARD,31.0,2.0,0 days 00:01:32.396000,,,1,True,92.396,Jeddah,0
HAM,4.0,MEDIUM,4.0,1.0,0 days 00:01:36.425000,,,1,True,96.425,Jeddah,0
HAM,5.0,MEDIUM,5.0,1.0,0 days 00:01:35.099000,,,1,True,95.099,Jeddah,0
HAM,6.0,MEDIUM,6.0,1.0,0 days 00:01:34.459000,,,1,True,94.459,Jeddah,0
HAM,7.0,MEDIUM,7.0,1.0,0 days 00:01:34.994000,,,1,True,94.994,Jeddah,0
HAM,8.0,MEDIUM,8.0,1.0,0 days 00:01:34.444000,,,1,True,94.444,Jeddah,0
HAM,9.0,MEDIUM,9.0,1.0,0 days 00:01:34.460000,,,1,True,94.46,Jeddah,0
HAM,10.0,MEDIUM,10.0,1.0,0 days 00:01:34.580000,,,1,True,94.58,Jeddah,0
HAM,11.0,MEDIUM,11.0,1.0,0 days 00:01:34.456000,,,1,True,94.456,Jeddah,0
HAM,12.0,MEDIUM,12.0,1.0,0 days 00:01:35.310000,,,1,True,95.31,Jeddah,0
HAM,13.0,MEDIUM,13.0,1.0,0 days 00:01:35.679000,,,1,True,95.679,Jeddah,0
HAM,14.0,MEDIUM,14.0,1.0,0 days 00:01:34.818000,,,1,True,94.818,Jeddah,0
HAM,15.0,MEDIUM,15.0,1.0,0 days 00:01:35.832000,,,1,True,95.832,Jeddah,0
HAM,16.0,MEDIUM,16.0,1.0,0 days 00:01:34.955000,,,1,True,94.955,Jeddah,0
HAM,17.0,MEDIUM,17.0,1.0,0 days 00:01:34.686000,,,1,True,94.686,Jeddah,0
HAM,18.0,MEDIUM,18.0,1.0,0 days 00:01:34.592000,,,1,True,94.592,Jeddah,0
HAM,19.0,MEDIUM,19.0,1.0,0 days 00:01:34.892000,,,1,True,94.892,Jeddah,0
HAM,20.0,MEDIUM,20.0,1.0,0 days 00:01:34.720000,,,1,True,94.72,Jeddah,0
HAM,21.0,MEDIUM,21.0,1.0,0 days 00:01:35.128000,,,1,True,95.128,Jeddah,0
HAM,22.0,MEDIUM,22.0,1.0,0 days 00:01:35.569000,,,1,True,95.569,Jeddah,0
HAM,25.0,HARD,2.0,2.0,0 days 00:01:34.037000,,,1,True,94.037,Jeddah,0
HAM,26.0,HARD,3.0,2.0,0 days 00:01:33.542000,,,1,True,93.542,Jeddah,0
HAM,27.0,HARD,4.0,2.0,0 days 00:01:33.720000,,,1,True,93.72,Jeddah,0
HAM,28.0,HARD,5.0,2.0,0 days 00:01:33.365000,,,1,True,93.365,Jeddah,0
HAM,29.0,HARD,6.0,2.0,0 days 00:01:33.810000,,,1,True,93.81,Jeddah,0
HAM,30.0,HARD,7.0,2.0,0 days 00:01:33.564000,,,1,True,93.564,Jeddah,0
HAM,31.0,HARD,8.0,2.0,0 days 00:01:34.392000,,,1,True,94.392,Jeddah,0
HAM,32.0,HARD,9.0,2.0,0 days 00:01:33.595000,,,1,True,93.595,Jeddah,0
HAM,33.0,HARD,10.0,2.0,0 days 00:01:33.603000,,,1,True,93.603,Jeddah,0
HAM,34.0,HARD,11.0,2.0,0 days 00:01:33.876000,,,1,True,93.876,Jeddah,0
HAM,35.0,HARD,12.0,2.0,0 days 00:01:33.564000,,,1,True,93.564,Jeddah,0
HAM,36.0,HARD,13.0,2.0,0 days 00:01:33.291000,,,1,True,93.291,Jeddah,0
HAM,37.0,HARD,14.0,2.0,0 days 00:01:33.044000,,,1,True,93.044,Jeddah,0
HAM,38.0,HARD,15.0,2.0,0 days 00:01:32.925000,,,1,True,92.925,Jeddah,0
HAM,39.0,HARD,16.0,2.0,0 days 00:01:33.285000,,,1,True,93.285,Jeddah,0
HAM,40.0,HARD,17.0,2.0,0 days 00:01:32.833000,,,1,True,92.833,Jeddah,0
HAM,41.0,HARD,18.0,2.0,0 days 00:01:33.022000,,,1,True,93.022,Jeddah,0
HAM,42.0,HARD,19.0,2.0,0 days 00:01:32.640000,,,1,True,92.64,Jeddah,0
HAM,43.0,HARD,20.0,2.0,0 days 00:01:32.600000,,,1,True,92.6,Jeddah,0
HAM,44.0,HARD,21.0,2.0,0 days 00:01:32.789000,,,1,True,92.789,Jeddah,0
HAM,45.0,HARD,22.0,2.0,0 days 00:01:32.821000,,,1,True,92.821,Jeddah,0
HAM,46.0,HARD,23.0,2.0,0 days 00:01:33.107000,,,1,True,93.107,Jeddah,0
HAM,47.0,HARD,24.0,2.0,0 days 00:01:33.060000,,,1,True,93.06,Jeddah,0
HAM,48.0,HARD,25.0,2.0,0 days 00:01:32.898000,,,1,True,92.898,Jeddah,0
HAM,49.0,HARD,26.0,2.0,0 days 00:01:33.012000,,,1,True,93.012,Jeddah,0
HAM,50.0,HARD,27.0,2.0,0 days 00:01:33.435000,,,1,True,93.435,Jeddah,0
SAI,4.0,MEDIUM,4.0,1.0,0 days 00:01:36.814000,,,1,True,96.814,Jeddah,0
SAI,5.0,MEDIUM,5.0,1.0,0 days 00:01:35.717000,,,1,True,95.717,Jeddah,0
SAI,6.0,MEDIUM,6.0,1.0,0 days 00:01:35.115000,,,1,True,95.115,Jeddah,0
SAI,7.0,MEDIUM,7.0,1.0,0 days 00:01:35.406000,,,1,True,95.406,Jeddah,0
SAI,8.0,MEDIUM,8.0,1.0,0 days 00:01:35.139000,,,1,True,95.139,Jeddah,0
SAI,9.0,MEDIUM,9.0,1.0,0 days 00:01:34.690000,,,1,True,94.69,Jeddah,0
SAI,10.0,MEDIUM,10.0,1.0,0 days 00:01:34.869000,,,1,True,94.869,Jeddah,0
SAI,11.0,MEDIUM,11.0,1.0,0 days 00:01:34.771000,,,1,True,94.771,Jeddah,0
SAI,12.0,MEDIUM,12.0,1.0,0 days 00:01:34.964000,,,1,True,94.964,Jeddah,0
SAI,13.0,MEDIUM,13.0,1.0,0 days 00:01:34.990000,,,1,True,94.99,Jeddah,0
SAI,14.0,MEDIUM,14.0,1.0,0 days 00:01:35.004000,,,1,True,95.004,Jeddah,0
SAI,15.0,MEDIUM,15.0,1.0,0 days 00:01:35.326000,,,1,True,95.326,Jeddah,0
SAI,16.0,MEDIUM,16.0,1.0,0 days 00:01:35.226000,,,1,True,95.226,Jeddah,0
SAI,17.0,MEDIUM,17.0,1.0,0 days 00:01:35.609000,,,1,True,95.609,Jeddah,0
SAI,18.0,MEDIUM,18.0,1.0,0 days 00:01:35.192000,,,1,True,95.192,Jeddah,0
SAI,19.0,MEDIUM,19.0,1.0,0 days 00:01:35.330000,,,1,True,95.33,Jeddah,0
SAI,20.0,MEDIUM,20.0,1.0,0 days 00:01:35.533000,,,1,True,95.533,Jeddah,0
SAI,23.0,HARD,2.0,2.0,0 days 00:01:34.455000,,,1,True,94.455,Jeddah,0
SAI,24.0,HARD,3.0,2.0,0 days 00:01:34.641000,,,1,True,94.641,Jeddah,0
SAI,25.0,HARD,4.0,2.0,0 days 00:01:33.923000,,,1,True,93.923,Jeddah,0
SAI,26.0,HARD,5.0,2.0,0 days 00:01:34.632000,,,1,True,94.632,Jeddah,0
SAI,27.0,HARD,6.0,2.0,0 days 00:01:34.953000,,,1,True,94.953,Jeddah,0
SAI,28.0,HARD,7.0,2.0,0 days 00:01:34.658000,,,1,True,94.658,Jeddah,0
SAI,29.0,HARD,8.0,2.0,0 days 00:01:34.179000,,,1,True,94.179,Jeddah,0
SAI,30.0,HARD,9.0,2.0,0 days 00:01:34.313000,,,1,True,94.313,Jeddah,0
SAI,31.0,HARD,10.0,2.0,0 days 00:01:34.338000,,,1,True,94.338,Jeddah,0
SAI,32.0,HARD,11.0,2.0,0 days 00:01:33.728000,,,1,True,93.728,Jeddah,0
SAI,33.0,HARD,12.0,2.0,0 days 00:01:33.613000,,,1,True,93.613,Jeddah,0
SAI,34.0,HARD,13.0,2.0,0 days 00:01:33.969000,,,1,True,93.969,Jeddah,0
SAI,35.0,HARD,14.0,2.0,0 days 00:01:33.908000,,,1,True,93.908,Jeddah,0
SAI,36.0,HARD,15.0,2.0,0 days 00:01:33.960000,,,1,True,93.96,Jeddah,0
SAI,37.0,HARD,16.0,2.0,0 days 00:01:34.269000,,,1,True,94.269,Jeddah,0
SAI,38.0,HARD,17.0,2.0,0 days 00:01:34.131000,,,1,True,94.131,Jeddah,0
SAI,39.0,HARD,18.0,2.0,0 days 00:01:34.793000,,,1,True,94.793,Jeddah,0
SAI,40.0,HARD,19.0,2.0,0 days 00:01:33.864000,,,1,True,93.864,Jeddah,0
SAI,41.0,HARD,20.0,2.0,0 days 00:01:34.018000,,,1,True,94.018,Jeddah,0
SAI,42.0,HARD,21.0,2.0,0 days 00:01:33.905000,,,1,True,93.905,Jeddah,0
SAI,43.0,HARD,22.0,2.0,0 days 00:01:33.933000,,,1,True,93.933,Jeddah,0
SAI,44.0,HARD,23.0,2.0,0 days 00:01:33.668000,,,1,True,93.668,Jeddah,0
SAI,45.0,HARD,24.0,2.0,0 days 00:01:33.804000,,,1,True,93.804,Jeddah,0
SAI,46.0,HARD,25.0,2.0,0 days 00:01:33.536000,,,1,True,93.536,Jeddah,0
SAI,47.0,HARD,26.0,2.0,0 days 00:01:33.640000,,,1,True,93.64,Jeddah,0
SAI,48.0,HARD,27.0,2.0,0 days 00:01:33.591000,,,1,True,93.591,Jeddah,0
SAI,49.0,HARD,28.0,2.0,0 days 00:01:33.802000,,,1,True,93.802,Jeddah,0
SAI,50.0,HARD,29.0,2.0,0 days 00:01:32.466000,,,1,True,92.466,Jeddah,0
ALB,4.0,MEDIUM,4.0,1.0,0 days 00:01:37.386000,,,1,True,97.386,Jeddah,0
ALB,5.0,MEDIUM,5.0,1.0,0 days 00:01:35.606000,,,1,True,95.606,Jeddah,0
ALB,6.0,MEDIUM,6.0,1.0,0 days 00:01:35.148000,,,1,True,95.148,Jeddah,0
ALB,7.0,MEDIUM,7.0,1.0,0 days 00:01:35.373000,,,1,True,95.373,Jeddah,0
ALB,8.0,MEDIUM,8.0,1.0,0 days 00:01:35.217000,,,1,True,95.217,Jeddah,0
ALB,9.0,MEDIUM,9.0,1.0,0 days 00:01:34.921000,,,1,True,94.921,Jeddah,0
ALB,10.0,MEDIUM,10.0,1.0,0 days 00:01:34.892000,,,1,True,94.892,Jeddah,0
ALB,11.0,MEDIUM,11.0,1.0,0 days 00:01:35.004000,,,1,True,95.004,Jeddah,0
ALB,12.0,MEDIUM,12.0,1.0,0 days 00:01:34.904000,,,1,True,94.904,Jeddah,0
ALB,13.0,MEDIUM,13.0,1.0,0 days 00:01:34.917000,,,1,True,94.917,Jeddah,0
ALB,14.0,MEDIUM,14.0,1.0,0 days 00:01:35.407000,,,1,True,95.407,Jeddah,0
ALB,15.0,MEDIUM,15.0,1.0,0 days 00:01:35.241000,,,1,True,95.241,Jeddah,0
ALB,16.0,MEDIUM,16.0,1.0,0 days 00:01:35.042000,,,1,True,95.042,Jeddah,0
ALB,17.0,MEDIUM,17.0,1.0,0 days 00:01:35.295000,,,1,True,95.295,Jeddah,0
ALB,18.0,MEDIUM,18.0,1.0,0 days 00:01:35.444000,,,1,True,95.444,Jeddah,0
ALB,19.0,MEDIUM,19.0,1.0,0 days 00:01:35.896000,,,1,True,95.896,Jeddah,0
ALB,20.0,MEDIUM,20.0,1.0,0 days 00:01:35.854000,,,1,True,95.854,Jeddah,0
ALB,21.0,MEDIUM,21.0,1.0,0 days 00:01:36.443000,,,1,True,96.443,Jeddah,0
ALB,24.0,HARD,2.0,2.0,0 days 00:01:34.686000,,,1,True,94.686,Jeddah,0
ALB,25.0,HARD,3.0,2.0,0 days 00:01:34.623000,,,1,True,94.623,Jeddah,0
ALB,26.0,HARD,4.0,2.0,0 days 00:01:34.460000,,,1,True,94.46,Jeddah,0
ALB,27.0,HARD,5.0,2.0,0 days 00:01:34.067000,,,1,True,94.067,Jeddah,0
ALB,28.0,HARD,6.0,2.0,0 days 00:01:34.532000,,,1,True,94.532,Jeddah,0
ALB,29.0,HARD,7.0,2.0,0 days 00:01:34.231000,,,1,True,94.231,Jeddah,0
ALB,30.0,HARD,8.0,2.0,0 days 00:01:34.185000,,,1,True,94.185,Jeddah,0
ALB,31.0,HARD,9.0,2.0,0 days 00:01:33.923000,,,1,True,93.923,Jeddah,0
ALB,32.0,HARD,10.0,2.0,0 days 00:01:33.781000,,,1,True,93.781,Jeddah,0
ALB,33.0,HARD,11.0,2.0,0 days 00:01:33.930000,,,1,True,93.93,Jeddah,0
ALB,34.0,HARD,12.0,2.0,0 days 00:01:33.790000,,,1,True,93.79,Jeddah,0
ALB,35.0,HARD,13.0,2.0,0 days 00:01:33.819000,,,1,True,93.819,Jeddah,0
ALB,36.0,HARD,14.0,2.0,0 days 00:01:33.738000,,,1,True,93.738,Jeddah,0
ALB,37.0,HARD,15.0,2.0,0 days 00:01:34.178000,,,1,True,94.178,Jeddah,0
ALB,38.0,HARD,16.0,2.0,0 days 00:01:33.918000,,,1,True,93.918,Jeddah,0
ALB,39.0,HARD,17.0,2.0,0 days 00:01:34.118000,,,1,True,94.118,Jeddah,0
ALB,40.0,HARD,18.0,2.0,0 days 00:01:34.089000,,,1,True,94.089,Jeddah,0
ALB,41.0,HARD,19.0,2.0,0 days 00:01:33.901000,,,1,True,93.901,Jeddah,0
ALB,42.0,HARD,20.0,2.0,0 days 00:01:33.854000,,,1,True,93.854,Jeddah,0
ALB,43.0,HARD,21.0,2.0,0 days 00:01:33.952000,,,1,True,93.952,Jeddah,0
ALB,44.0,HARD,22.0,2.0,0 days 00:01:33.865000,,,1,True,93.865,Jeddah,0
ALB,45.0,HARD,23.0,2.0,0 days 00:01:33.654000,,,1,True,93.654,Jeddah,0
ALB,46.0,HARD,24.0,2.0,0 days 00:01:33.592000,,,1,True,93.592,Jeddah,0
ALB,47.0,HARD,25.0,2.0,0 days 00:01:33.477000,,,1,True,93.477,Jeddah,0
ALB,48.0,HARD,26.0,2.0,0 days 00:01:33.728000,,,1,True,93.728,Jeddah,0
ALB,49.0,HARD,27.0,2.0,0 days 00:01:33.763000,,,1,True,93.763,Jeddah,0
ALB,50.0,HARD,28.0,2.0,0 days 00:01:33.653000,,,1,True,93.653,Jeddah,0
HAD,4.0,HARD,4.0,1.0,0 days 00:01:37.627000,,,1,True,97.627,Jeddah,0
HAD,5.0,HARD,5.0,1.0,0 days 00:01:35.624000,,,1,True,95.624,Jeddah,0
HAD,6.0,HARD,6.0,1.0,0 days 00:01:35.003000,,,1,True,95.003,Jeddah,0
HAD,7.0,HARD,7.0,1.0,0 days 00:01:35.353000,,,1,True,95.353,Jeddah,0
HAD,8.0,HARD,8.0,1.0,0 days 00:01:35.243000,,,1,True,95.243,Jeddah,0
HAD,9.0,HARD,9.0,1.0,0 days 00:01:34.962000,,,1,True,94.962,Jeddah,0
HAD,10.0,HARD,10.0,1.0,0 days 00:01:35.386000,,,1,True,95.386,Jeddah,0
HAD,11.0,HARD,11.0,1.0,0 days 00:01:35.149000,,,1,True,95.149,Jeddah,0
HAD,12.0,HARD,12.0,1.0,0 days 00:01:35.330000,,,1,True,95.33,Jeddah,0
HAD,13.0,HARD,13.0,1.0,0 days 00:01:35.072000,,,1,True,95.072,Jeddah,0
HAD,14.0,HARD,14.0,1.0,0 days 00:01:35.175000,,,1,True,95.175,Jeddah,0
HAD,15.0,HARD,15.0,1.0,0 days 00:01:35.026000,,,1,True,95.026,Jeddah,0
HAD,16.0,HARD,16.0,1.0,0 days 00:01:35.173000,,,1,True,95.173,Jeddah,0
HAD,17.0,HARD,17.0,1.0,0 days 00:01:35.022000,,,1,True,95.022,Jeddah,0
HAD,18.0,HARD,18.0,1.0,0 days 00:01:35.052000,,,1,True,95.052,Jeddah,0
HAD,19.0,HARD,19.0,1.0,0 days 00:01:35.409000,,,1,True,95.409,Jeddah,0
HAD,20.0,HARD,20.0,1.0,0 days 00:01:35.561000,,,1,True,95.561,Jeddah,0
HAD,21.0,HARD,21.0,1.0,0 days 00:01:36.445000,,,1,True,96.445,Jeddah,0
HAD,22.0,HARD,22.0,1.0,0 days 00:01:36.137000,,,1,True,96.137,Jeddah,0
HAD,23.0,HARD,23.0,1.0,0 days 00:01:34.873000,,,1,True,94.873,Jeddah,0
HAD,24.0,HARD,24.0,1.0,0 days 00:01:34.396000,,,1,True,94.396,Jeddah,0
HAD,25.0,HARD,25.0,1.0,0 days 00:01:34.092000,,,1,True,94.092,Jeddah,0
HAD,26.0,HARD,26.0,1.0,0 days 00:01:34.097000,,,1,True,94.097,Jeddah,0
HAD,27.0,HARD,27.0,1.0,0 days 00:01:34.134000,,,1,True,94.134,Jeddah,0
HAD,28.0,HARD,28.0,1.0,0 days 00:01:34.231000,,,1,True,94.231,Jeddah,0
HAD,29.0,HARD,29.0,1.0,0 days 00:01:34.398000,,,1,True,94.398,Jeddah,0
HAD,30.0,HARD,30.0,1.0,0 days 00:01:35.998000,,,1,True,95.998,Jeddah,0
HAD,31.0,HARD,31.0,1.0,0 days 00:01:35.421000,,,1,True,95.421,Jeddah,0
HAD,32.0,HARD,32.0,1.0,0 days 00:01:34.621000,,,1,True,94.621,Jeddah,0
HAD,33.0,HARD,33.0,1.0,0 days 00:01:34.595000,,,1,True,94.595,Jeddah,0
HAD,36.0,MEDIUM,2.0,2.0,0 days 00:01:33.512000,,,1,True,93.512,Jeddah,0
HAD,37.0,MEDIUM,3.0,2.0,0 days 00:01:33.341000,,,1,True,93.341,Jeddah,0
HAD,38.0,MEDIUM,4.0,2.0,0 days 00:01:33.762000,,,1,True,93.762,Jeddah,0
HAD,39.0,MEDIUM,5.0,2.0,0 days 00:01:33.257000,,,1,True,93.257,Jeddah,0
HAD,40.0,MEDIUM,6.0,2.0,0 days 00:01:33.522000,,,1,True,93.522,Jeddah,0
HAD,41.0,MEDIUM,7.0,2.0,0 days 00:01:33.933000,,,1,True,93.933,Jeddah,0
HAD,42.0,MEDIUM,8.0,2.0,0 days 00:01:33.892000,,,1,True,93.892,Jeddah,0
HAD,43.0,MEDIUM,9.0,2.0,0 days 00:01:34.173000,,,1,True,94.173,Jeddah,0
HAD,44.0,MEDIUM,10.0,2.0,0 days 00:01:33.859000,,,1,True,93.859,Jeddah,0
HAD,45.0,MEDIUM,11.0,2.0,0 days 00:01:33.407000,,,1,True,93.407,Jeddah,0
HAD,46.0,MEDIUM,12.0,2.0,0 days 00:01:33.671000,,,1,True,93.671,Jeddah,0
HAD,47.0,MEDIUM,13.0,2.0,0 days 00:01:33.597000,,,1,True,93.597,Jeddah,0
HAD,48.0,MEDIUM,14.0,2.0,0 days 00:01:33.634000,,,1,True,93.634,Jeddah,0
HAD,49.0,MEDIUM,15.0,2.0,0 days 00:01:33.751000,,,1,True,93.751,Jeddah,0
HAD,50.0,MEDIUM,16.0,2.0,0 days 00:01:33.624000,,,1,True,93.624,Jeddah,0
ALO,4.0,MEDIUM,5.0,1.0,0 days 00:01:38.215000,,,1,True,98.215,Jeddah,0
ALO,5.0,MEDIUM,6.0,1.0,0 days 00:01:36.176000,,,1,True,96.176,Jeddah,0
ALO,6.0,MEDIUM,7.0,1.0,0 days 00:01:35.370000,,,1,True,95.37,Jeddah,0
ALO,7.0,MEDIUM,8.0,1.0,0 days 00:01:35.152000,,,1,True,95.152,Jeddah,0
ALO,8.0,MEDIUM,9.0,1.0,0 days 00:01:35.182000,,,1,True,95.182,Jeddah,0
ALO,9.0,MEDIUM,10.0,1.0,0 days 00:01:35.308000,,,1,True,95.308,Jeddah,0
ALO,10.0,MEDIUM,11.0,1.0,0 days 00:01:35.098000,,,1,True,95.098,Jeddah,0
ALO,11.0,MEDIUM,12.0,1.0,0 days 00:01:35.739000,,,1,True,95.739,Jeddah,0
ALO,12.0,MEDIUM,13.0,1.0,0 days 00:01:35.792000,,,1,True,95.792,Jeddah,0
ALO,13.0,MEDIUM,14.0,1.0,0 days 00:01:35.896000,,,1,True,95.896,Jeddah,0
ALO,14.0,MEDIUM,15.0,1.0,0 days 00:01:36.232000,,,1,True,96.232,Jeddah,0
ALO,15.0,MEDIUM,16.0,1.0,0 days 00:01:36.272000,,,1,True,96.272,Jeddah,0
ALO,16.0,MEDIUM,17.0,1.0,0 days 00:01:35.497000,,,1,True,95.497,Jeddah,0
ALO,17.0,MEDIUM,18.0,1.0,0 days 00:01:35.284000,,,1,True,95.284,Jeddah,0
ALO,18.0,MEDIUM,19.0,1.0,0 days 00:01:35.800000,,,1,True,95.8,Jeddah,0
ALO,21.0,HARD,3.0,2.0,0 days 00:01:34.448000,,,1,True,94.448,Jeddah,0
ALO,22.0,HARD,4.0,2.0,0 days 00:01:34.676000,,,1,True,94.676,Jeddah,0
ALO,23.0,HARD,5.0,2.0,0 days 00:01:34.909000,,,1,True,94.909,Jeddah,0
ALO,24.0,HARD,6.0,2.0,0 days 00:01:34.831000,,,1,True,94.831,Jeddah,0
ALO,25.0,HARD,7.0,2.0,0 days 00:01:37.031000,,,1,True,97.031,Jeddah,0
ALO,26.0,HARD,8.0,2.0,0 days 00:01:34.528000,,,1,True,94.528,Jeddah,0
ALO,27.0,HARD,9.0,2.0,0 days 00:01:34.778000,,,1,True,94.778,Jeddah,0
ALO,28.0,HARD,10.0,2.0,0 days 00:01:35.114000,,,1,True,95.114,Jeddah,0
ALO,29.0,HARD,11.0,2.0,0 days 00:01:34.390000,,,1,True,94.39,Jeddah,0
ALO,30.0,HARD,12.0,2.0,0 days 00:01:34.741000,,,1,True,94.741,Jeddah,0
ALO,31.0,HARD,13.0,2.0,0 days 00:01:34.898000,,,1,True,94.898,Jeddah,0
ALO,32.0,HARD,14.0,2.0,0 days 00:01:34.614000,,,1,True,94.614,Jeddah,0
ALO,33.0,HARD,15.0,2.0,0 days 00:01:34.256000,,,1,True,94.256,Jeddah,0
ALO,34.0,HARD,16.0,2.0,0 days 00:01:34.461000,,,1,True,94.461,Jeddah,0
ALO,35.0,HARD,17.0,2.0,0 days 00:01:34.438000,,,1,True,94.438,Jeddah,0
ALO,36.0,HARD,18.0,2.0,0 days 00:01:34.177000,,,1,True,94.177,Jeddah,0
ALO,37.0,HARD,19.0,2.0,0 days 00:01:34.508000,,,1,True,94.508,Jeddah,0
ALO,38.0,HARD,20.0,2.0,0 days 00:01:34.094000,,,1,True,94.094,Jeddah,0
ALO,39.0,HARD,21.0,2.0,0 days 00:01:33.896000,,,1,True,93.896,Jeddah,0
ALO,40.0,HARD,22.0,2.0,0 days 00:01:34.436000,,,1,True,94.436,Jeddah,0
ALO,41.0,HARD,23.0,2.0,0 days 00:01:34.244000,,,1,True,94.244,Jeddah,0
ALO,42.0,HARD,24.0,2.0,0 days 00:01:34.252000,,,1,True,94.252,Jeddah,0
ALO,43.0,HARD,25.0,2.0,0 days 00:01:33.833000,,,1,True,93.833,Jeddah,0
ALO,44.0,HARD,26.0,2.0,0 days 00:01:33.496000,,,1,True,93.496,Jeddah,0
ALO,45.0,HARD,27.0,2.0,0 days 00:01:33.594000,,,1,True,93.594,Jeddah,0
ALO,46.0,HARD,28.0,2.0,0 days 00:01:33.363000,,,1,True,93.363,Jeddah,0
ALO,47.0,HARD,29.0,2.0,0 days 00:01:33.068000,,,1,True,93.068,Jeddah,0
ALO,48.0,HARD,30.0,2.0,0 days 00:01:33.178000,,,1,True,93.178,Jeddah,0
ALO,49.0,HARD,31.0,2.0,0 days 00:01:33.009000,,,1,True,93.009,Jeddah,0
ALO,50.0,HARD,32.0,2.0,0 days 00:01:33.021000,,,1,True,93.021,Jeddah,0
LAW,4.0,MEDIUM,4.0,1.0,0 days 00:01:37.713000,,,1,True,97.713,Jeddah,0
LAW,5.0,MEDIUM,5.0,1.0,0 days 00:01:36.362000,,,1,True,96.362,Jeddah,0
LAW,6.0,MEDIUM,6.0,1.0,0 days 00:01:35.545000,,,1,True,95.545,Jeddah,0
LAW,7.0,MEDIUM,7.0,1.0,0 days 00:01:35.127000,,,1,True,95.127,Jeddah,0
LAW,8.0,MEDIUM,8.0,1.0,0 days 00:01:35.085000,,,1,True,95.085,Jeddah,0
LAW,9.0,MEDIUM,9.0,1.0,0 days 00:01:35.319000,,,1,True,95.319,Jeddah,0
LAW,10.0,MEDIUM,10.0,1.0,0 days 00:01:35.536000,,,1,True,95.536,Jeddah,0
LAW,11.0,MEDIUM,11.0,1.0,0 days 00:01:35.736000,,,1,True,95.736,Jeddah,0
LAW,12.0,MEDIUM,12.0,1.0,0 days 00:01:35.542000,,,1,True,95.542,Jeddah,0
LAW,13.0,MEDIUM,13.0,1.0,0 days 00:01:35.686000,,,1,True,95.686,Jeddah,0
LAW,14.0,MEDIUM,14.0,1.0,0 days 00:01:35.772000,,,1,True,95.772,Jeddah,0
LAW,15.0,MEDIUM,15.0,1.0,0 days 00:01:35.340000,,,1,True,95.34,Jeddah,0
LAW,16.0,MEDIUM,16.0,1.0,0 days 00:01:35.529000,,,1,True,95.529,Jeddah,0
LAW,17.0,MEDIUM,17.0,1.0,0 days 00:01:35.290000,,,1,True,95.29,Jeddah,0
LAW,18.0,MEDIUM,18.0,1.0,0 days 00:01:35.162000,,,1,True,95.162,Jeddah,0
LAW,19.0,MEDIUM,19.0,1.0,0 days 00:01:35.159000,,,1,True,95.159,Jeddah,0
LAW,22.0,HARD,3.0,2.0,0 days 00:01:34.381000,,,1,True,94.381,Jeddah,0
LAW,23.0,HARD,4.0,2.0,0 days 00:01:35.469000,,,1,True,95.469,Jeddah,0
LAW,24.0,HARD,5.0,2.0,0 days 00:01:36.381000,,,1,True,96.381,Jeddah,0
LAW,25.0,HARD,6.0,2.0,0 days 00:01:34.842000,,,1,True,94.842,Jeddah,0
LAW,26.0,HARD,7.0,2.0,0 days 00:01:34.725000,,,1,True,94.725,Jeddah,0
LAW,27.0,HARD,8.0,2.0,0 days 00:01:35.216000,,,1,True,95.216,Jeddah,0
LAW,28.0,HARD,9.0,2.0,0 days 00:01:35.190000,,,1,True,95.19,Jeddah,0
LAW,29.0,HARD,10.0,2.0,0 days 00:01:34.591000,,,1,True,94.591,Jeddah,0
LAW,30.0,HARD,11.0,2.0,0 days 00:01:34.725000,,,1,True,94.725,Jeddah,0
LAW,31.0,HARD,12.0,2.0,0 days 00:01:34.607000,,,1,True,94.607,Jeddah,0
LAW,32.0,HARD,13.0,2.0,0 days 00:01:34.755000,,,1,True,94.755,Jeddah,0
LAW,33.0,HARD,14.0,2.0,0 days 00:01:34.198000,,,1,True,94.198,Jeddah,0
LAW,34.0,HARD,15.0,2.0,0 days 00:01:33.724000,,,1,True,93.724,Jeddah,0
LAW,35.0,HARD,16.0,2.0,0 days 00:01:34.401000,,,1,True,94.401,Jeddah,0
LAW,36.0,HARD,17.0,2.0,0 days 00:01:33.869000,,,1,True,93.869,Jeddah,0
LAW,37.0,HARD,18.0,2.0,0 days 00:01:33.927000,,,1,True,93.927,Jeddah,0
LAW,38.0,HARD,19.0,2.0,0 days 00:01:33.462000,,,1,True,93.462,Jeddah,0
LAW,39.0,HARD,20.0,2.0,0 days 00:01:33.616000,,,1,True,93.616,Jeddah,0
LAW,40.0,HARD,21.0,2.0,0 days 00:01:33.218000,,,1,True,93.218,Jeddah,0
LAW,41.0,HARD,22.0,2.0,0 days 00:01:33.546000,,,1,True,93.546,Jeddah,0
LAW,42.0,HARD,23.0,2.0,0 days 00:01:33.312000,,,1,True,93.312,Jeddah,0
LAW,43.0,HARD,24.0,2.0,0 days 00:01:32.998000,,,1,True,92.998,Jeddah,0
LAW,44.0,HARD,25.0,2.0,0 days 00:01:33.255000,,,1,True,93.255,Jeddah,0
LAW,45.0,HARD,26.0,2.0,0 days 00:01:33.313000,,,1,True,93.313,Jeddah,0
LAW,46.0,HARD,27.0,2.0,0 days 00:01:33.095000,,,1,True,93.095,Jeddah,0
LAW,47.0,HARD,28.0,2.0,0 days 00:01:33.284000,,,1,True,93.284,Jeddah,0
LAW,48.0,HARD,29.0,2.0,0 days 00:01:33.269000,,,1,True,93.269,Jeddah,0
LAW,49.0,HARD,30.0,2.0,0 days 00:01:33.147000,,,1,True,93.147,Jeddah,0
LAW,50.0,HARD,31.0,2.0,0 days 00:01:33.964000,,,1,True,93.964,Jeddah,0
BEA,4.0,MEDIUM,4.0,1.0,0 days 00:01:37.923000,,,1,True,97.923,Jeddah,0
BEA,5.0,MEDIUM,5.0,1.0,0 days 00:01:36.423000,,,1,True,96.423,Jeddah,0
BEA,6.0,MEDIUM,6.0,1.0,0 days 00:01:35.844000,,,1,True,95.844,Jeddah,0
BEA,7.0,MEDIUM,7.0,1.0,0 days 00:01:35.057000,,,1,True,95.057,Jeddah,0
BEA,8.0,MEDIUM,8.0,1.0,0 days 00:01:35.085000,,,1,True,95.085,Jeddah,0
BEA,9.0,MEDIUM,9.0,1.0,0 days 00:01:35.329000,,,1,True,95.329,Jeddah,0
BEA,10.0,MEDIUM,10.0,1.0,0 days 00:01:35.505000,,,1,True,95.505,Jeddah,0
BEA,11.0,MEDIUM,11.0,1.0,0 days 00:01:35.423000,,,1,True,95.423,Jeddah,0
BEA,12.0,MEDIUM,12.0,1.0,0 days 00:01:35.788000,,,1,True,95.788,Jeddah,0
BEA,13.0,MEDIUM,13.0,1.0,0 days 00:01:35.866000,,,1,True,95.866,Jeddah,0
BEA,14.0,MEDIUM,14.0,1.0,0 days 00:01:36.353000,,,1,True,96.353,Jeddah,0
BEA,15.0,MEDIUM,15.0,1.0,0 days 00:01:36.363000,,,1,True,96.363,Jeddah,0
BEA,16.0,MEDIUM,16.0,1.0,0 days 00:01:36.195000,,,1,True,96.195,Jeddah,0
BEA,17.0,MEDIUM,17.0,1.0,0 days 00:01:36.134000,,,1,True,96.134,Jeddah,0
BEA,20.0,HARD,2.0,2.0,0 days 00:01:34.759000,,,1,True,94.759,Jeddah,0
BEA,21.0,HARD,3.0,2.0,0 days 00:01:34.397000,,,1,True,94.397,Jeddah,0
BEA,22.0,HARD,4.0,2.0,0 days 00:01:34.693000,,,1,True,94.693,Jeddah,0
BEA,23.0,HARD,5.0,2.0,0 days 00:01:34.728000,,,1,True,94.728,Jeddah,0
BEA,24.0,HARD,6.0,2.0,0 days 00:01:34.648000,,,1,True,94.648,Jeddah,0
BEA,25.0,HARD,7.0,2.0,0 days 00:01:35.489000,,,1,True,95.489,Jeddah,0
BEA,26.0,HARD,8.0,2.0,0 days 00:01:36.042000,,,1,True,96.042,Jeddah,0
BEA,27.0,HARD,9.0,2.0,0 days 00:01:34.789000,,,1,True,94.789,Jeddah,0
BEA,28.0,HARD,10.0,2.0,0 days 00:01:34.735000,,,1,True,94.735,Jeddah,0
BEA,29.0,HARD,11.0,2.0,0 days 00:01:34.908000,,,1,True,94.908,Jeddah,0
BEA,30.0,HARD,12.0,2.0,0 days 00:01:35.207000,,,1,True,95.207,Jeddah,0
BEA,31.0,HARD,13.0,2.0,0 days 00:01:35.120000,,,1,True,95.12,Jeddah,0
BEA,32.0,HARD,14.0,2.0,0 days 00:01:34.743000,,,1,True,94.743,Jeddah,0
BEA,33.0,HARD,15.0,2.0,0 days 00:01:34.641000,,,1,True,94.641,Jeddah,0
BEA,34.0,HARD,16.0,2.0,0 days 00:01:34.606000,,,1,True,94.606,Jeddah,0
BEA,35.0,HARD,17.0,2.0,0 days 00:01:34.132000,,,1,True,94.132,Jeddah,0
BEA,36.0,HARD,18.0,2.0,0 days 00:01:34.290000,,,1,True,94.29,Jeddah,0
BEA,37.0,HARD,19.0,2.0,0 days 00:01:34.332000,,,1,True,94.332,Jeddah,0
BEA,38.0,HARD,20.0,2.0,0 days 00:01:34.227000,,,1,True,94.227,Jeddah,0
BEA,39.0,HARD,21.0,2.0,0 days 00:01:33.982000,,,1,True,93.982,Jeddah,0
BEA,40.0,HARD,22.0,2.0,0 days 00:01:33.960000,,,1,True,93.96,Jeddah,0
BEA,41.0,HARD,23.0,2.0,0 days 00:01:33.777000,,,1,True,93.777,Jeddah,0
BEA,42.0,HARD,24.0,2.0,0 days 00:01:33.755000,,,1,True,93.755,Jeddah,0
BEA,43.0,HARD,25.0,2.0,0 days 00:01:33.646000,,,1,True,93.646,Jeddah,0
BEA,44.0,HARD,26.0,2.0,0 days 00:01:33.608000,,,1,True,93.608,Jeddah,0
BEA,45.0,HARD,27.0,2.0,0 days 00:01:33.374000,,,1,True,93.374,Jeddah,0
BEA,46.0,HARD,28.0,2.0,0 days 00:01:33.559000,,,1,True,93.559,Jeddah,0
BEA,47.0,HARD,29.0,2.0,0 days 00:01:33.345000,,,1,True,93.345,Jeddah,0
BEA,48.0,HARD,30.0,2.0,0 days 00:01:33.412000,,,1,True,93.412,Jeddah,0
BEA,49.0,HARD,31.0,2.0,0 days 00:01:33.375000,,,1,True,93.375,Jeddah,0
BEA,50.0,HARD,32.0,2.0,0 days 00:01:33.238000,,,1,True,93.238,Jeddah,0
OCO,4.0,HARD,3.0,2.0,0 days 00:01:38.241000,,,1,True,98.241,Jeddah,0
OCO,5.0,HARD,4.0,2.0,0 days 00:01:36.859000,,,1,True,96.859,Jeddah,0
OCO,6.0,HARD,5.0,2.0,0 days 00:01:35.957000,,,1,True,95.957,Jeddah,0
OCO,7.0,HARD,6.0,2.0,0 days 00:01:35.602000,,,1,True,95.602,Jeddah,0
OCO,8.0,HARD,7.0,2.0,0 days 00:01:35.452000,,,1,True,95.452,Jeddah,0
OCO,9.0,HARD,8.0,2.0,0 days 00:01:35.559000,,,1,True,95.559,Jeddah,0
OCO,10.0,HARD,9.0,2.0,0 days 00:01:36.085000,,,1,True,96.085,Jeddah,0
OCO,11.0,HARD,10.0,2.0,0 days 00:01:36.147000,,,1,True,96.147,Jeddah,0
OCO,12.0,HARD,11.0,2.0,0 days 00:01:35.688000,,,1,True,95.688,Jeddah,0
OCO,13.0,HARD,12.0,2.0,0 days 00:01:36.118000,,,1,True,96.118,Jeddah,0
OCO,14.0,HARD,13.0,2.0,0 days 00:01:35.833000,,,1,True,95.833,Jeddah,0
OCO,15.0,HARD,14.0,2.0,0 days 00:01:36.453000,,,1,True,96.453,Jeddah,0
OCO,16.0,HARD,15.0,2.0,0 days 00:01:36.083000,,,1,True,96.083,Jeddah,0
OCO,17.0,HARD,16.0,2.0,0 days 00:01:35.912000,,,1,True,95.912,Jeddah,0
OCO,18.0,HARD,17.0,2.0,0 days 00:01:36.427000,,,1,True,96.427,Jeddah,0
OCO,19.0,HARD,18.0,2.0,0 days 00:01:35.622000,,,1,True,95.622,Jeddah,0
OCO,20.0,HARD,19.0,2.0,0 days 00:01:36.289000,,,1,True,96.289,Jeddah,0
OCO,21.0,HARD,20.0,2.0,0 days 00:01:35.857000,,,1,True,95.857,Jeddah,0
OCO,22.0,HARD,21.0,2.0,0 days 00:01:35.750000,,,1,True,95.75,Jeddah,0
OCO,23.0,HARD,22.0,2.0,0 days 00:01:35.532000,,,1,True,95.532,Jeddah,0
OCO,24.0,HARD,23.0,2.0,0 days 00:01:35.281000,,,1,True,95.281,Jeddah,0
OCO,25.0,HARD,24.0,2.0,0 days 00:01:35.371000,,,1,True,95.371,Jeddah,0
OCO,26.0,HARD,25.0,2.0,0 days 00:01:36.517000,,,1,True,96.517,Jeddah,0
OCO,27.0,HARD,26.0,2.0,0 days 00:01:35.493000,,,1,True,95.493,Jeddah,0
OCO,28.0,HARD,27.0,2.0,0 days 00:01:36.509000,,,1,True,96.509,Jeddah,0
OCO,29.0,HARD,28.0,2.0,0 days 00:01:35.813000,,,1,True,95.813,Jeddah,0
OCO,30.0,HARD,29.0,2.0,0 days 00:01:35.115000,,,1,True,95.115,Jeddah,0
OCO,31.0,HARD,30.0,2.0,0 days 00:01:35.312000,,,1,True,95.312,Jeddah,0
OCO,32.0,HARD,31.0,2.0,0 days 00:01:35.146000,,,1,True,95.146,Jeddah,0
OCO,33.0,HARD,32.0,2.0,0 days 00:01:35.874000,,,1,True,95.874,Jeddah,0
OCO,34.0,HARD,33.0,2.0,0 days 00:01:35.988000,,,1,True,95.988,Jeddah,0
OCO,35.0,HARD,34.0,2.0,0 days 00:01:34.657000,,,1,True,94.657,Jeddah,0
OCO,36.0,HARD,35.0,2.0,0 days 00:01:34.595000,,,1,True,94.595,Jeddah,0
OCO,37.0,HARD,36.0,2.0,0 days 00:01:34.459000,,,1,True,94.459,Jeddah,0
OCO,38.0,HARD,37.0,2.0,0 days 00:01:34.707000,,,1,True,94.707,Jeddah,0
OCO,39.0,HARD,38.0,2.0,0 days 00:01:34.757000,,,1,True,94.757,Jeddah,0
OCO,40.0,HARD,39.0,2.0,0 days 00:01:35.640000,,,1,True,95.64,Jeddah,0
OCO,41.0,HARD,40.0,2.0,0 days 00:01:34.733000,,,1,True,94.733,Jeddah,0
OCO,42.0,HARD,41.0,2.0,0 days 00:01:34.731000,,,1,True,94.731,Jeddah,0
OCO,43.0,HARD,42.0,2.0,0 days 00:01:34.968000,,,1,True,94.968,Jeddah,0
OCO,44.0,HARD,43.0,2.0,0 days 00:01:34.730000,,,1,True,94.73,Jeddah,0
OCO,45.0,HARD,44.0,2.0,0 days 00:01:34.620000,,,1,True,94.62,Jeddah,0
OCO,46.0,HARD,45.0,2.0,0 days 00:01:34.576000,,,1,True,94.576,Jeddah,0
OCO,47.0,HARD,46.0,2.0,0 days 00:01:34.309000,,,1,True,94.309,Jeddah,0
OCO,48.0,HARD,47.0,2.0,0 days 00:01:35.028000,,,1,True,95.028,Jeddah,0
OCO,49.0,HARD,48.0,2.0,0 days 00:01:35.264000,,,1,True,95.264,Jeddah,0
HUL,4.0,HARD,4.0,1.0,0 days 00:01:38.025000,,,1,True,98.025,Jeddah,0
HUL,5.0,HARD,5.0,1.0,0 days 00:01:36.556000,,,1,True,96.556,Jeddah,0
HUL,6.0,HARD,6.0,1.0,0 days 00:01:35.975000,,,1,True,95.975,Jeddah,0
HUL,7.0,HARD,7.0,1.0,0 days 00:01:35.524000,,,1,True,95.524,Jeddah,0
HUL,8.0,HARD,8.0,1.0,0 days 00:01:35.524000,,,1,True,95.524,Jeddah,0
HUL,9.0,HARD,9.0,1.0,0 days 00:01:35.641000,,,1,True,95.641,Jeddah,0
HUL,10.0,HARD,10.0,1.0,0 days 00:01:36.290000,,,1,True,96.29,Jeddah,0
HUL,11.0,HARD,11.0,1.0,0 days 00:01:35.868000,,,1,True,95.868,Jeddah,0
HUL,12.0,HARD,12.0,1.0,0 days 00:01:35.843000,,,1,True,95.843,Jeddah,0
HUL,13.0,HARD,13.0,1.0,0 days 00:01:35.980000,,,1,True,95.98,Jeddah,0
HUL,14.0,HARD,14.0,1.0,0 days 00:01:35.923000,,,1,True,95.923,Jeddah,0
HUL,15.0,HARD,15.0,1.0,0 days 00:01:36.336000,,,1,True,96.336,Jeddah,0
HUL,16.0,HARD,16.0,1.0,0 days 00:01:35.959000,,,1,True,95.959,Jeddah,0
HUL,17.0,HARD,17.0,1.0,0 days 00:01:36.095000,,,1,True,96.095,Jeddah,0
HUL,18.0,HARD,18.0,1.0,0 days 00:01:36.049000,,,1,True,96.049,Jeddah,0
HUL,19.0,HARD,19.0,1.0,0 days 00:01:36.401000,,,1,True,96.401,Jeddah,0
HUL,20.0,HARD,20.0,1.0,0 days 00:01:36.195000,,,1,True,96.195,Jeddah,0
HUL,21.0,HARD,21.0,1.0,0 days 00:01:35.830000,,,1,True,95.83,Jeddah,0
HUL,22.0,HARD,22.0,1.0,0 days 00:01:35.460000,,,1,True,95.46,Jeddah,0
HUL,23.0,HARD,23.0,1.0,0 days 00:01:35.146000,,,1,True,95.146,Jeddah,0
HUL,24.0,HARD,24.0,1.0,0 days 00:01:35.429000,,,1,True,95.429,Jeddah,0
HUL,25.0,HARD,25.0,1.0,0 days 00:01:35.286000,,,1,True,95.286,Jeddah,0
HUL,26.0,HARD,26.0,1.0,0 days 00:01:35.872000,,,1,True,95.872,Jeddah,0
HUL,27.0,HARD,27.0,1.0,0 days 00:01:35.344000,,,1,True,95.344,Jeddah,0
HUL,28.0,HARD,28.0,1.0,0 days 00:01:36.979000,,,1,True,96.979,Jeddah,0
HUL,29.0,HARD,29.0,1.0,0 days 00:01:36.220000,,,1,True,96.22,Jeddah,0
HUL,30.0,HARD,30.0,1.0,0 days 00:01:35.485000,,,1,True,95.485,Jeddah,0
HUL,31.0,HARD,31.0,1.0,0 days 00:01:35.047000,,,1,True,95.047,Jeddah,0
HUL,32.0,HARD,32.0,1.0,0 days 00:01:35.368000,,,1,True,95.368,Jeddah,0
HUL,35.0,MEDIUM,2.0,2.0,0 days 00:01:33.658000,,,1,True,93.658,Jeddah,0
HUL,36.0,MEDIUM,3.0,2.0,0 days 00:01:34.282000,,,1,True,94.282,Jeddah,0
HUL,37.0,MEDIUM,4.0,2.0,0 days 00:01:34.157000,,,1,True,94.157,Jeddah,0
HUL,38.0,MEDIUM,5.0,2.0,0 days 00:01:33.515000,,,1,True,93.515,Jeddah,0
HUL,39.0,MEDIUM,6.0,2.0,0 days 00:01:33.446000,,,1,True,93.446,Jeddah,0
HUL,40.0,MEDIUM,7.0,2.0,0 days 00:01:33.533000,,,1,True,93.533,Jeddah,0
HUL,41.0,MEDIUM,8.0,2.0,0 days 00:01:34.291000,,,1,True,94.291,Jeddah,0
HUL,42.0,MEDIUM,9.0,2.0,0 days 00:01:34.128000,,,1,True,94.128,Jeddah,0
HUL,43.0,MEDIUM,10.0,2.0,0 days 00:01:33.606000,,,1,True,93.606,Jeddah,0
HUL,44.0,MEDIUM,11.0,2.0,0 days 00:01:33.851000,,,1,True,93.851,Jeddah,0
HUL,45.0,MEDIUM,12.0,2.0,0 days 00:01:34.029000,,,1,True,94.029,Jeddah,0
HUL,46.0,MEDIUM,13.0,2.0,0 days 00:01:34.244000,,,1,True,94.244,Jeddah,0
HUL,47.0,MEDIUM,14.0,2.0,0 days 00:01:34.133000,,,1,True,94.133,Jeddah,0
HUL,48.0,MEDIUM,15.0,2.0,0 days 00:01:34.230000,,,1,True,94.23,Jeddah,0
HUL,49.0,MEDIUM,16.0,2.0,0 days 00:01:38.447000,,,1,True,98.447,Jeddah,0
STR,4.0,HARD,5.0,1.0,0 days 00:01:37.990000,,,1,True,97.99,Jeddah,0
STR,5.0,HARD,6.0,1.0,0 days 00:01:36.355000,,,1,True,96.355,Jeddah,0
STR,6.0,HARD,7.0,1.0,0 days 00:01:35.992000,,,1,True,95.992,Jeddah,0
STR,7.0,HARD,8.0,1.0,0 days 00:01:35.425000,,,1,True,95.425,Jeddah,0
STR,8.0,HARD,9.0,1.0,0 days 00:01:35.586000,,,1,True,95.586,Jeddah,0
STR,9.0,HARD,10.0,1.0,0 days 00:01:35.783000,,,1,True,95.783,Jeddah,0
STR,10.0,HARD,11.0,1.0,0 days 00:01:35.564000,,,1,True,95.564,Jeddah,0
STR,11.0,HARD,12.0,1.0,0 days 00:01:35.714000,,,1,True,95.714,Jeddah,0
STR,12.0,HARD,13.0,1.0,0 days 00:01:36.148000,,,1,True,96.148,Jeddah,0
STR,13.0,HARD,14.0,1.0,0 days 00:01:35.801000,,,1,True,95.801,Jeddah,0
STR,14.0,HARD,15.0,1.0,0 days 00:01:36.027000,,,1,True,96.027,Jeddah,0
STR,15.0,HARD,16.0,1.0,0 days 00:01:35.970000,,,1,True,95.97,Jeddah,0
STR,16.0,HARD,17.0,1.0,0 days 00:01:35.999000,,,1,True,95.999,Jeddah,0
STR,17.0,HARD,18.0,1.0,0 days 00:01:35.892000,,,1,True,95.892,Jeddah,0
STR,18.0,HARD,19.0,1.0,0 days 00:01:36.123000,,,1,True,96.123,Jeddah,0
STR,19.0,HARD,20.0,1.0,0 days 00:01:35.768000,,,1,True,95.768,Jeddah,0
STR,20.0,HARD,21.0,1.0,0 days 00:01:35.717000,,,1,True,95.717,Jeddah,0
STR,21.0,HARD,22.0,1.0,0 days 00:01:35.665000,,,1,True,95.665,Jeddah,0
STR,22.0,HARD,23.0,1.0,0 days 00:01:35.747000,,,1,True,95.747,Jeddah,0
STR,23.0,HARD,24.0,1.0,0 days 00:01:35.642000,,,1,True,95.642,Jeddah,0
STR,24.0,HARD,25.0,1.0,0 days 00:01:35.691000,,,1,True,95.691,Jeddah,0
STR,25.0,HARD,26.0,1.0,0 days 00:01:35.267000,,,1,True,95.267,Jeddah,0
STR,26.0,HARD,27.0,1.0,0 days 00:01:35.290000,,,1,True,95.29,Jeddah,0
STR,27.0,HARD,28.0,1.0,0 days 00:01:35.219000,,,1,True,95.219,Jeddah,0
STR,28.0,HARD,29.0,1.0,0 days 00:01:35.394000,,,1,True,95.394,Jeddah,0
STR,29.0,HARD,30.0,1.0,0 days 00:01:35.171000,,,1,True,95.171,Jeddah,0
STR,30.0,HARD,31.0,1.0,0 days 00:01:35.254000,,,1,True,95.254,Jeddah,0
STR,31.0,HARD,32.0,1.0,0 days 00:01:36.856000,,,1,True,96.856,Jeddah,0
STR,32.0,HARD,33.0,1.0,0 days 00:01:35.746000,,,1,True,95.746,Jeddah,0
STR,33.0,HARD,34.0,1.0,0 days 00:01:35.184000,,,1,True,95.184,Jeddah,0
STR,34.0,HARD,35.0,1.0,0 days 00:01:35.180000,,,1,True,95.18,Jeddah,0
STR,35.0,HARD,36.0,1.0,0 days 00:01:35.190000,,,1,True,95.19,Jeddah,0
STR,36.0,HARD,37.0,1.0,0 days 00:01:35.173000,,,1,True,95.173,Jeddah,0
STR,37.0,HARD,38.0,1.0,0 days 00:01:35.966000,,,1,True,95.966,Jeddah,0
STR,38.0,HARD,39.0,1.0,0 days 00:01:35.327000,,,1,True,95.327,Jeddah,0
STR,41.0,MEDIUM,3.0,2.0,0 days 00:01:33.453000,,,1,True,93.453,Jeddah,0
STR,42.0,MEDIUM,4.0,2.0,0 days 00:01:33.372000,,,1,True,93.372,Jeddah,0
STR,43.0,MEDIUM,5.0,2.0,0 days 00:01:32.876000,,,1,True,92.876,Jeddah,0
STR,44.0,MEDIUM,6.0,2.0,0 days 00:01:32.745000,,,1,True,92.745,Jeddah,0
STR,45.0,MEDIUM,7.0,2.0,0 days 00:01:34.891000,,,1,True,94.891,Jeddah,0
STR,46.0,MEDIUM,8.0,2.0,0 days 00:01:34.254000,,,1,True,94.254,Jeddah,0
STR,47.0,MEDIUM,9.0,2.0,0 days 00:01:33.363000,,,1,True,93.363,Jeddah,0
STR,48.0,MEDIUM,10.0,2.0,0 days 00:01:35.026000,,,1,True,95.026,Jeddah,0
STR,49.0,MEDIUM,11.0,2.0,0 days 00:01:33.207000,,,1,True,93.207,Jeddah,0
DOO,4.0,HARD,3.0,2.0,0 days 00:01:38.096000,,,1,True,98.096,Jeddah,0
DOO,5.0,HARD,4.0,2.0,0 days 00:01:36.720000,,,1,True,96.72,Jeddah,0
DOO,6.0,HARD,5.0,2.0,0 days 00:01:35.928000,,,1,True,95.928,Jeddah,0
DOO,7.0,HARD,6.0,2.0,0 days 00:01:35.558000,,,1,True,95.558,Jeddah,0
DOO,8.0,HARD,7.0,2.0,0 days 00:01:35.407000,,,1,True,95.407,Jeddah,0
DOO,9.0,HARD,8.0,2.0,0 days 00:01:35.612000,,,1,True,95.612,Jeddah,0
DOO,10.0,HARD,9.0,2.0,0 days 00:01:36.202000,,,1,True,96.202,Jeddah,0
DOO,11.0,HARD,10.0,2.0,0 days 00:01:35.967000,,,1,True,95.967,Jeddah,0
DOO,12.0,HARD,11.0,2.0,0 days 00:01:35.805000,,,1,True,95.805,Jeddah,0
DOO,13.0,HARD,12.0,2.0,0 days 00:01:36.006000,,,1,True,96.006,Jeddah,0
DOO,14.0,HARD,13.0,2.0,0 days 00:01:35.713000,,,1,True,95.713,Jeddah,0
DOO,15.0,HARD,14.0,2.0,0 days 00:01:36.929000,,,1,True,96.929,Jeddah,0
DOO,16.0,HARD,15.0,2.0,0 days 00:01:36.094000,,,1,True,96.094,Jeddah,0
DOO,17.0,HARD,16.0,2.0,0 days 00:01:35.843000,,,1,True,95.843,Jeddah,0
DOO,18.0,HARD,17.0,2.0,0 days 00:01:35.547000,,,1,True,95.547,Jeddah,0
DOO,19.0,HARD,18.0,2.0,0 days 00:01:36.466000,,,1,True,96.466,Jeddah,0
DOO,20.0,HARD,19.0,2.0,0 days 00:01:36.593000,,,1,True,96.593,Jeddah,0
DOO,21.0,HARD,20.0,2.0,0 days 00:01:37.546000,,,1,True,97.546,Jeddah,0
DOO,22.0,HARD,21.0,2.0,0 days 00:01:36.055000,,,1,True,96.055,Jeddah,0
DOO,23.0,HARD,22.0,2.0,0 days 00:01:36.058000,,,1,True,96.058,Jeddah,0
DOO,24.0,HARD,23.0,2.0,0 days 00:01:36.474000,,,1,True,96.474,Jeddah,0
DOO,25.0,HARD,24.0,2.0,0 days 00:01:36.225000,,,1,True,96.225,Jeddah,0
DOO,26.0,HARD,25.0,2.0,0 days 00:01:35.604000,,,1,True,95.604,Jeddah,0
DOO,27.0,HARD,26.0,2.0,0 days 00:01:36.248000,,,1,True,96.248,Jeddah,0
DOO,28.0,HARD,27.0,2.0,0 days 00:01:36.920000,,,1,True,96.92,Jeddah,0
DOO,29.0,HARD,28.0,2.0,0 days 00:01:36.424000,,,1,True,96.424,Jeddah,0
DOO,30.0,HARD,29.0,2.0,0 days 00:01:35.546000,,,1,True,95.546,Jeddah,0
DOO,31.0,HARD,30.0,2.0,0 days 00:01:36.998000,,,1,True,96.998,Jeddah,0
DOO,34.0,HARD,2.0,3.0,0 days 00:01:33.259000,,,1,True,93.259,Jeddah,0
DOO,35.0,HARD,3.0,3.0,0 days 00:01:33.419000,,,1,True,93.419,Jeddah,0
DOO,36.0,HARD,4.0,3.0,0 days 00:01:33.757000,,,1,True,93.757,Jeddah,0
DOO,37.0,HARD,5.0,3.0,0 days 00:01:33.586000,,,1,True,93.586,Jeddah,0
DOO,38.0,HARD,6.0,3.0,0 days 00:01:33.515000,,,1,True,93.515,Jeddah,0
DOO,39.0,HARD,7.0,3.0,0 days 00:01:33.851000,,,1,True,93.851,Jeddah,0
DOO,40.0,HARD,8.0,3.0,0 days 00:01:34.852000,,,1,True,94.852,Jeddah,0
DOO,41.0,HARD,9.0,3.0,0 days 00:01:35.780000,,,1,True,95.78,Jeddah,0
DOO,42.0,HARD,10.0,3.0,0 days 00:01:35.677000,,,1,True,95.677,Jeddah,0
DOO,43.0,HARD,11.0,3.0,0 days 00:01:34.589000,,,1,True,94.589,Jeddah,0
DOO,44.0,HARD,12.0,3.0,0 days 00:01:36.120000,,,1,True,96.12,Jeddah,0
DOO,45.0,HARD,13.0,3.0,0 days 00:01:36.501000,,,1,True,96.501,Jeddah,0
DOO,46.0,HARD,14.0,3.0,0 days 00:01:34.425000,,,1,True,94.425,Jeddah,0
DOO,47.0,HARD,15.0,3.0,0 days 00:01:34.270000,,,1,True,94.27,Jeddah,0
DOO,48.0,HARD,16.0,3.0,0 days 00:01:33.150000,,,1,True,93.15,Jeddah,0
DOO,49.0,HARD,17.0,3.0,0 days 00:01:33.906000,,,1,True,93.906,Jeddah,0
BOR,4.0,HARD,3.0,2.0,0 days 00:01:38.211000,,,1,True,98.211,Jeddah,0
BOR,5.0,HARD,4.0,2.0,0 days 00:01:36.931000,,,1,True,96.931,Jeddah,0
BOR,6.0,HARD,5.0,2.0,0 days 00:01:36.526000,,,1,True,96.526,Jeddah,0
BOR,7.0,HARD,6.0,2.0,0 days 00:01:36.300000,,,1,True,96.3,Jeddah,0
BOR,8.0,HARD,7.0,2.0,0 days 00:01:36.994000,,,1,True,96.994,Jeddah,0
BOR,9.0,HARD,8.0,2.0,0 days 00:01:35.575000,,,1,True,95.575,Jeddah,0
BOR,10.0,HARD,9.0,2.0,0 days 00:01:35.590000,,,1,True,95.59,Jeddah,0
BOR,11.0,HARD,10.0,2.0,0 days 00:01:35.738000,,,1,True,95.738,Jeddah,0
BOR,12.0,HARD,11.0,2.0,0 days 00:01:35.810000,,,1,True,95.81,Jeddah,0
BOR,13.0,HARD,12.0,2.0,0 days 00:01:35.972000,,,1,True,95.972,Jeddah,0
BOR,14.0,HARD,13.0,2.0,0 days 00:01:36.006000,,,1,True,96.006,Jeddah,0
BOR,15.0,HARD,14.0,2.0,0 days 00:01:36.196000,,,1,True,96.196,Jeddah,0
BOR,16.0,HARD,15.0,2.0,0 days 00:01:36.199000,,,1,True,96.199,Jeddah,0
BOR,17.0,HARD,16.0,2.0,0 days 00:01:36.087000,,,1,True,96.087,Jeddah,0
BOR,18.0,HARD,17.0,2.0,0 days 00:01:36.045000,,,1,True,96.045,Jeddah,0
BOR,19.0,HARD,18.0,2.0,0 days 00:01:36.091000,,,1,True,96.091,Jeddah,0
BOR,20.0,HARD,19.0,2.0,0 days 00:01:36.004000,,,1,True,96.004,Jeddah,0
BOR,21.0,HARD,20.0,2.0,0 days 00:01:36.354000,,,1,True,96.354,Jeddah,0
BOR,22.0,HARD,21.0,2.0,0 days 00:01:36.605000,,,1,True,96.605,Jeddah,0
BOR,23.0,HARD,22.0,2.0,0 days 00:01:36.614000,,,1,True,96.614,Jeddah,0
BOR,24.0,HARD,23.0,2.0,0 days 00:01:37.032000,,,1,True,97.032,Jeddah,0
BOR,25.0,HARD,24.0,2.0,0 days 00:01:37.371000,,,1,True,97.371,Jeddah,0
BOR,26.0,HARD,25.0,2.0,0 days 00:01:36.924000,,,1,True,96.924,Jeddah,0
BOR,27.0,HARD,26.0,2.0,0 days 00:01:36.757000,,,1,True,96.757,Jeddah,0
BOR,28.0,HARD,27.0,2.0,0 days 00:01:35.567000,,,1,True,95.567,Jeddah,0
BOR,29.0,HARD,28.0,2.0,0 days 00:01:35.117000,,,1,True,95.117,Jeddah,0
BOR,30.0,HARD,29.0,2.0,0 days 00:01:35.107000,,,1,True,95.107,Jeddah,0
BOR,31.0,HARD,30.0,2.0,0 days 00:01:35.554000,,,1,True,95.554,Jeddah,0
BOR,32.0,HARD,31.0,2.0,0 days 00:01:35.195000,,,1,True,95.195,Jeddah,0
BOR,33.0,HARD,32.0,2.0,0 days 00:01:35.019000,,,1,True,95.019,Jeddah,0
BOR,34.0,HARD,33.0,2.0,0 days 00:01:34.994000,,,1,True,94.994,Jeddah,0
BOR,35.0,HARD,34.0,2.0,0 days 00:01:34.748000,,,1,True,94.748,Jeddah,0
BOR,36.0,HARD,35.0,2.0,0 days 00:01:34.979000,,,1,True,94.979,Jeddah,0
BOR,37.0,HARD,36.0,2.0,0 days 00:01:34.603000,,,1,True,94.603,Jeddah,0
BOR,38.0,HARD,37.0,2.0,0 days 00:01:34.747000,,,1,True,94.747,Jeddah,0
BOR,39.0,HARD,38.0,2.0,0 days 00:01:34.447000,,,1,True,94.447,Jeddah,0
BOR,40.0,HARD,39.0,2.0,0 days 00:01:34.466000,,,1,True,94.466,Jeddah,0
BOR,41.0,HARD,40.0,2.0,0 days 00:01:34.890000,,,1,True,94.89,Jeddah,0
BOR,42.0,HARD,41.0,2.0,0 days 00:01:36.922000,,,1,True,96.922,Jeddah,0
BOR,43.0,HARD,42.0,2.0,0 days 00:01:35.355000,,,1,True,95.355,Jeddah,0
BOR,44.0,HARD,43.0,2.0,0 days 00:01:34.825000,,,1,True,94.825,Jeddah,0
BOR,45.0,HARD,44.0,2.0,0 days 00:01:35.517000,,,1,True,95.517,Jeddah,0
BOR,46.0,HARD,45.0,2.0,0 days 00:01:38.984000,,,1,True,98.984,Jeddah,0
BOR,47.0,HARD,46.0,2.0,0 days 00:01:38.344000,,,1,True,98.344,Jeddah,0
BOR,48.0,HARD,47.0,2.0,0 days 00:01:37.130000,,,1,True,97.13,Jeddah,0
BOR,49.0,HARD,48.0,2.0,0 days 00:01:35.698000,,,1,True,95.698,Jeddah,0
VER,5.0,MEDIUM,5.0,1.0,0 days 00:01:37.421000,,,1,True,97.421,Las Vegas,0
VER,6.0,MEDIUM,6.0,1.0,0 days 00:01:36.594000,,,1,True,96.594,Las Vegas,0
VER,7.0,MEDIUM,7.0,1.0,0 days 00:01:36.383000,,,1,True,96.383,Las Vegas,0
VER,8.0,MEDIUM,8.0,1.0,0 days 00:01:36.602000,,,1,True,96.602,Las Vegas,0
VER,9.0,MEDIUM,9.0,1.0,0 days 00:01:36.319000,,,1,True,96.319,Las Vegas,0
VER,10.0,MEDIUM,10.0,1.0,0 days 00:01:36.899000,,,1,True,96.899,Las Vegas,0
VER,11.0,MEDIUM,11.0,1.0,0 days 00:01:36.420000,,,1,True,96.42,Las Vegas,0
VER,12.0,MEDIUM,12.0,1.0,0 days 00:01:36.453000,,,1,True,96.453,Las Vegas,0
VER,13.0,MEDIUM,13.0,1.0,0 days 00:01:36.101000,,,1,True,96.101,Las Vegas,0
VER,14.0,MEDIUM,14.0,1.0,0 days 00:01:36.209000,,,1,True,96.209,Las Vegas,0
VER,15.0,MEDIUM,15.0,1.0,0 days 00:01:36.326000,,,1,True,96.326,Las Vegas,0
VER,17.0,MEDIUM,17.0,1.0,0 days 00:01:36.139000,,,1,True,96.139,Las Vegas,0
VER,18.0,MEDIUM,18.0,1.0,0 days 00:01:35.857000,,,1,True,95.857,Las Vegas,0
VER,19.0,MEDIUM,19.0,1.0,0 days 00:01:35.860000,,,1,True,95.86,Las Vegas,0
VER,20.0,MEDIUM,20.0,1.0,0 days 00:01:35.756000,,,1,True,95.756,Las Vegas,0
VER,21.0,MEDIUM,21.0,1.0,0 days 00:01:35.574000,,,1,True,95.574,Las Vegas,0
VER,22.0,MEDIUM,22.0,1.0,0 days 00:01:35.789000,,,1,True,95.789,Las Vegas,0
VER,23.0,MEDIUM,23.0,1.0,0 days 00:01:35.958000,,,1,True,95.958,Las Vegas,0
VER,24.0,MEDIUM,24.0,1.0,0 days 00:01:35.807000,,,1,True,95.807,Las Vegas,0
VER,27.0,HARD,2.0,2.0,0 days 00:01:35.016000,,,1,True,95.016,Las Vegas,0
VER,28.0,HARD,3.0,2.0,0 days 00:01:35.229000,,,1,True,95.229,Las Vegas,0
VER,29.0,HARD,4.0,2.0,0 days 00:01:35.019000,,,1,True,95.019,Las Vegas,0
VER,30.0,HARD,5.0,2.0,0 days 00:01:35.098000,,,1,True,95.098,Las Vegas,0
VER,31.0,HARD,6.0,2.0,0 days 00:01:34.893000,,,1,True,94.893,Las Vegas,0
VER,32.0,HARD,7.0,2.0,0 days 00:01:35.127000,,,1,True,95.127,Las Vegas,0
VER,33.0,HARD,8.0,2.0,0 days 00:01:34.701000,,,1,True,94.701,Las Vegas,0
VER,34.0,HARD,9.0,2.0,0 days 00:01:34.446000,,,1,True,94.446,Las Vegas,0
VER,35.0,HARD,10.0,2.0,0 days 00:01:34.634000,,,1,True,94.634,Las Vegas,0
VER,36.0,HARD,11.0,2.0,0 days 00:01:34.216000,,,1,True,94.216,Las Vegas,0
VER,37.0,HARD,12.0,2.0,0 days 00:01:34.200000,,,1,True,94.2,Las Vegas,0
VER,38.0,HARD,13.0,2.0,0 days 00:01:34.371000,,,1,True,94.371,Las Vegas,0
VER,39.0,HARD,14.0,2.0,0 days 00:01:34.192000,,,1,True,94.192,Las Vegas,0
VER,40.0,HARD,15.0,2.0,0 days 00:01:34.030000,,,1,True,94.03,Las Vegas,0
VER,41.0,HARD,16.0,2.0,0 days 00:01:34.093000,,,1,True,94.093,Las Vegas,0
VER,42.0,HARD,17.0,2.0,0 days 00:01:34.133000,,,1,True,94.133,Las Vegas,0
VER,43.0,HARD,18.0,2.0,0 days 00:01:34.026000,,,1,True,94.026,Las Vegas,0
VER,44.0,HARD,19.0,2.0,0 days 00:01:34.470000,,,1,True,94.47,Las Vegas,0
VER,45.0,HARD,20.0,2.0,0 days 00:01:34.169000,,,1,True,94.169,Las Vegas,0
VER,46.0,HARD,21.0,2.0,0 days 00:01:34.017000,,,1,True,94.017,Las Vegas,0
VER,47.0,HARD,22.0,2.0,0 days 00:01:33.895000,,,1,True,93.895,Las Vegas,0
VER,48.0,HARD,23.0,2.0,0 days 00:01:34.122000,,,1,True,94.122,Las Vegas,0
VER,49.0,HARD,24.0,2.0,0 days 00:01:34.093000,,,1,True,94.093,Las Vegas,0
VER,50.0,HARD,25.0,2.0,0 days 00:01:33.365000,,,1,True,93.365,Las Vegas,0
RUS,5.0,MEDIUM,5.0,1.0,0 days 00:01:36.909000,,,1,True,96.909,Las Vegas,0
RUS,6.0,MEDIUM,6.0,1.0,0 days 00:01:36.463000,,,1,True,96.463,Las Vegas,0
RUS,7.0,MEDIUM,7.0,1.0,0 days 00:01:36.525000,,,1,True,96.525,Las Vegas,0
RUS,8.0,MEDIUM,8.0,1.0,0 days 00:01:36.926000,,,1,True,96.926,Las Vegas,0
RUS,9.0,MEDIUM,9.0,1.0,0 days 00:01:36.760000,,,1,True,96.76,Las Vegas,0
RUS,10.0,MEDIUM,10.0,1.0,0 days 00:01:36.803000,,,1,True,96.803,Las Vegas,0
RUS,11.0,MEDIUM,11.0,1.0,0 days 00:01:36.802000,,,1,True,96.802,Las Vegas,0
RUS,12.0,MEDIUM,12.0,1.0,0 days 00:01:36.364000,,,1,True,96.364,Las Vegas,0
RUS,13.0,MEDIUM,13.0,1.0,0 days 00:01:36.183000,,,1,True,96.183,Las Vegas,0
RUS,14.0,MEDIUM,14.0,1.0,0 days 00:01:36.273000,,,1,True,96.273,Las Vegas,0
RUS,15.0,MEDIUM,15.0,1.0,0 days 00:01:36.363000,,,1,True,96.363,Las Vegas,0
RUS,19.0,HARD,2.0,2.0,0 days 00:01:35.869000,,,1,True,95.869,Las Vegas,0
RUS,20.0,HARD,3.0,2.0,0 days 00:01:35.731000,,,1,True,95.731,Las Vegas,0
RUS,21.0,HARD,4.0,2.0,0 days 00:01:35.740000,,,1,True,95.74,Las Vegas,0
RUS,22.0,HARD,5.0,2.0,0 days 00:01:36.045000,,,1,True,96.045,Las Vegas,0
RUS,23.0,HARD,6.0,2.0,0 days 00:01:35.639000,,,1,True,95.639,Las Vegas,0
RUS,24.0,HARD,7.0,2.0,0 days 00:01:35.727000,,,1,True,95.727,Las Vegas,0
RUS,25.0,HARD,8.0,2.0,0 days 00:01:35.314000,,,1,True,95.314,Las Vegas,0
RUS,26.0,HARD,9.0,2.0,0 days 00:01:35.457000,,,1,True,95.457,Las Vegas,0
RUS,27.0,HARD,10.0,2.0,0 days 00:01:35.355000,,,1,True,95.355,Las Vegas,0
RUS,28.0,HARD,11.0,2.0,0 days 00:01:35.383000,,,1,True,95.383,Las Vegas,0
RUS,29.0,HARD,12.0,2.0,0 days 00:01:35.580000,,,1,True,95.58,Las Vegas,0
RUS,30.0,HARD,13.0,2.0,0 days 00:01:35.447000,,,1,True,95.447,Las Vegas,0
RUS,31.0,HARD,14.0,2.0,0 days 00:01:35.339000,,,1,True,95.339,Las Vegas,0
RUS,32.0,HARD,15.0,2.0,0 days 00:01:35.296000,,,1,True,95.296,Las Vegas,0
RUS,33.0,HARD,16.0,2.0,0 days 00:01:35.367000,,,1,True,95.367,Las Vegas,0
RUS,34.0,HARD,17.0,2.0,0 days 00:01:35.990000,,,1,True,95.99,Las Vegas,0
RUS,35.0,HARD,18.0,2.0,0 days 00:01:35.415000,,,1,True,95.415,Las Vegas,0
RUS,36.0,HARD,19.0,2.0,0 days 00:01:35.473000,,,1,True,95.473,Las Vegas,0
RUS,37.0,HARD,20.0,2.0,0 days 00:01:35.070000,,,1,True,95.07,Las Vegas,0
RUS,38.0,HARD,21.0,2.0,0 days 00:01:35.197000,,,1,True,95.197,Las Vegas,0
RUS,39.0,HARD,22.0,2.0,0 days 00:01:35.327000,,,1,True,95.327,Las Vegas,0
RUS,40.0,HARD,23.0,2.0,0 days 00:01:35.681000,,,1,True,95.681,Las Vegas,0
RUS,41.0,HARD,24.0,2.0,0 days 00:01:35.442000,,,1,True,95.442,Las Vegas,0
RUS,42.0,HARD,25.0,2.0,0 days 00:01:35.062000,,,1,True,95.062,Las Vegas,0
RUS,43.0,HARD,26.0,2.0,0 days 00:01:35.249000,,,1,True,95.249,Las Vegas,0
RUS,44.0,HARD,27.0,2.0,0 days 00:01:35.256000,,,1,True,95.256,Las Vegas,0
RUS,45.0,HARD,28.0,2.0,0 days 00:01:35.345000,,,1,True,95.345,Las Vegas,0
RUS,46.0,HARD,29.0,2.0,0 days 00:01:35.482000,,,1,True,95.482,Las Vegas,0
RUS,47.0,HARD,30.0,2.0,0 days 00:01:35.144000,,,1,True,95.144,Las Vegas,0
RUS,48.0,HARD,31.0,2.0,0 days 00:01:35.338000,,,1,True,95.338,Las Vegas,0
RUS,49.0,HARD,32.0,2.0,0 days 00:01:34.991000,,,1,True,94.991,Las Vegas,0
RUS,50.0,HARD,33.0,2.0,0 days 00:01:34.592000,,,1,True,94.592,Las Vegas,0
ANT,4.0,HARD,2.0,2.0,0 days 00:01:38.509000,,,1,True,98.509,Las Vegas,0
ANT,5.0,HARD,3.0,2.0,0 days 00:01:37.941000,,,1,True,97.941,Las Vegas,0
ANT,6.0,HARD,4.0,2.0,0 days 00:01:37.213000,,,1,True,97.213,Las Vegas,0
ANT,7.0,HARD,5.0,2.0,0 days 00:01:36.941000,,,1,True,96.941,Las Vegas,0
ANT,8.0,HARD,6.0,2.0,0 days 00:01:36.414000,,,1,True,96.414,Las Vegas,0
ANT,9.0,HARD,7.0,2.0,0 days 00:01:37.319000,,,1,True,97.319,Las Vegas,0
ANT,10.0,HARD,8.0,2.0,0 days 00:01:37.692000,,,1,True,97.692,Las Vegas,0
ANT,11.0,HARD,9.0,2.0,0 days 00:01:36.888000,,,1,True,96.888,Las Vegas,0
ANT,12.0,HARD,10.0,2.0,0 days 00:01:36.293000,,,1,True,96.293,Las Vegas,0
ANT,13.0,HARD,11.0,2.0,0 days 00:01:35.868000,,,1,True,95.868,Las Vegas,0
ANT,14.0,HARD,12.0,2.0,0 days 00:01:36.271000,,,1,True,96.271,Las Vegas,0
ANT,17.0,HARD,15.0,2.0,0 days 00:01:36.602000,,,1,True,96.602,Las Vegas,0
ANT,18.0,HARD,16.0,2.0,0 days 00:01:35.968000,,,1,True,95.968,Las Vegas,0
ANT,19.0,HARD,17.0,2.0,0 days 00:01:35.682000,,,1,True,95.682,Las Vegas,0
ANT,20.0,HARD,18.0,2.0,0 days 00:01:36.186000,,,1,True,96.186,Las Vegas,0
ANT,21.0,HARD,19.0,2.0,0 days 00:01:36.430000,,,1,True,96.43,Las Vegas,0
ANT,22.0,HARD,20.0,2.0,0 days 00:01:36.437000,,,1,True,96.437,Las Vegas,0
ANT,23.0,HARD,21.0,2.0,0 days 00:01:36.281000,,,1,True,96.281,Las Vegas,0
ANT,24.0,HARD,22.0,2.0,0 days 00:01:36.181000,,,1,True,96.181,Las Vegas,0
ANT,25.0,HARD,23.0,2.0,0 days 00:01:35.539000,,,1,True,95.539,Las Vegas,0
ANT,26.0,HARD,24.0,2.0,0 days 00:01:35.320000,,,1,True,95.32,Las Vegas,0
ANT,27.0,HARD,25.0,2.0,0 days 00:01:35.289000,,,1,True,95.289,Las Vegas,0
ANT,28.0,HARD,26.0,2.0,0 days 00:01:35.695000,,,1,True,95.695,Las Vegas,0
ANT,29.0,HARD,27.0,2.0,0 days 00:01:36.397000,,,1,True,96.397,Las Vegas,0
ANT,30.0,HARD,28.0,2.0,0 days 00:01:35.615000,,,1,True,95.615,Las Vegas,0
ANT,31.0,HARD,29.0,2.0,0 days 00:01:35.740000,,,1,True,95.74,Las Vegas,0
ANT,32.0,HARD,30.0,2.0,0 days 00:01:35.527000,,,1,True,95.527,Las Vegas,0
ANT,33.0,HARD,31.0,2.0,0 days 00:01:35.496000,,,1,True,95.496,Las Vegas,0
ANT,34.0,HARD,32.0,2.0,0 days 00:01:35.116000,,,1,True,95.116,Las Vegas,0
ANT,35.0,HARD,33.0,2.0,0 days 00:01:35.139000,,,1,True,95.139,Las Vegas,0
ANT,36.0,HARD,34.0,2.0,0 days 00:01:35.179000,,,1,True,95.179,Las Vegas,0
ANT,37.0,HARD,35.0,2.0,0 days 00:01:35.159000,,,1,True,95.159,Las Vegas,0
ANT,38.0,HARD,36.0,2.0,0 days 00:01:35.433000,,,1,True,95.433,Las Vegas,0
ANT,39.0,HARD,37.0,2.0,0 days 00:01:35.026000,,,1,True,95.026,Las Vegas,0
ANT,40.0,HARD,38.0,2.0,0 days 00:01:34.415000,,,1,True,94.415,Las Vegas,0
ANT,41.0,HARD,39.0,2.0,0 days 00:01:34.756000,,,1,True,94.756,Las Vegas,0
ANT,42.0,HARD,40.0,2.0,0 days 00:01:34.531000,,,1,True,94.531,Las Vegas,0
ANT,43.0,HARD,41.0,2.0,0 days 00:01:34.629000,,,1,True,94.629,Las Vegas,0
ANT,44.0,HARD,42.0,2.0,0 days 00:01:34.382000,,,1,True,94.382,Las Vegas,0
ANT,45.0,HARD,43.0,2.0,0 days 00:01:34.228000,,,1,True,94.228,Las Vegas,0
ANT,46.0,HARD,44.0,2.0,0 days 00:01:34.329000,,,1,True,94.329,Las Vegas,0
ANT,47.0,HARD,45.0,2.0,0 days 00:01:34.331000,,,1,True,94.331,Las Vegas,0
ANT,48.0,HARD,46.0,2.0,0 days 00:01:33.998000,,,1,True,93.998,Las Vegas,0
ANT,49.0,HARD,47.0,2.0,0 days 00:01:34.042000,,,1,True,94.042,Las Vegas,0
ANT,50.0,HARD,48.0,2.0,0 days 00:01:34.068000,,,1,True,94.068,Las Vegas,0
LEC,5.0,MEDIUM,5.0,1.0,0 days 00:01:38.077000,,,1,True,98.077,Las Vegas,0
LEC,6.0,MEDIUM,6.0,1.0,0 days 00:01:37.724000,,,1,True,97.724,Las Vegas,0
LEC,7.0,MEDIUM,7.0,1.0,0 days 00:01:36.928000,,,1,True,96.928,Las Vegas,0
LEC,8.0,MEDIUM,8.0,1.0,0 days 00:01:36.628000,,,1,True,96.628,Las Vegas,0
LEC,9.0,MEDIUM,9.0,1.0,0 days 00:01:36.595000,,,1,True,96.595,Las Vegas,0
LEC,10.0,MEDIUM,10.0,1.0,0 days 00:01:36.724000,,,1,True,96.724,Las Vegas,0
LEC,11.0,MEDIUM,11.0,1.0,0 days 00:01:36.826000,,,1,True,96.826,Las Vegas,0
LEC,12.0,MEDIUM,12.0,1.0,0 days 00:01:36.517000,,,1,True,96.517,Las Vegas,0
LEC,13.0,MEDIUM,13.0,1.0,0 days 00:01:37.273000,,,1,True,97.273,Las Vegas,0
LEC,14.0,MEDIUM,14.0,1.0,0 days 00:01:36.834000,,,1,True,96.834,Las Vegas,0
LEC,15.0,MEDIUM,15.0,1.0,0 days 00:01:36.373000,,,1,True,96.373,Las Vegas,0
LEC,17.0,MEDIUM,17.0,1.0,0 days 00:01:36.411000,,,1,True,96.411,Las Vegas,0
LEC,18.0,MEDIUM,18.0,1.0,0 days 00:01:36.225000,,,1,True,96.225,Las Vegas,0
LEC,19.0,MEDIUM,19.0,1.0,0 days 00:01:36.523000,,,1,True,96.523,Las Vegas,0
LEC,20.0,MEDIUM,20.0,1.0,0 days 00:01:36.627000,,,1,True,96.627,Las Vegas,0
LEC,21.0,MEDIUM,21.0,1.0,0 days 00:01:36.254000,,,1,True,96.254,Las Vegas,0
LEC,22.0,MEDIUM,22.0,1.0,0 days 00:01:38.007000,,,1,True,98.007,Las Vegas,0
LEC,23.0,MEDIUM,23.0,1.0,0 days 00:01:36.700000,,,1,True,96.7,Las Vegas,0
LEC,26.0,HARD,2.0,2.0,0 days 00:01:35.541000,,,1,True,95.541,Las Vegas,0
LEC,27.0,HARD,3.0,2.0,0 days 00:01:35.283000,,,1,True,95.283,Las Vegas,0
LEC,28.0,HARD,4.0,2.0,0 days 00:01:35.404000,,,1,True,95.404,Las Vegas,0
LEC,29.0,HARD,5.0,2.0,0 days 00:01:34.947000,,,1,True,94.947,Las Vegas,0
LEC,30.0,HARD,6.0,2.0,0 days 00:01:35.002000,,,1,True,95.002,Las Vegas,0
LEC,31.0,HARD,7.0,2.0,0 days 00:01:34.762000,,,1,True,94.762,Las Vegas,0
LEC,32.0,HARD,8.0,2.0,0 days 00:01:34.754000,,,1,True,94.754,Las Vegas,0
LEC,33.0,HARD,9.0,2.0,0 days 00:01:34.965000,,,1,True,94.965,Las Vegas,0
LEC,34.0,HARD,10.0,2.0,0 days 00:01:34.660000,,,1,True,94.66,Las Vegas,0
LEC,35.0,HARD,11.0,2.0,0 days 00:01:34.762000,,,1,True,94.762,Las Vegas,0
LEC,36.0,HARD,12.0,2.0,0 days 00:01:34.608000,,,1,True,94.608,Las Vegas,0
LEC,37.0,HARD,13.0,2.0,0 days 00:01:34.674000,,,1,True,94.674,Las Vegas,0
LEC,38.0,HARD,14.0,2.0,0 days 00:01:34.404000,,,1,True,94.404,Las Vegas,0
LEC,39.0,HARD,15.0,2.0,0 days 00:01:35.393000,,,1,True,95.393,Las Vegas,0
LEC,40.0,HARD,16.0,2.0,0 days 00:01:34.763000,,,1,True,94.763,Las Vegas,0
LEC,41.0,HARD,17.0,2.0,0 days 00:01:34.430000,,,1,True,94.43,Las Vegas,0
LEC,42.0,HARD,18.0,2.0,0 days 00:01:34.661000,,,1,True,94.661,Las Vegas,0
LEC,43.0,HARD,19.0,2.0,0 days 00:01:34.304000,,,1,True,94.304,Las Vegas,0
LEC,44.0,HARD,20.0,2.0,0 days 00:01:34.965000,,,1,True,94.965,Las Vegas,0
LEC,45.0,HARD,21.0,2.0,0 days 00:01:34.458000,,,1,True,94.458,Las Vegas,0
LEC,46.0,HARD,22.0,2.0,0 days 00:01:34.636000,,,1,True,94.636,Las Vegas,0
LEC,47.0,HARD,23.0,2.0,0 days 00:01:34.778000,,,1,True,94.778,Las Vegas,0
LEC,48.0,HARD,24.0,2.0,0 days 00:01:35.090000,,,1,True,95.09,Las Vegas,0
LEC,49.0,HARD,25.0,2.0,0 days 00:01:34.990000,,,1,True,94.99,Las Vegas,0
LEC,50.0,HARD,26.0,2.0,0 days 00:01:34.669000,,,1,True,94.669,Las Vegas,0
SAI,5.0,MEDIUM,5.0,1.0,0 days 00:01:37.791000,,,1,True,97.791,Las Vegas,0
SAI,6.0,MEDIUM,6.0,1.0,0 days 00:01:37.577000,,,1,True,97.577,Las Vegas,0
SAI,7.0,MEDIUM,7.0,1.0,0 days 00:01:37.166000,,,1,True,97.166,Las Vegas,0
SAI,8.0,MEDIUM,8.0,1.0,0 days 00:01:37.101000,,,1,True,97.101,Las Vegas,0
SAI,9.0,MEDIUM,9.0,1.0,0 days 00:01:37.088000,,,1,True,97.088,Las Vegas,0
SAI,10.0,MEDIUM,10.0,1.0,0 days 00:01:37.365000,,,1,True,97.365,Las Vegas,0
SAI,11.0,MEDIUM,11.0,1.0,0 days 00:01:37.027000,,,1,True,97.027,Las Vegas,0
SAI,12.0,MEDIUM,12.0,1.0,0 days 00:01:36.984000,,,1,True,96.984,Las Vegas,0
SAI,13.0,MEDIUM,13.0,1.0,0 days 00:01:37.081000,,,1,True,97.081,Las Vegas,0
SAI,14.0,MEDIUM,14.0,1.0,0 days 00:01:36.997000,,,1,True,96.997,Las Vegas,0
SAI,15.0,MEDIUM,15.0,1.0,0 days 00:01:36.835000,,,1,True,96.835,Las Vegas,0
SAI,17.0,MEDIUM,17.0,1.0,0 days 00:01:36.350000,,,1,True,96.35,Las Vegas,0
SAI,18.0,MEDIUM,18.0,1.0,0 days 00:01:36.717000,,,1,True,96.717,Las Vegas,0
SAI,19.0,MEDIUM,19.0,1.0,0 days 00:01:36.753000,,,1,True,96.753,Las Vegas,0
SAI,20.0,MEDIUM,20.0,1.0,0 days 00:01:37.189000,,,1,True,97.189,Las Vegas,0
SAI,21.0,MEDIUM,21.0,1.0,0 days 00:01:37.183000,,,1,True,97.183,Las Vegas,0
SAI,24.0,HARD,2.0,2.0,0 days 00:01:35.922000,,,1,True,95.922,Las Vegas,0
SAI,25.0,HARD,3.0,2.0,0 days 00:01:36.907000,,,1,True,96.907,Las Vegas,0
SAI,26.0,HARD,4.0,2.0,0 days 00:01:35.626000,,,1,True,95.626,Las Vegas,0
SAI,27.0,HARD,5.0,2.0,0 days 00:01:35.490000,,,1,True,95.49,Las Vegas,0
SAI,28.0,HARD,6.0,2.0,0 days 00:01:35.452000,,,1,True,95.452,Las Vegas,0
SAI,29.0,HARD,7.0,2.0,0 days 00:01:35.534000,,,1,True,95.534,Las Vegas,0
SAI,30.0,HARD,8.0,2.0,0 days 00:01:35.139000,,,1,True,95.139,Las Vegas,0
SAI,31.0,HARD,9.0,2.0,0 days 00:01:35.332000,,,1,True,95.332,Las Vegas,0
SAI,32.0,HARD,10.0,2.0,0 days 00:01:35.153000,,,1,True,95.153,Las Vegas,0
SAI,33.0,HARD,11.0,2.0,0 days 00:01:35.050000,,,1,True,95.05,Las Vegas,0
SAI,34.0,HARD,12.0,2.0,0 days 00:01:35.289000,,,1,True,95.289,Las Vegas,0
SAI,35.0,HARD,13.0,2.0,0 days 00:01:34.809000,,,1,True,94.809,Las Vegas,0
SAI,36.0,HARD,14.0,2.0,0 days 00:01:34.832000,,,1,True,94.832,Las Vegas,0
SAI,37.0,HARD,15.0,2.0,0 days 00:01:34.746000,,,1,True,94.746,Las Vegas,0
SAI,38.0,HARD,16.0,2.0,0 days 00:01:34.692000,,,1,True,94.692,Las Vegas,0
SAI,39.0,HARD,17.0,2.0,0 days 00:01:34.637000,,,1,True,94.637,Las Vegas,0
SAI,40.0,HARD,18.0,2.0,0 days 00:01:34.795000,,,1,True,94.795,Las Vegas,0
SAI,41.0,HARD,19.0,2.0,0 days 00:01:34.707000,,,1,True,94.707,Las Vegas,0
SAI,42.0,HARD,20.0,2.0,0 days 00:01:34.496000,,,1,True,94.496,Las Vegas,0
SAI,43.0,HARD,21.0,2.0,0 days 00:01:34.511000,,,1,True,94.511,Las Vegas,0
SAI,44.0,HARD,22.0,2.0,0 days 00:01:34.722000,,,1,True,94.722,Las Vegas,0
SAI,45.0,HARD,23.0,2.0,0 days 00:01:34.739000,,,1,True,94.739,Las Vegas,0
SAI,46.0,HARD,24.0,2.0,0 days 00:01:34.717000,,,1,True,94.717,Las Vegas,0
SAI,47.0,HARD,25.0,2.0,0 days 00:01:34.873000,,,1,True,94.873,Las Vegas,0
SAI,48.0,HARD,26.0,2.0,0 days 00:01:34.908000,,,1,True,94.908,Las Vegas,0
SAI,49.0,HARD,27.0,2.0,0 days 00:01:35.212000,,,1,True,95.212,Las Vegas,0
SAI,50.0,HARD,28.0,2.0,0 days 00:01:34.876000,,,1,True,94.876,Las Vegas,0
HAD,5.0,MEDIUM,5.0,1.0,0 days 00:01:37.646000,,,1,True,97.646,Las Vegas,0
HAD,6.0,MEDIUM,6.0,1.0,0 days 00:01:37.565000,,,1,True,97.565,Las Vegas,0
HAD,7.0,MEDIUM,7.0,1.0,0 days 00:01:37.132000,,,1,True,97.132,Las Vegas,0
HAD,8.0,MEDIUM,8.0,1.0,0 days 00:01:37.012000,,,1,True,97.012,Las Vegas,0
HAD,9.0,MEDIUM,9.0,1.0,0 days 00:01:37.202000,,,1,True,97.202,Las Vegas,0
HAD,10.0,MEDIUM,10.0,1.0,0 days 00:01:37.252000,,,1,True,97.252,Las Vegas,0
HAD,11.0,MEDIUM,11.0,1.0,0 days 00:01:37.439000,,,1,True,97.439,Las Vegas,0
HAD,12.0,MEDIUM,12.0,1.0,0 days 00:01:37.850000,,,1,True,97.85,Las Vegas,0
HAD,13.0,MEDIUM,13.0,1.0,0 days 00:01:38.181000,,,1,True,98.181,Las Vegas,0
HAD,14.0,MEDIUM,14.0,1.0,0 days 00:01:37.481000,,,1,True,97.481,Las Vegas,0
HAD,15.0,MEDIUM,15.0,1.0,0 days 00:01:37.285000,,,1,True,97.285,Las Vegas,0
HAD,17.0,MEDIUM,17.0,1.0,0 days 00:01:37.437000,,,1,True,97.437,Las Vegas,0
HAD,18.0,MEDIUM,18.0,1.0,0 days 00:01:37.381000,,,1,True,97.381,Las Vegas,0
HAD,19.0,MEDIUM,19.0,1.0,0 days 00:01:37.099000,,,1,True,97.099,Las Vegas,0
HAD,22.0,HARD,2.0,2.0,0 days 00:01:36.407000,,,1,True,96.407,Las Vegas,0
HAD,23.0,HARD,3.0,2.0,0 days 00:01:36.106000,,,1,True,96.106,Las Vegas,0
HAD,24.0,HARD,4.0,2.0,0 days 00:01:36.125000,,,1,True,96.125,Las Vegas,0
HAD,25.0,HARD,5.0,2.0,0 days 00:01:36.117000,,,1,True,96.117,Las Vegas,0
HAD,26.0,HARD,6.0,2.0,0 days 00:01:35.772000,,,1,True,95.772,Las Vegas,0
HAD,27.0,HARD,7.0,2.0,0 days 00:01:35.700000,,,1,True,95.7,Las Vegas,0
HAD,28.0,HARD,8.0,2.0,0 days 00:01:35.774000,,,1,True,95.774,Las Vegas,0
HAD,29.0,HARD,9.0,2.0,0 days 00:01:35.476000,,,1,True,95.476,Las Vegas,0
HAD,30.0,HARD,10.0,2.0,0 days 00:01:35.360000,,,1,True,95.36,Las Vegas,0
HAD,31.0,HARD,11.0,2.0,0 days 00:01:35.576000,,,1,True,95.576,Las Vegas,0
HAD,32.0,HARD,12.0,2.0,0 days 00:01:35.291000,,,1,True,95.291,Las Vegas,0
HAD,33.0,HARD,13.0,2.0,0 days 00:01:35.573000,,,1,True,95.573,Las Vegas,0
HAD,34.0,HARD,14.0,2.0,0 days 00:01:35.342000,,,1,True,95.342,Las Vegas,0
HAD,35.0,HARD,15.0,2.0,0 days 00:01:35.400000,,,1,True,95.4,Las Vegas,0
HAD,36.0,HARD,16.0,2.0,0 days 00:01:35.345000,,,1,True,95.345,Las Vegas,0
HAD,37.0,HARD,17.0,2.0,0 days 00:01:35.359000,,,1,True,95.359,Las Vegas,0
HAD,38.0,HARD,18.0,2.0,0 days 00:01:34.931000,,,1,True,94.931,Las Vegas,0
HAD,39.0,HARD,19.0,2.0,0 days 00:01:35.376000,,,1,True,95.376,Las Vegas,0
HAD,40.0,HARD,20.0,2.0,0 days 00:01:35.243000,,,1,True,95.243,Las Vegas,0
HAD,41.0,HARD,21.0,2.0,0 days 00:01:35.082000,,,1,True,95.082,Las Vegas,0
HAD,42.0,HARD,22.0,2.0,0 days 00:01:35.069000,,,1,True,95.069,Las Vegas,0
HAD,43.0,HARD,23.0,2.0,0 days 00:01:35.102000,,,1,True,95.102,Las Vegas,0
HAD,44.0,HARD,24.0,2.0,0 days 00:01:34.883000,,,1,True,94.883,Las Vegas,0
HAD,45.0,HARD,25.0,2.0,0 days 00:01:35.045000,,,1,True,95.045,Las Vegas,0
HAD,46.0,HARD,26.0,2.0,0 days 00:01:34.897000,,,1,True,94.897,Las Vegas,0
HAD,47.0,HARD,27.0,2.0,0 days 00:01:34.904000,,,1,True,94.904,Las Vegas,0
HAD,48.0,HARD,28.0,2.0,0 days 00:01:34.876000,,,1,True,94.876,Las Vegas,0
HAD,49.0,HARD,29.0,2.0,0 days 00:01:34.807000,,,1,True,94.807,Las Vegas,0
HAD,50.0,HARD,30.0,2.0,0 days 00:01:34.620000,,,1,True,94.62,Las Vegas,0
HUL,5.0,HARD,5.0,1.0,0 days 00:01:38.282000,,,1,True,98.282,Las Vegas,0
HUL,6.0,HARD,6.0,1.0,0 days 00:01:38.732000,,,1,True,98.732,Las Vegas,0
HUL,7.0,HARD,7.0,1.0,0 days 00:01:38.385000,,,1,True,98.385,Las Vegas,0
HUL,8.0,HARD,8.0,1.0,0 days 00:01:37.516000,,,1,True,97.516,Las Vegas,0
HUL,9.0,HARD,9.0,1.0,0 days 00:01:37.984000,,,1,True,97.984,Las Vegas,0
HUL,10.0,HARD,10.0,1.0,0 days 00:01:37.434000,,,1,True,97.434,Las Vegas,0
HUL,11.0,HARD,11.0,1.0,0 days 00:01:37.380000,,,1,True,97.38,Las Vegas,0
HUL,12.0,HARD,12.0,1.0,0 days 00:01:37.251000,,,1,True,97.251,Las Vegas,0
HUL,13.0,HARD,13.0,1.0,0 days 00:01:37.432000,,,1,True,97.432,Las Vegas,0
HUL,14.0,HARD,14.0,1.0,0 days 00:01:37.508000,,,1,True,97.508,Las Vegas,0
HUL,15.0,HARD,15.0,1.0,0 days 00:01:37.708000,,,1,True,97.708,Las Vegas,0
HUL,17.0,HARD,17.0,1.0,0 days 00:01:36.381000,,,1,True,96.381,Las Vegas,0
HUL,18.0,HARD,18.0,1.0,0 days 00:01:36.525000,,,1,True,96.525,Las Vegas,0
HUL,19.0,HARD,19.0,1.0,0 days 00:01:36.798000,,,1,True,96.798,Las Vegas,0
HUL,20.0,HARD,20.0,1.0,0 days 00:01:36.414000,,,1,True,96.414,Las Vegas,0
HUL,21.0,HARD,21.0,1.0,0 days 00:01:36.694000,,,1,True,96.694,Las Vegas,0
HUL,22.0,HARD,22.0,1.0,0 days 00:01:36.180000,,,1,True,96.18,Las Vegas,0
HUL,23.0,HARD,23.0,1.0,0 days 00:01:36.108000,,,1,True,96.108,Las Vegas,0
HUL,24.0,HARD,24.0,1.0,0 days 00:01:35.892000,,,1,True,95.892,Las Vegas,0
HUL,25.0,HARD,25.0,1.0,0 days 00:01:35.883000,,,1,True,95.883,Las Vegas,0
HUL,26.0,HARD,26.0,1.0,0 days 00:01:36.186000,,,1,True,96.186,Las Vegas,0
HUL,27.0,HARD,27.0,1.0,0 days 00:01:36.219000,,,1,True,96.219,Las Vegas,0
HUL,28.0,HARD,28.0,1.0,0 days 00:01:36.316000,,,1,True,96.316,Las Vegas,0
HUL,29.0,HARD,29.0,1.0,0 days 00:01:36.413000,,,1,True,96.413,Las Vegas,0
HUL,32.0,MEDIUM,2.0,2.0,0 days 00:01:35.328000,,,1,True,95.328,Las Vegas,0
HUL,33.0,MEDIUM,3.0,2.0,0 days 00:01:35.229000,,,1,True,95.229,Las Vegas,0
HUL,34.0,MEDIUM,4.0,2.0,0 days 00:01:35.228000,,,1,True,95.228,Las Vegas,0
HUL,35.0,MEDIUM,5.0,2.0,0 days 00:01:35.049000,,,1,True,95.049,Las Vegas,0
HUL,36.0,MEDIUM,6.0,2.0,0 days 00:01:35.053000,,,1,True,95.053,Las Vegas,0
HUL,37.0,MEDIUM,7.0,2.0,0 days 00:01:35.362000,,,1,True,95.362,Las Vegas,0
HUL,38.0,MEDIUM,8.0,2.0,0 days 00:01:35.425000,,,1,True,95.425,Las Vegas,0
HUL,39.0,MEDIUM,9.0,2.0,0 days 00:01:35.078000,,,1,True,95.078,Las Vegas,0
HUL,40.0,MEDIUM,10.0,2.0,0 days 00:01:34.784000,,,1,True,94.784,Las Vegas,0
HUL,41.0,MEDIUM,11.0,2.0,0 days 00:01:34.827000,,,1,True,94.827,Las Vegas,0
HUL,42.0,MEDIUM,12.0,2.0,0 days 00:01:34.860000,,,1,True,94.86,Las Vegas,0
HUL,43.0,MEDIUM,13.0,2.0,0 days 00:01:34.925000,,,1,True,94.925,Las Vegas,0
HUL,44.0,MEDIUM,14.0,2.0,0 days 00:01:34.823000,,,1,True,94.823,Las Vegas,0
HUL,45.0,MEDIUM,15.0,2.0,0 days 00:01:34.805000,,,1,True,94.805,Las Vegas,0
HUL,46.0,MEDIUM,16.0,2.0,0 days 00:01:34.817000,,,1,True,94.817,Las Vegas,0
HUL,47.0,MEDIUM,17.0,2.0,0 days 00:01:34.713000,,,1,True,94.713,Las Vegas,0
HUL,48.0,MEDIUM,18.0,2.0,0 days 00:01:34.676000,,,1,True,94.676,Las Vegas,0
HUL,49.0,MEDIUM,19.0,2.0,0 days 00:01:34.592000,,,1,True,94.592,Las Vegas,0
HUL,50.0,MEDIUM,20.0,2.0,0 days 00:01:35.172000,,,1,True,95.172,Las Vegas,0
HAM,4.0,HARD,4.0,1.0,0 days 00:01:40.526000,,,1,True,100.526,Las Vegas,0
HAM,5.0,HARD,5.0,1.0,0 days 00:01:37.668000,,,1,True,97.668,Las Vegas,0
HAM,6.0,HARD,6.0,1.0,0 days 00:01:37.526000,,,1,True,97.526,Las Vegas,0
HAM,7.0,HARD,7.0,1.0,0 days 00:01:37.563000,,,1,True,97.563,Las Vegas,0
HAM,8.0,HARD,8.0,1.0,0 days 00:01:37.934000,,,1,True,97.934,Las Vegas,0
HAM,9.0,HARD,9.0,1.0,0 days 00:01:38.256000,,,1,True,98.256,Las Vegas,0
HAM,10.0,HARD,10.0,1.0,0 days 00:01:37.372000,,,1,True,97.372,Las Vegas,0
HAM,11.0,HARD,11.0,1.0,0 days 00:01:37.213000,,,1,True,97.213,Las Vegas,0
HAM,12.0,HARD,12.0,1.0,0 days 00:01:37.373000,,,1,True,97.373,Las Vegas,0
HAM,13.0,HARD,13.0,1.0,0 days 00:01:39.433000,,,1,True,99.433,Las Vegas,0
HAM,14.0,HARD,14.0,1.0,0 days 00:01:37.131000,,,1,True,97.131,Las Vegas,0
HAM,17.0,HARD,17.0,1.0,0 days 00:01:36.431000,,,1,True,96.431,Las Vegas,0
HAM,18.0,HARD,18.0,1.0,0 days 00:01:36.641000,,,1,True,96.641,Las Vegas,0
HAM,19.0,HARD,19.0,1.0,0 days 00:01:36.756000,,,1,True,96.756,Las Vegas,0
HAM,20.0,HARD,20.0,1.0,0 days 00:01:36.708000,,,1,True,96.708,Las Vegas,0
HAM,21.0,HARD,21.0,1.0,0 days 00:01:36.137000,,,1,True,96.137,Las Vegas,0
HAM,22.0,HARD,22.0,1.0,0 days 00:01:36.091000,,,1,True,96.091,Las Vegas,0
HAM,23.0,HARD,23.0,1.0,0 days 00:01:35.880000,,,1,True,95.88,Las Vegas,0
HAM,24.0,HARD,24.0,1.0,0 days 00:01:35.987000,,,1,True,95.987,Las Vegas,0
HAM,25.0,HARD,25.0,1.0,0 days 00:01:35.753000,,,1,True,95.753,Las Vegas,0
HAM,26.0,HARD,26.0,1.0,0 days 00:01:35.903000,,,1,True,95.903,Las Vegas,0
HAM,27.0,HARD,27.0,1.0,0 days 00:01:36.175000,,,1,True,96.175,Las Vegas,0
HAM,28.0,HARD,28.0,1.0,0 days 00:01:35.994000,,,1,True,95.994,Las Vegas,0
HAM,31.0,MEDIUM,2.0,2.0,0 days 00:01:36.074000,,,1,True,96.074,Las Vegas,0
HAM,32.0,MEDIUM,3.0,2.0,0 days 00:01:35.699000,,,1,True,95.699,Las Vegas,0
HAM,33.0,MEDIUM,4.0,2.0,0 days 00:01:35.140000,,,1,True,95.14,Las Vegas,0
HAM,34.0,MEDIUM,5.0,2.0,0 days 00:01:35.693000,,,1,True,95.693,Las Vegas,0
HAM,35.0,MEDIUM,6.0,2.0,0 days 00:01:35.494000,,,1,True,95.494,Las Vegas,0
HAM,36.0,MEDIUM,7.0,2.0,0 days 00:01:35.311000,,,1,True,95.311,Las Vegas,0
HAM,37.0,MEDIUM,8.0,2.0,0 days 00:01:35.569000,,,1,True,95.569,Las Vegas,0
HAM,38.0,MEDIUM,9.0,2.0,0 days 00:01:35.345000,,,1,True,95.345,Las Vegas,0
HAM,39.0,MEDIUM,10.0,2.0,0 days 00:01:35.186000,,,1,True,95.186,Las Vegas,0
HAM,40.0,MEDIUM,11.0,2.0,0 days 00:01:35.178000,,,1,True,95.178,Las Vegas,0
HAM,41.0,MEDIUM,12.0,2.0,0 days 00:01:35.127000,,,1,True,95.127,Las Vegas,0
HAM,42.0,MEDIUM,13.0,2.0,0 days 00:01:35.149000,,,1,True,95.149,Las Vegas,0
HAM,43.0,MEDIUM,14.0,2.0,0 days 00:01:35.437000,,,1,True,95.437,Las Vegas,0
HAM,44.0,MEDIUM,15.0,2.0,0 days 00:01:35.751000,,,1,True,95.751,Las Vegas,0
HAM,45.0,MEDIUM,16.0,2.0,0 days 00:01:35.995000,,,1,True,95.995,Las Vegas,0
HAM,46.0,MEDIUM,17.0,2.0,0 days 00:01:34.773000,,,1,True,94.773,Las Vegas,0
HAM,47.0,MEDIUM,18.0,2.0,0 days 00:01:34.940000,,,1,True,94.94,Las Vegas,0
HAM,48.0,MEDIUM,19.0,2.0,0 days 00:01:34.885000,,,1,True,94.885,Las Vegas,0
HAM,49.0,MEDIUM,20.0,2.0,0 days 00:01:34.553000,,,1,True,94.553,Las Vegas,0
HAM,50.0,MEDIUM,21.0,2.0,0 days 00:01:34.700000,,,1,True,94.7,Las Vegas,0
OCO,5.0,MEDIUM,5.0,1.0,0 days 00:01:38.135000,,,1,True,98.135,Las Vegas,0
OCO,6.0,MEDIUM,6.0,1.0,0 days 00:01:38.354000,,,1,True,98.354,Las Vegas,0
OCO,7.0,MEDIUM,7.0,1.0,0 days 00:01:37.908000,,,1,True,97.908,Las Vegas,0
OCO,8.0,MEDIUM,8.0,1.0,0 days 00:01:37.750000,,,1,True,97.75,Las Vegas,0
OCO,9.0,MEDIUM,9.0,1.0,0 days 00:01:38.033000,,,1,True,98.033,Las Vegas,0
OCO,10.0,MEDIUM,10.0,1.0,0 days 00:01:37.324000,,,1,True,97.324,Las Vegas,0
OCO,11.0,MEDIUM,11.0,1.0,0 days 00:01:37.786000,,,1,True,97.786,Las Vegas,0
OCO,12.0,MEDIUM,12.0,1.0,0 days 00:01:37.365000,,,1,True,97.365,Las Vegas,0
OCO,13.0,MEDIUM,13.0,1.0,0 days 00:01:37.500000,,,1,True,97.5,Las Vegas,0
OCO,14.0,MEDIUM,14.0,1.0,0 days 00:01:37.678000,,,1,True,97.678,Las Vegas,0
OCO,17.0,MEDIUM,17.0,1.0,0 days 00:01:36.710000,,,1,True,96.71,Las Vegas,0
OCO,18.0,MEDIUM,18.0,1.0,0 days 00:01:36.990000,,,1,True,96.99,Las Vegas,0
OCO,19.0,MEDIUM,19.0,1.0,0 days 00:01:36.965000,,,1,True,96.965,Las Vegas,0
OCO,20.0,MEDIUM,20.0,1.0,0 days 00:01:37.482000,,,1,True,97.482,Las Vegas,0
OCO,21.0,MEDIUM,21.0,1.0,0 days 00:01:37.170000,,,1,True,97.17,Las Vegas,0
OCO,22.0,MEDIUM,22.0,1.0,0 days 00:01:36.537000,,,1,True,96.537,Las Vegas,0
OCO,23.0,MEDIUM,23.0,1.0,0 days 00:01:36.234000,,,1,True,96.234,Las Vegas,0
OCO,24.0,MEDIUM,24.0,1.0,0 days 00:01:37.271000,,,1,True,97.271,Las Vegas,0
OCO,25.0,MEDIUM,25.0,1.0,0 days 00:01:37.240000,,,1,True,97.24,Las Vegas,0
OCO,26.0,MEDIUM,26.0,1.0,0 days 00:01:36.900000,,,1,True,96.9,Las Vegas,0
OCO,29.0,HARD,2.0,2.0,0 days 00:01:35.309000,,,1,True,95.309,Las Vegas,0
OCO,30.0,HARD,3.0,2.0,0 days 00:01:35.253000,,,1,True,95.253,Las Vegas,0
OCO,31.0,HARD,4.0,2.0,0 days 00:01:35.351000,,,1,True,95.351,Las Vegas,0
OCO,32.0,HARD,5.0,2.0,0 days 00:01:35.977000,,,1,True,95.977,Las Vegas,0
OCO,33.0,HARD,6.0,2.0,0 days 00:01:35.774000,,,1,True,95.774,Las Vegas,0
OCO,34.0,HARD,7.0,2.0,0 days 00:01:35.565000,,,1,True,95.565,Las Vegas,0
OCO,35.0,HARD,8.0,2.0,0 days 00:01:35.339000,,,1,True,95.339,Las Vegas,0
OCO,36.0,HARD,9.0,2.0,0 days 00:01:35.475000,,,1,True,95.475,Las Vegas,0
OCO,37.0,HARD,10.0,2.0,0 days 00:01:35.339000,,,1,True,95.339,Las Vegas,0
OCO,38.0,HARD,11.0,2.0,0 days 00:01:35.261000,,,1,True,95.261,Las Vegas,0
OCO,39.0,HARD,12.0,2.0,0 days 00:01:35.343000,,,1,True,95.343,Las Vegas,0
OCO,40.0,HARD,13.0,2.0,0 days 00:01:35.332000,,,1,True,95.332,Las Vegas,0
OCO,41.0,HARD,14.0,2.0,0 days 00:01:35.484000,,,1,True,95.484,Las Vegas,0
OCO,42.0,HARD,15.0,2.0,0 days 00:01:35.341000,,,1,True,95.341,Las Vegas,0
OCO,43.0,HARD,16.0,2.0,0 days 00:01:35.282000,,,1,True,95.282,Las Vegas,0
OCO,44.0,HARD,17.0,2.0,0 days 00:01:35.017000,,,1,True,95.017,Las Vegas,0
OCO,45.0,HARD,18.0,2.0,0 days 00:01:34.833000,,,1,True,94.833,Las Vegas,0
OCO,46.0,HARD,19.0,2.0,0 days 00:01:34.847000,,,1,True,94.847,Las Vegas,0
OCO,47.0,HARD,20.0,2.0,0 days 00:01:34.604000,,,1,True,94.604,Las Vegas,0
OCO,48.0,HARD,21.0,2.0,0 days 00:01:34.557000,,,1,True,94.557,Las Vegas,0
OCO,49.0,HARD,22.0,2.0,0 days 00:01:34.608000,,,1,True,94.608,Las Vegas,0
OCO,50.0,HARD,23.0,2.0,0 days 00:01:34.734000,,,1,True,94.734,Las Vegas,0
BEA,5.0,MEDIUM,5.0,1.0,0 days 00:01:39.360000,,,1,True,99.36,Las Vegas,0
BEA,6.0,MEDIUM,6.0,1.0,0 days 00:01:38.329000,,,1,True,98.329,Las Vegas,0
BEA,7.0,MEDIUM,7.0,1.0,0 days 00:01:38.270000,,,1,True,98.27,Las Vegas,0
BEA,8.0,MEDIUM,8.0,1.0,0 days 00:01:37.720000,,,1,True,97.72,Las Vegas,0
BEA,9.0,MEDIUM,9.0,1.0,0 days 00:01:37.713000,,,1,True,97.713,Las Vegas,0
BEA,10.0,MEDIUM,10.0,1.0,0 days 00:01:37.478000,,,1,True,97.478,Las Vegas,0
BEA,11.0,MEDIUM,11.0,1.0,0 days 00:01:37.189000,,,1,True,97.189,Las Vegas,0
BEA,12.0,MEDIUM,12.0,1.0,0 days 00:01:37.197000,,,1,True,97.197,Las Vegas,0
BEA,13.0,MEDIUM,13.0,1.0,0 days 00:01:37.402000,,,1,True,97.402,Las Vegas,0
BEA,14.0,MEDIUM,14.0,1.0,0 days 00:01:37.565000,,,1,True,97.565,Las Vegas,0
BEA,15.0,MEDIUM,15.0,1.0,0 days 00:01:37.414000,,,1,True,97.414,Las Vegas,0
BEA,19.0,HARD,2.0,2.0,0 days 00:01:36.646000,,,1,True,96.646,Las Vegas,0
BEA,20.0,HARD,3.0,2.0,0 days 00:01:36.850000,,,1,True,96.85,Las Vegas,0
BEA,21.0,HARD,4.0,2.0,0 days 00:01:36.661000,,,1,True,96.661,Las Vegas,0
BEA,22.0,HARD,5.0,2.0,0 days 00:01:36.892000,,,1,True,96.892,Las Vegas,0
BEA,23.0,HARD,6.0,2.0,0 days 00:01:37.219000,,,1,True,97.219,Las Vegas,0
BEA,24.0,HARD,7.0,2.0,0 days 00:01:36.938000,,,1,True,96.938,Las Vegas,0
BEA,25.0,HARD,8.0,2.0,0 days 00:01:36.328000,,,1,True,96.328,Las Vegas,0
BEA,26.0,HARD,9.0,2.0,0 days 00:01:35.893000,,,1,True,95.893,Las Vegas,0
BEA,27.0,HARD,10.0,2.0,0 days 00:01:36.019000,,,1,True,96.019,Las Vegas,0
BEA,28.0,HARD,11.0,2.0,0 days 00:01:35.962000,,,1,True,95.962,Las Vegas,0
BEA,29.0,HARD,12.0,2.0,0 days 00:01:35.781000,,,1,True,95.781,Las Vegas,0
BEA,30.0,HARD,13.0,2.0,0 days 00:01:37.025000,,,1,True,97.025,Las Vegas,0
BEA,31.0,HARD,14.0,2.0,0 days 00:01:36.786000,,,1,True,96.786,Las Vegas,0
BEA,32.0,HARD,15.0,2.0,0 days 00:01:36.464000,,,1,True,96.464,Las Vegas,0
BEA,33.0,HARD,16.0,2.0,0 days 00:01:36.545000,,,1,True,96.545,Las Vegas,0
BEA,34.0,HARD,17.0,2.0,0 days 00:01:36.530000,,,1,True,96.53,Las Vegas,0
BEA,35.0,HARD,18.0,2.0,0 days 00:01:35.994000,,,1,True,95.994,Las Vegas,0
BEA,36.0,HARD,19.0,2.0,0 days 00:01:35.829000,,,1,True,95.829,Las Vegas,0
BEA,37.0,HARD,20.0,2.0,0 days 00:01:35.855000,,,1,True,95.855,Las Vegas,0
BEA,38.0,HARD,21.0,2.0,0 days 00:01:36.120000,,,1,True,96.12,Las Vegas,0
BEA,39.0,HARD,22.0,2.0,0 days 00:01:35.874000,,,1,True,95.874,Las Vegas,0
BEA,40.0,HARD,23.0,2.0,0 days 00:01:35.917000,,,1,True,95.917,Las Vegas,0
BEA,41.0,HARD,24.0,2.0,0 days 00:01:35.720000,,,1,True,95.72,Las Vegas,0
BEA,42.0,HARD,25.0,2.0,0 days 00:01:35.510000,,,1,True,95.51,Las Vegas,0
BEA,43.0,HARD,26.0,2.0,0 days 00:01:35.501000,,,1,True,95.501,Las Vegas,0
BEA,44.0,HARD,27.0,2.0,0 days 00:01:35.397000,,,1,True,95.397,Las Vegas,0
BEA,45.0,HARD,28.0,2.0,0 days 00:01:35.333000,,,1,True,95.333,Las Vegas,0
BEA,46.0,HARD,29.0,2.0,0 days 00:01:35.605000,,,1,True,95.605,Las Vegas,0
BEA,47.0,HARD,30.0,2.0,0 days 00:01:35.473000,,,1,True,95.473,Las Vegas,0
BEA,48.0,HARD,31.0,2.0,0 days 00:01:35.094000,,,1,True,95.094,Las Vegas,0
BEA,49.0,HARD,32.0,2.0,0 days 00:01:36.453000,,,1,True,96.453,Las Vegas,0
BEA,50.0,HARD,33.0,2.0,0 days 00:01:34.519000,,,1,True,94.519,Las Vegas,0
ALO,5.0,MEDIUM,5.0,1.0,0 days 00:01:38.308000,,,1,True,98.308,Las Vegas,0
ALO,6.0,MEDIUM,6.0,1.0,0 days 00:01:38.617000,,,1,True,98.617,Las Vegas,0
ALO,7.0,MEDIUM,7.0,1.0,0 days 00:01:37.804000,,,1,True,97.804,Las Vegas,0
ALO,8.0,MEDIUM,8.0,1.0,0 days 00:01:38.260000,,,1,True,98.26,Las Vegas,0
ALO,9.0,MEDIUM,9.0,1.0,0 days 00:01:37.625000,,,1,True,97.625,Las Vegas,0
ALO,10.0,MEDIUM,10.0,1.0,0 days 00:01:37.566000,,,1,True,97.566,Las Vegas,0
ALO,11.0,MEDIUM,11.0,1.0,0 days 00:01:37.381000,,,1,True,97.381,Las Vegas,0
ALO,12.0,MEDIUM,12.0,1.0,0 days 00:01:37.372000,,,1,True,97.372,Las Vegas,0
ALO,13.0,MEDIUM,13.0,1.0,0 days 00:01:37.590000,,,1,True,97.59,Las Vegas,0
ALO,14.0,MEDIUM,14.0,1.0,0 days 00:01:37.627000,,,1,True,97.627,Las Vegas,0
ALO,15.0,MEDIUM,15.0,1.0,0 days 00:01:37.731000,,,1,True,97.731,Las Vegas,0
ALO,18.0,HARD,2.0,2.0,0 days 00:01:36.920000,,,1,True,96.92,Las Vegas,0
ALO,19.0,HARD,3.0,2.0,0 days 00:01:36.828000,,,1,True,96.828,Las Vegas,0
ALO,20.0,HARD,4.0,2.0,0 days 00:01:36.956000,,,1,True,96.956,Las Vegas,0
ALO,21.0,HARD,5.0,2.0,0 days 00:01:37.046000,,,1,True,97.046,Las Vegas,0
ALO,22.0,HARD,6.0,2.0,0 days 00:01:36.608000,,,1,True,96.608,Las Vegas,0
ALO,23.0,HARD,7.0,2.0,0 days 00:01:37.240000,,,1,True,97.24,Las Vegas,0
ALO,24.0,HARD,8.0,2.0,0 days 00:01:36.686000,,,1,True,96.686,Las Vegas,0
ALO,25.0,HARD,9.0,2.0,0 days 00:01:36.413000,,,1,True,96.413,Las Vegas,0
ALO,26.0,HARD,10.0,2.0,0 days 00:01:36.291000,,,1,True,96.291,Las Vegas,0
ALO,27.0,HARD,11.0,2.0,0 days 00:01:36.241000,,,1,True,96.241,Las Vegas,0
ALO,28.0,HARD,12.0,2.0,0 days 00:01:36.346000,,,1,True,96.346,Las Vegas,0
ALO,29.0,HARD,13.0,2.0,0 days 00:01:36.192000,,,1,True,96.192,Las Vegas,0
ALO,30.0,HARD,14.0,2.0,0 days 00:01:37.079000,,,1,True,97.079,Las Vegas,0
ALO,31.0,HARD,15.0,2.0,0 days 00:01:37.639000,,,1,True,97.639,Las Vegas,0
ALO,32.0,HARD,16.0,2.0,0 days 00:01:37.133000,,,1,True,97.133,Las Vegas,0
ALO,33.0,HARD,17.0,2.0,0 days 00:01:36.543000,,,1,True,96.543,Las Vegas,0
ALO,34.0,HARD,18.0,2.0,0 days 00:01:36.222000,,,1,True,96.222,Las Vegas,0
ALO,35.0,HARD,19.0,2.0,0 days 00:01:36.046000,,,1,True,96.046,Las Vegas,0
ALO,36.0,HARD,20.0,2.0,0 days 00:01:35.760000,,,1,True,95.76,Las Vegas,0
ALO,37.0,HARD,21.0,2.0,0 days 00:01:35.893000,,,1,True,95.893,Las Vegas,0
ALO,38.0,HARD,22.0,2.0,0 days 00:01:35.874000,,,1,True,95.874,Las Vegas,0
ALO,39.0,HARD,23.0,2.0,0 days 00:01:36.138000,,,1,True,96.138,Las Vegas,0
ALO,40.0,HARD,24.0,2.0,0 days 00:01:35.850000,,,1,True,95.85,Las Vegas,0
ALO,41.0,HARD,25.0,2.0,0 days 00:01:35.629000,,,1,True,95.629,Las Vegas,0
ALO,42.0,HARD,26.0,2.0,0 days 00:01:35.803000,,,1,True,95.803,Las Vegas,0
ALO,43.0,HARD,27.0,2.0,0 days 00:01:36.276000,,,1,True,96.276,Las Vegas,0
ALO,44.0,HARD,28.0,2.0,0 days 00:01:36.726000,,,1,True,96.726,Las Vegas,0
ALO,45.0,HARD,29.0,2.0,0 days 00:01:37.175000,,,1,True,97.175,Las Vegas,0
ALO,46.0,HARD,30.0,2.0,0 days 00:01:36.938000,,,1,True,96.938,Las Vegas,0
ALO,47.0,HARD,31.0,2.0,0 days 00:01:37.367000,,,1,True,97.367,Las Vegas,0
ALO,48.0,HARD,32.0,2.0,0 days 00:01:37.508000,,,1,True,97.508,Las Vegas,0
ALO,49.0,HARD,33.0,2.0,0 days 00:01:37.152000,,,1,True,97.152,Las Vegas,0
ALO,50.0,HARD,34.0,2.0,0 days 00:01:38.065000,,,1,True,98.065,Las Vegas,0
TSU,4.0,HARD,3.0,2.0,0 days 00:01:38.299000,,,1,True,98.299,Las Vegas,0
TSU,5.0,HARD,4.0,2.0,0 days 00:01:37.898000,,,1,True,97.898,Las Vegas,0
TSU,6.0,HARD,5.0,2.0,0 days 00:01:37.990000,,,1,True,97.99,Las Vegas,0
TSU,7.0,HARD,6.0,2.0,0 days 00:01:37.486000,,,1,True,97.486,Las Vegas,0
TSU,8.0,HARD,7.0,2.0,0 days 00:01:37.303000,,,1,True,97.303,Las Vegas,0
TSU,9.0,HARD,8.0,2.0,0 days 00:01:36.950000,,,1,True,96.95,Las Vegas,0
TSU,10.0,HARD,9.0,2.0,0 days 00:01:36.961000,,,1,True,96.961,Las Vegas,0
TSU,11.0,HARD,10.0,2.0,0 days 00:01:36.908000,,,1,True,96.908,Las Vegas,0
TSU,12.0,HARD,11.0,2.0,0 days 00:01:36.434000,,,1,True,96.434,Las Vegas,0
TSU,13.0,HARD,12.0,2.0,0 days 00:01:36.642000,,,1,True,96.642,Las Vegas,0
TSU,14.0,HARD,13.0,2.0,0 days 00:01:36.749000,,,1,True,96.749,Las Vegas,0
TSU,17.0,HARD,16.0,2.0,0 days 00:01:36.640000,,,1,True,96.64,Las Vegas,0
TSU,18.0,HARD,17.0,2.0,0 days 00:01:37.055000,,,1,True,97.055,Las Vegas,0
TSU,19.0,HARD,18.0,2.0,0 days 00:01:37.278000,,,1,True,97.278,Las Vegas,0
TSU,20.0,HARD,19.0,2.0,0 days 00:01:36.646000,,,1,True,96.646,Las Vegas,0
TSU,21.0,HARD,20.0,2.0,0 days 00:01:37.548000,,,1,True,97.548,Las Vegas,0
TSU,22.0,HARD,21.0,2.0,0 days 00:01:38.734000,,,1,True,98.734,Las Vegas,0
TSU,23.0,HARD,22.0,2.0,0 days 00:01:38.214000,,,1,True,98.214,Las Vegas,0
TSU,24.0,HARD,23.0,2.0,0 days 00:01:37.434000,,,1,True,97.434,Las Vegas,0
TSU,25.0,HARD,24.0,2.0,0 days 00:01:37.473000,,,1,True,97.473,Las Vegas,0
TSU,26.0,HARD,25.0,2.0,0 days 00:01:36.965000,,,1,True,96.965,Las Vegas,0
TSU,29.0,MEDIUM,3.0,3.0,0 days 00:01:35.373000,,,1,True,95.373,Las Vegas,0
TSU,30.0,MEDIUM,4.0,3.0,0 days 00:01:35.880000,,,1,True,95.88,Las Vegas,0
TSU,31.0,MEDIUM,5.0,3.0,0 days 00:01:35.372000,,,1,True,95.372,Las Vegas,0
TSU,32.0,MEDIUM,6.0,3.0,0 days 00:01:35.757000,,,1,True,95.757,Las Vegas,0
TSU,33.0,MEDIUM,7.0,3.0,0 days 00:01:35.872000,,,1,True,95.872,Las Vegas,0
TSU,34.0,MEDIUM,8.0,3.0,0 days 00:01:35.641000,,,1,True,95.641,Las Vegas,0
TSU,35.0,MEDIUM,9.0,3.0,0 days 00:01:35.448000,,,1,True,95.448,Las Vegas,0
TSU,36.0,MEDIUM,10.0,3.0,0 days 00:01:35.623000,,,1,True,95.623,Las Vegas,0
TSU,37.0,MEDIUM,11.0,3.0,0 days 00:01:35.612000,,,1,True,95.612,Las Vegas,0
TSU,38.0,MEDIUM,12.0,3.0,0 days 00:01:35.568000,,,1,True,95.568,Las Vegas,0
TSU,39.0,MEDIUM,13.0,3.0,0 days 00:01:35.436000,,,1,True,95.436,Las Vegas,0
TSU,40.0,MEDIUM,14.0,3.0,0 days 00:01:35.505000,,,1,True,95.505,Las Vegas,0
TSU,41.0,MEDIUM,15.0,3.0,0 days 00:01:35.472000,,,1,True,95.472,Las Vegas,0
TSU,42.0,MEDIUM,16.0,3.0,0 days 00:01:35.573000,,,1,True,95.573,Las Vegas,0
TSU,43.0,MEDIUM,17.0,3.0,0 days 00:01:35.605000,,,1,True,95.605,Las Vegas,0
TSU,44.0,MEDIUM,18.0,3.0,0 days 00:01:35.728000,,,1,True,95.728,Las Vegas,0
TSU,45.0,MEDIUM,19.0,3.0,0 days 00:01:35.617000,,,1,True,95.617,Las Vegas,0
TSU,46.0,MEDIUM,20.0,3.0,0 days 00:01:36.298000,,,1,True,96.298,Las Vegas,0
TSU,47.0,MEDIUM,21.0,3.0,0 days 00:01:35.187000,,,1,True,95.187,Las Vegas,0
TSU,48.0,MEDIUM,22.0,3.0,0 days 00:01:34.984000,,,1,True,94.984,Las Vegas,0
TSU,49.0,MEDIUM,23.0,3.0,0 days 00:01:34.967000,,,1,True,94.967,Las Vegas,0
TSU,50.0,MEDIUM,24.0,3.0,0 days 00:01:35.176000,,,1,True,95.176,Las Vegas,0
GAS,4.0,HARD,2.0,2.0,0 days 00:01:38.545000,,,1,True,98.545,Las Vegas,0
GAS,5.0,HARD,3.0,2.0,0 days 00:01:38.198000,,,1,True,98.198,Las Vegas,0
GAS,6.0,HARD,4.0,2.0,0 days 00:01:38.083000,,,1,True,98.083,Las Vegas,0
GAS,7.0,HARD,5.0,2.0,0 days 00:01:37.663000,,,1,True,97.663,Las Vegas,0
GAS,8.0,HARD,6.0,2.0,0 days 00:01:37.933000,,,1,True,97.933,Las Vegas,0
GAS,9.0,HARD,7.0,2.0,0 days 00:01:37.446000,,,1,True,97.446,Las Vegas,0
GAS,10.0,HARD,8.0,2.0,0 days 00:01:37.465000,,,1,True,97.465,Las Vegas,0
GAS,11.0,HARD,9.0,2.0,0 days 00:01:37.356000,,,1,True,97.356,Las Vegas,0
GAS,12.0,HARD,10.0,2.0,0 days 00:01:37.160000,,,1,True,97.16,Las Vegas,0
GAS,13.0,HARD,11.0,2.0,0 days 00:01:37.482000,,,1,True,97.482,Las Vegas,0
GAS,14.0,HARD,12.0,2.0,0 days 00:01:37.278000,,,1,True,97.278,Las Vegas,0
GAS,17.0,HARD,15.0,2.0,0 days 00:01:36.874000,,,1,True,96.874,Las Vegas,0
GAS,18.0,HARD,16.0,2.0,0 days 00:01:36.858000,,,1,True,96.858,Las Vegas,0
GAS,19.0,HARD,17.0,2.0,0 days 00:01:36.961000,,,1,True,96.961,Las Vegas,0
GAS,20.0,HARD,18.0,2.0,0 days 00:01:36.838000,,,1,True,96.838,Las Vegas,0
GAS,21.0,HARD,19.0,2.0,0 days 00:01:37.170000,,,1,True,97.17,Las Vegas,0
GAS,22.0,HARD,20.0,2.0,0 days 00:01:36.920000,,,1,True,96.92,Las Vegas,0
GAS,23.0,HARD,21.0,2.0,0 days 00:01:37.141000,,,1,True,97.141,Las Vegas,0
GAS,24.0,HARD,22.0,2.0,0 days 00:01:37.262000,,,1,True,97.262,Las Vegas,0
GAS,25.0,HARD,23.0,2.0,0 days 00:01:37.060000,,,1,True,97.06,Las Vegas,0
GAS,26.0,HARD,24.0,2.0,0 days 00:01:37.221000,,,1,True,97.221,Las Vegas,0
GAS,27.0,HARD,25.0,2.0,0 days 00:01:37.035000,,,1,True,97.035,Las Vegas,0
GAS,28.0,HARD,26.0,2.0,0 days 00:01:36.844000,,,1,True,96.844,Las Vegas,0
GAS,29.0,HARD,27.0,2.0,0 days 00:01:37.001000,,,1,True,97.001,Las Vegas,0
GAS,30.0,HARD,28.0,2.0,0 days 00:01:36.997000,,,1,True,96.997,Las Vegas,0
GAS,31.0,HARD,29.0,2.0,0 days 00:01:37.104000,,,1,True,97.104,Las Vegas,0
GAS,32.0,HARD,30.0,2.0,0 days 00:01:37.072000,,,1,True,97.072,Las Vegas,0
GAS,33.0,HARD,31.0,2.0,0 days 00:01:37.327000,,,1,True,97.327,Las Vegas,0
GAS,34.0,HARD,32.0,2.0,0 days 00:01:37.019000,,,1,True,97.019,Las Vegas,0
GAS,35.0,HARD,33.0,2.0,0 days 00:01:36.782000,,,1,True,96.782,Las Vegas,0
GAS,36.0,HARD,34.0,2.0,0 days 00:01:36.945000,,,1,True,96.945,Las Vegas,0
GAS,37.0,HARD,35.0,2.0,0 days 00:01:36.698000,,,1,True,96.698,Las Vegas,0
GAS,38.0,HARD,36.0,2.0,0 days 00:01:36.724000,,,1,True,96.724,Las Vegas,0
GAS,39.0,HARD,37.0,2.0,0 days 00:01:36.475000,,,1,True,96.475,Las Vegas,0
GAS,40.0,HARD,38.0,2.0,0 days 00:01:36.338000,,,1,True,96.338,Las Vegas,0
GAS,41.0,HARD,39.0,2.0,0 days 00:01:36.039000,,,1,True,96.039,Las Vegas,0
GAS,42.0,HARD,40.0,2.0,0 days 00:01:36.053000,,,1,True,96.053,Las Vegas,0
GAS,43.0,HARD,41.0,2.0,0 days 00:01:35.934000,,,1,True,95.934,Las Vegas,0
GAS,44.0,HARD,42.0,2.0,0 days 00:01:35.674000,,,1,True,95.674,Las Vegas,0
GAS,45.0,HARD,43.0,2.0,0 days 00:01:36.430000,,,1,True,96.43,Las Vegas,0
GAS,46.0,HARD,44.0,2.0,0 days 00:01:36.993000,,,1,True,96.993,Las Vegas,0
GAS,47.0,HARD,45.0,2.0,0 days 00:01:36.502000,,,1,True,96.502,Las Vegas,0
GAS,48.0,HARD,46.0,2.0,0 days 00:01:35.979000,,,1,True,95.979,Las Vegas,0
GAS,49.0,HARD,47.0,2.0,0 days 00:01:35.950000,,,1,True,95.95,Las Vegas,0
GAS,50.0,HARD,48.0,2.0,0 days 00:01:35.730000,,,1,True,95.73,Las Vegas,0
LAW,4.0,HARD,2.0,2.0,0 days 00:01:38.739000,,,1,True,98.739,Las Vegas,0
LAW,5.0,HARD,3.0,2.0,0 days 00:01:38.138000,,,1,True,98.138,Las Vegas,0
LAW,6.0,HARD,4.0,2.0,0 days 00:01:38.082000,,,1,True,98.082,Las Vegas,0
LAW,7.0,HARD,5.0,2.0,0 days 00:01:37.736000,,,1,True,97.736,Las Vegas,0
LAW,8.0,HARD,6.0,2.0,0 days 00:01:37.826000,,,1,True,97.826,Las Vegas,0
LAW,9.0,HARD,7.0,2.0,0 days 00:01:37.590000,,,1,True,97.59,Las Vegas,0
LAW,10.0,HARD,8.0,2.0,0 days 00:01:37.169000,,,1,True,97.169,Las Vegas,0
LAW,11.0,HARD,9.0,2.0,0 days 00:01:37.102000,,,1,True,97.102,Las Vegas,0
LAW,12.0,HARD,10.0,2.0,0 days 00:01:37.097000,,,1,True,97.097,Las Vegas,0
LAW,13.0,HARD,11.0,2.0,0 days 00:01:37.073000,,,1,True,97.073,Las Vegas,0
LAW,14.0,HARD,12.0,2.0,0 days 00:01:37.211000,,,1,True,97.211,Las Vegas,0
LAW,17.0,HARD,15.0,2.0,0 days 00:01:36.883000,,,1,True,96.883,Las Vegas,0
LAW,18.0,HARD,16.0,2.0,0 days 00:01:36.820000,,,1,True,96.82,Las Vegas,0
LAW,19.0,HARD,17.0,2.0,0 days 00:01:37.110000,,,1,True,97.11,Las Vegas,0
LAW,20.0,HARD,18.0,2.0,0 days 00:01:36.713000,,,1,True,96.713,Las Vegas,0
LAW,21.0,HARD,19.0,2.0,0 days 00:01:36.846000,,,1,True,96.846,Las Vegas,0
LAW,22.0,HARD,20.0,2.0,0 days 00:01:37.048000,,,1,True,97.048,Las Vegas,0
LAW,23.0,HARD,21.0,2.0,0 days 00:01:36.997000,,,1,True,96.997,Las Vegas,0
LAW,24.0,HARD,22.0,2.0,0 days 00:01:37.142000,,,1,True,97.142,Las Vegas,0
LAW,25.0,HARD,23.0,2.0,0 days 00:01:37.086000,,,1,True,97.086,Las Vegas,0
LAW,26.0,HARD,24.0,2.0,0 days 00:01:36.931000,,,1,True,96.931,Las Vegas,0
LAW,27.0,HARD,25.0,2.0,0 days 00:01:37.613000,,,1,True,97.613,Las Vegas,0
LAW,30.0,HARD,2.0,3.0,0 days 00:01:36.278000,,,1,True,96.278,Las Vegas,0
LAW,31.0,HARD,3.0,3.0,0 days 00:01:35.838000,,,1,True,95.838,Las Vegas,0
LAW,32.0,HARD,4.0,3.0,0 days 00:01:35.658000,,,1,True,95.658,Las Vegas,0
LAW,33.0,HARD,5.0,3.0,0 days 00:01:35.535000,,,1,True,95.535,Las Vegas,0
LAW,34.0,HARD,6.0,3.0,0 days 00:01:35.651000,,,1,True,95.651,Las Vegas,0
LAW,35.0,HARD,7.0,3.0,0 days 00:01:35.788000,,,1,True,95.788,Las Vegas,0
LAW,36.0,HARD,8.0,3.0,0 days 00:01:35.526000,,,1,True,95.526,Las Vegas,0
LAW,37.0,HARD,9.0,3.0,0 days 00:01:35.868000,,,1,True,95.868,Las Vegas,0
LAW,38.0,HARD,10.0,3.0,0 days 00:01:35.855000,,,1,True,95.855,Las Vegas,0
LAW,39.0,HARD,11.0,3.0,0 days 00:01:35.970000,,,1,True,95.97,Las Vegas,0
LAW,40.0,HARD,12.0,3.0,0 days 00:01:36.420000,,,1,True,96.42,Las Vegas,0
LAW,41.0,HARD,13.0,3.0,0 days 00:01:35.824000,,,1,True,95.824,Las Vegas,0
LAW,42.0,HARD,14.0,3.0,0 days 00:01:35.695000,,,1,True,95.695,Las Vegas,0
LAW,43.0,HARD,15.0,3.0,0 days 00:01:35.644000,,,1,True,95.644,Las Vegas,0
LAW,44.0,HARD,16.0,3.0,0 days 00:01:35.458000,,,1,True,95.458,Las Vegas,0
LAW,45.0,HARD,17.0,3.0,0 days 00:01:35.230000,,,1,True,95.23,Las Vegas,0
LAW,46.0,HARD,18.0,3.0,0 days 00:01:35.077000,,,1,True,95.077,Las Vegas,0
LAW,47.0,HARD,19.0,3.0,0 days 00:01:34.837000,,,1,True,94.837,Las Vegas,0
LAW,48.0,HARD,20.0,3.0,0 days 00:01:37.240000,,,1,True,97.24,Las Vegas,0
LAW,49.0,HARD,21.0,3.0,0 days 00:01:34.902000,,,1,True,94.902,Las Vegas,0
COL,4.0,HARD,4.0,1.0,0 days 00:01:40.409000,,,1,True,100.409,Las Vegas,0
COL,5.0,HARD,5.0,1.0,0 days 00:01:39.248000,,,1,True,99.248,Las Vegas,0
COL,6.0,HARD,6.0,1.0,0 days 00:01:39.021000,,,1,True,99.021,Las Vegas,0
COL,7.0,HARD,7.0,1.0,0 days 00:01:38.557000,,,1,True,98.557,Las Vegas,0
COL,8.0,HARD,8.0,1.0,0 days 00:01:38.843000,,,1,True,98.843,Las Vegas,0
COL,9.0,HARD,9.0,1.0,0 days 00:01:38.462000,,,1,True,98.462,Las Vegas,0
COL,10.0,HARD,10.0,1.0,0 days 00:01:38.863000,,,1,True,98.863,Las Vegas,0
COL,11.0,HARD,11.0,1.0,0 days 00:01:38.518000,,,1,True,98.518,Las Vegas,0
COL,12.0,HARD,12.0,1.0,0 days 00:01:38.402000,,,1,True,98.402,Las Vegas,0
COL,13.0,HARD,13.0,1.0,0 days 00:01:38.296000,,,1,True,98.296,Las Vegas,0
COL,14.0,HARD,14.0,1.0,0 days 00:01:38.051000,,,1,True,98.051,Las Vegas,0
COL,17.0,HARD,17.0,1.0,0 days 00:01:37.942000,,,1,True,97.942,Las Vegas,0
COL,18.0,HARD,18.0,1.0,0 days 00:01:37.403000,,,1,True,97.403,Las Vegas,0
COL,19.0,HARD,19.0,1.0,0 days 00:01:37.272000,,,1,True,97.272,Las Vegas,0
COL,20.0,HARD,20.0,1.0,0 days 00:01:36.946000,,,1,True,96.946,Las Vegas,0
COL,21.0,HARD,21.0,1.0,0 days 00:01:37.979000,,,1,True,97.979,Las Vegas,0
COL,22.0,HARD,22.0,1.0,0 days 00:01:38.221000,,,1,True,98.221,Las Vegas,0
COL,23.0,HARD,23.0,1.0,0 days 00:01:37.749000,,,1,True,97.749,Las Vegas,0
COL,24.0,HARD,24.0,1.0,0 days 00:01:38.061000,,,1,True,98.061,Las Vegas,0
COL,27.0,MEDIUM,2.0,2.0,0 days 00:01:36.256000,,,1,True,96.256,Las Vegas,0
COL,28.0,MEDIUM,3.0,2.0,0 days 00:01:36.079000,,,1,True,96.079,Las Vegas,0
COL,29.0,MEDIUM,4.0,2.0,0 days 00:01:36.440000,,,1,True,96.44,Las Vegas,0
COL,30.0,MEDIUM,5.0,2.0,0 days 00:01:36.378000,,,1,True,96.378,Las Vegas,0
COL,31.0,MEDIUM,6.0,2.0,0 days 00:01:37.391000,,,1,True,97.391,Las Vegas,0
COL,32.0,MEDIUM,7.0,2.0,0 days 00:01:36.699000,,,1,True,96.699,Las Vegas,0
COL,33.0,MEDIUM,8.0,2.0,0 days 00:01:36.537000,,,1,True,96.537,Las Vegas,0
COL,34.0,MEDIUM,9.0,2.0,0 days 00:01:36.428000,,,1,True,96.428,Las Vegas,0
COL,35.0,MEDIUM,10.0,2.0,0 days 00:01:36.113000,,,1,True,96.113,Las Vegas,0
COL,36.0,MEDIUM,11.0,2.0,0 days 00:01:35.980000,,,1,True,95.98,Las Vegas,0
COL,37.0,MEDIUM,12.0,2.0,0 days 00:01:35.974000,,,1,True,95.974,Las Vegas,0
COL,38.0,MEDIUM,13.0,2.0,0 days 00:01:35.780000,,,1,True,95.78,Las Vegas,0
COL,39.0,MEDIUM,14.0,2.0,0 days 00:01:36.346000,,,1,True,96.346,Las Vegas,0
COL,40.0,MEDIUM,15.0,2.0,0 days 00:01:37.949000,,,1,True,97.949,Las Vegas,0
COL,41.0,MEDIUM,16.0,2.0,0 days 00:01:36.391000,,,1,True,96.391,Las Vegas,0
COL,42.0,MEDIUM,17.0,2.0,0 days 00:01:35.861000,,,1,True,95.861,Las Vegas,0
COL,43.0,MEDIUM,18.0,2.0,0 days 00:01:36.321000,,,1,True,96.321,Las Vegas,0
COL,44.0,MEDIUM,19.0,2.0,0 days 00:01:36.024000,,,1,True,96.024,Las Vegas,0
COL,45.0,MEDIUM,20.0,2.0,0 days 00:01:37.217000,,,1,True,97.217,Las Vegas,0
COL,46.0,MEDIUM,21.0,2.0,0 days 00:01:36.080000,,,1,True,96.08,Las Vegas,0
COL,47.0,MEDIUM,22.0,2.0,0 days 00:01:35.985000,,,1,True,95.985,Las Vegas,0
COL,48.0,MEDIUM,23.0,2.0,0 days 00:01:35.902000,,,1,True,95.902,Las Vegas,0
COL,49.0,MEDIUM,24.0,2.0,0 days 00:01:35.836000,,,1,True,95.836,Las Vegas,0
ALB,4.0,HARD,4.0,1.0,0 days 00:01:39.850000,,,1,True,99.85,Las Vegas,0
ALB,5.0,HARD,5.0,1.0,0 days 00:01:38.697000,,,1,True,98.697,Las Vegas,0
ALB,6.0,HARD,6.0,1.0,0 days 00:01:37.614000,,,1,True,97.614,Las Vegas,0
ALB,7.0,HARD,7.0,1.0,0 days 00:01:37.269000,,,1,True,97.269,Las Vegas,0
ALB,8.0,HARD,8.0,1.0,0 days 00:01:37.757000,,,1,True,97.757,Las Vegas,0
ALB,9.0,HARD,9.0,1.0,0 days 00:01:37.576000,,,1,True,97.576,Las Vegas,0
ALB,10.0,HARD,10.0,1.0,0 days 00:01:38,,,1,True,98.0,Las Vegas,0
ALB,11.0,HARD,11.0,1.0,0 days 00:01:37.353000,,,1,True,97.353,Las Vegas,0
ALB,12.0,HARD,12.0,1.0,0 days 00:01:37.328000,,,1,True,97.328,Las Vegas,0
ALB,16.0,HARD,2.0,3.0,0 days 00:01:37.202000,,,1,True,97.202,Las Vegas,0
ALB,17.0,HARD,3.0,3.0,0 days 00:01:36.408000,,,1,True,96.408,Las Vegas,0
ALB,18.0,HARD,4.0,3.0,0 days 00:01:36.073000,,,1,True,96.073,Las Vegas,0
ALB,19.0,HARD,5.0,3.0,0 days 00:01:35.947000,,,1,True,95.947,Las Vegas,0
ALB,20.0,HARD,6.0,3.0,0 days 00:01:35.663000,,,1,True,95.663,Las Vegas,0
ALB,21.0,HARD,7.0,3.0,0 days 00:01:35.634000,,,1,True,95.634,Las Vegas,0
ALB,22.0,HARD,8.0,3.0,0 days 00:01:35.675000,,,1,True,95.675,Las Vegas,0
ALB,23.0,HARD,9.0,3.0,0 days 00:01:35.484000,,,1,True,95.484,Las Vegas,0
ALB,24.0,HARD,10.0,3.0,0 days 00:01:35.453000,,,1,True,95.453,Las Vegas,0
ALB,25.0,HARD,11.0,3.0,0 days 00:01:35.276000,,,1,True,95.276,Las Vegas,0
ALB,26.0,HARD,12.0,3.0,0 days 00:01:35.184000,,,1,True,95.184,Las Vegas,0
ALB,27.0,HARD,13.0,3.0,0 days 00:01:35.322000,,,1,True,95.322,Las Vegas,0
ALB,28.0,HARD,14.0,3.0,0 days 00:01:36.182000,,,1,True,96.182,Las Vegas,0
ALB,29.0,HARD,15.0,3.0,0 days 00:01:36.394000,,,1,True,96.394,Las Vegas,0
ALB,30.0,HARD,16.0,3.0,0 days 00:01:36.431000,,,1,True,96.431,Las Vegas,0
ALB,31.0,HARD,17.0,3.0,0 days 00:01:36.495000,,,1,True,96.495,Las Vegas,0
ALB,32.0,HARD,18.0,3.0,0 days 00:01:35.588000,,,1,True,95.588,Las Vegas,0
ALB,33.0,HARD,19.0,3.0,0 days 00:01:35.593000,,,1,True,95.593,Las Vegas,0
NOR,5.0,MEDIUM,5.0,1.0,0 days 00:01:37.491000,,,1,True,97.491,Las Vegas,0
NOR,6.0,MEDIUM,6.0,1.0,0 days 00:01:36.965000,,,1,True,96.965,Las Vegas,0
NOR,7.0,MEDIUM,7.0,1.0,0 days 00:01:36.777000,,,1,True,96.777,Las Vegas,0
NOR,8.0,MEDIUM,8.0,1.0,0 days 00:01:36.966000,,,1,True,96.966,Las Vegas,0
NOR,9.0,MEDIUM,9.0,1.0,0 days 00:01:36.856000,,,1,True,96.856,Las Vegas,0
NOR,10.0,MEDIUM,10.0,1.0,0 days 00:01:36.439000,,,1,True,96.439,Las Vegas,0
NOR,11.0,MEDIUM,11.0,1.0,0 days 00:01:36.345000,,,1,True,96.345,Las Vegas,0
NOR,12.0,MEDIUM,12.0,1.0,0 days 00:01:36.264000,,,1,True,96.264,Las Vegas,0
NOR,13.0,MEDIUM,13.0,1.0,0 days 00:01:36.298000,,,1,True,96.298,Las Vegas,0
NOR,14.0,MEDIUM,14.0,1.0,0 days 00:01:35.962000,,,1,True,95.962,Las Vegas,0
NOR,15.0,MEDIUM,15.0,1.0,0 days 00:01:36.087000,,,1,True,96.087,Las Vegas,0
NOR,17.0,MEDIUM,17.0,1.0,0 days 00:01:35.706000,,,1,True,95.706,Las Vegas,0
NOR,18.0,MEDIUM,18.0,1.0,0 days 00:01:35.591000,,,1,True,95.591,Las Vegas,0
NOR,19.0,MEDIUM,19.0,1.0,0 days 00:01:35.769000,,,1,True,95.769,Las Vegas,0
NOR,20.0,MEDIUM,20.0,1.0,0 days 00:01:35.680000,,,1,True,95.68,Las Vegas,0
NOR,21.0,MEDIUM,21.0,1.0,0 days 00:01:36.320000,,,1,True,96.32,Las Vegas,0
NOR,24.0,HARD,2.0,2.0,0 days 00:01:35.860000,,,1,True,95.86,Las Vegas,0
NOR,25.0,HARD,3.0,2.0,0 days 00:01:35.733000,,,1,True,95.733,Las Vegas,0
NOR,26.0,HARD,4.0,2.0,0 days 00:01:35.603000,,,1,True,95.603,Las Vegas,0
NOR,27.0,HARD,5.0,2.0,0 days 00:01:35.624000,,,1,True,95.624,Las Vegas,0
NOR,28.0,HARD,6.0,2.0,0 days 00:01:35.375000,,,1,True,95.375,Las Vegas,0
NOR,29.0,HARD,7.0,2.0,0 days 00:01:34.948000,,,1,True,94.948,Las Vegas,0
NOR,30.0,HARD,8.0,2.0,0 days 00:01:35.074000,,,1,True,95.074,Las Vegas,0
NOR,31.0,HARD,9.0,2.0,0 days 00:01:34.693000,,,1,True,94.693,Las Vegas,0
NOR,32.0,HARD,10.0,2.0,0 days 00:01:34.442000,,,1,True,94.442,Las Vegas,0
NOR,33.0,HARD,11.0,2.0,0 days 00:01:34.845000,,,1,True,94.845,Las Vegas,0
NOR,34.0,HARD,12.0,2.0,0 days 00:01:34.834000,,,1,True,94.834,Las Vegas,0
NOR,35.0,HARD,13.0,2.0,0 days 00:01:34.437000,,,1,True,94.437,Las Vegas,0
NOR,36.0,HARD,14.0,2.0,0 days 00:01:34.980000,,,1,True,94.98,Las Vegas,0
NOR,37.0,HARD,15.0,2.0,0 days 00:01:34.216000,,,1,True,94.216,Las Vegas,0
NOR,38.0,HARD,16.0,2.0,0 days 00:01:34.209000,,,1,True,94.209,Las Vegas,0
NOR,39.0,HARD,17.0,2.0,0 days 00:01:34.348000,,,1,True,94.348,Las Vegas,0
NOR,40.0,HARD,18.0,2.0,0 days 00:01:34.399000,,,1,True,94.399,Las Vegas,0
NOR,41.0,HARD,19.0,2.0,0 days 00:01:33.965000,,,1,True,93.965,Las Vegas,0
NOR,42.0,HARD,20.0,2.0,0 days 00:01:34.081000,,,1,True,94.081,Las Vegas,0
NOR,43.0,HARD,21.0,2.0,0 days 00:01:34.271000,,,1,True,94.271,Las Vegas,0
NOR,44.0,HARD,22.0,2.0,0 days 00:01:34.435000,,,1,True,94.435,Las Vegas,0
NOR,45.0,HARD,23.0,2.0,0 days 00:01:34.179000,,,1,True,94.179,Las Vegas,0
NOR,46.0,HARD,24.0,2.0,0 days 00:01:35.534000,,,1,True,95.534,Las Vegas,0
NOR,47.0,HARD,25.0,2.0,0 days 00:01:36.128000,,,1,True,96.128,Las Vegas,0
NOR,48.0,HARD,26.0,2.0,0 days 00:01:37.702000,,,1,True,97.702,Las Vegas,0
NOR,49.0,HARD,27.0,2.0,0 days 00:01:37.734000,,,1,True,97.734,Las Vegas,0
NOR,50.0,HARD,28.0,2.0,0 days 00:01:37.187000,,,1,True,97.187,Las Vegas,0
PIA,5.0,MEDIUM,5.0,1.0,0 days 00:01:37.628000,,,1,True,97.628,Las Vegas,0
PIA,6.0,MEDIUM,6.0,1.0,0 days 00:01:37.624000,,,1,True,97.624,Las Vegas,0
PIA,7.0,MEDIUM,7.0,1.0,0 days 00:01:37.098000,,,1,True,97.098,Las Vegas,0
PIA,8.0,MEDIUM,8.0,1.0,0 days 00:01:36.741000,,,1,True,96.741,Las Vegas,0
PIA,9.0,MEDIUM,9.0,1.0,0 days 00:01:37.553000,,,1,True,97.553,Las Vegas,0
PIA,10.0,MEDIUM,10.0,1.0,0 days 00:01:36.834000,,,1,True,96.834,Las Vegas,0
PIA,11.0,MEDIUM,11.0,1.0,0 days 00:01:36.705000,,,1,True,96.705,Las Vegas,0
PIA,12.0,MEDIUM,12.0,1.0,0 days 00:01:38.447000,,,1,True,98.447,Las Vegas,0
PIA,13.0,MEDIUM,13.0,1.0,0 days 00:01:37.290000,,,1,True,97.29,Las Vegas,0
PIA,14.0,MEDIUM,14.0,1.0,0 days 00:01:37.579000,,,1,True,97.579,Las Vegas,0
PIA,15.0,MEDIUM,15.0,1.0,0 days 00:01:37.099000,,,1,True,97.099,Las Vegas,0
PIA,17.0,MEDIUM,17.0,1.0,0 days 00:01:36.339000,,,1,True,96.339,Las Vegas,0
PIA,18.0,MEDIUM,18.0,1.0,0 days 00:01:36.282000,,,1,True,96.282,Las Vegas,0
PIA,19.0,MEDIUM,19.0,1.0,0 days 00:01:36.426000,,,1,True,96.426,Las Vegas,0
PIA,20.0,MEDIUM,20.0,1.0,0 days 00:01:36.707000,,,1,True,96.707,Las Vegas,0
PIA,23.0,HARD,2.0,2.0,0 days 00:01:35.921000,,,1,True,95.921,Las Vegas,0
PIA,24.0,HARD,3.0,2.0,0 days 00:01:36.118000,,,1,True,96.118,Las Vegas,0
PIA,25.0,HARD,4.0,2.0,0 days 00:01:35.418000,,,1,True,95.418,Las Vegas,0
PIA,26.0,HARD,5.0,2.0,0 days 00:01:35.226000,,,1,True,95.226,Las Vegas,0
PIA,27.0,HARD,6.0,2.0,0 days 00:01:35.521000,,,1,True,95.521,Las Vegas,0
PIA,28.0,HARD,7.0,2.0,0 days 00:01:35.074000,,,1,True,95.074,Las Vegas,0
PIA,29.0,HARD,8.0,2.0,0 days 00:01:35.135000,,,1,True,95.135,Las Vegas,0
PIA,30.0,HARD,9.0,2.0,0 days 00:01:34.895000,,,1,True,94.895,Las Vegas,0
PIA,31.0,HARD,10.0,2.0,0 days 00:01:35.138000,,,1,True,95.138,Las Vegas,0
PIA,32.0,HARD,11.0,2.0,0 days 00:01:35.433000,,,1,True,95.433,Las Vegas,0
PIA,33.0,HARD,12.0,2.0,0 days 00:01:34.873000,,,1,True,94.873,Las Vegas,0
PIA,34.0,HARD,13.0,2.0,0 days 00:01:34.684000,,,1,True,94.684,Las Vegas,0
PIA,35.0,HARD,14.0,2.0,0 days 00:01:34.848000,,,1,True,94.848,Las Vegas,0
PIA,36.0,HARD,15.0,2.0,0 days 00:01:34.637000,,,1,True,94.637,Las Vegas,0
PIA,37.0,HARD,16.0,2.0,0 days 00:01:34.743000,,,1,True,94.743,Las Vegas,0
PIA,38.0,HARD,17.0,2.0,0 days 00:01:35.581000,,,1,True,95.581,Las Vegas,0
PIA,39.0,HARD,18.0,2.0,0 days 00:01:34.965000,,,1,True,94.965,Las Vegas,0
PIA,40.0,HARD,19.0,2.0,0 days 00:01:34.570000,,,1,True,94.57,Las Vegas,0
PIA,41.0,HARD,20.0,2.0,0 days 00:01:34.643000,,,1,True,94.643,Las Vegas,0
PIA,42.0,HARD,21.0,2.0,0 days 00:01:34.641000,,,1,True,94.641,Las Vegas,0
PIA,43.0,HARD,22.0,2.0,0 days 00:01:34.499000,,,1,True,94.499,Las Vegas,0
PIA,44.0,HARD,23.0,2.0,0 days 00:01:34.512000,,,1,True,94.512,Las Vegas,0
PIA,45.0,HARD,24.0,2.0,0 days 00:01:34.548000,,,1,True,94.548,Las Vegas,0
PIA,46.0,HARD,25.0,2.0,0 days 00:01:34.588000,,,1,True,94.588,Las Vegas,0
PIA,47.0,HARD,26.0,2.0,0 days 00:01:34.086000,,,1,True,94.086,Las Vegas,0
PIA,48.0,HARD,27.0,2.0,0 days 00:01:34.165000,,,1,True,94.165,Las Vegas,0
PIA,49.0,HARD,28.0,2.0,0 days 00:01:34.466000,,,1,True,94.466,Las Vegas,0
PIA,50.0,HARD,29.0,2.0,0 days 00:01:34.661000,,,1,True,94.661,Las Vegas,0
VER,2.0,MEDIUM,2.0,1.0,0 days 00:01:24.859000,,,1,True,84.859,Monza,0
VER,3.0,MEDIUM,3.0,1.0,0 days 00:01:23.512000,,,1,True,83.512,Monza,0
VER,4.0,MEDIUM,4.0,1.0,0 days 00:01:23.262000,,,1,True,83.262,Monza,0
VER,5.0,MEDIUM,5.0,1.0,0 days 00:01:23.588000,,,1,True,83.588,Monza,0
VER,6.0,MEDIUM,6.0,1.0,0 days 00:01:23.576000,,,1,True,83.576,Monza,0
VER,7.0,MEDIUM,7.0,1.0,0 days 00:01:23.310000,,,1,True,83.31,Monza,0
VER,8.0,MEDIUM,8.0,1.0,0 days 00:01:23.139000,,,1,True,83.139,Monza,0
VER,9.0,MEDIUM,9.0,1.0,0 days 00:01:23.101000,,,1,True,83.101,Monza,0
VER,10.0,MEDIUM,10.0,1.0,0 days 00:01:23.088000,,,1,True,83.088,Monza,0
VER,11.0,MEDIUM,11.0,1.0,0 days 00:01:23.066000,,,1,True,83.066,Monza,0
VER,12.0,MEDIUM,12.0,1.0,0 days 00:01:23.014000,,,1,True,83.014,Monza,0
VER,13.0,MEDIUM,13.0,1.0,0 days 00:01:23.254000,,,1,True,83.254,Monza,0
VER,14.0,MEDIUM,14.0,1.0,0 days 00:01:23.118000,,,1,True,83.118,Monza,0
VER,15.0,MEDIUM,15.0,1.0,0 days 00:01:23.077000,,,1,True,83.077,Monza,0
VER,16.0,MEDIUM,16.0,1.0,0 days 00:01:23.001000,,,1,True,83.001,Monza,0
VER,17.0,MEDIUM,17.0,1.0,0 days 00:01:22.890000,,,1,True,82.89,Monza,0
VER,18.0,MEDIUM,18.0,1.0,0 days 00:01:22.727000,,,1,True,82.727,Monza,0
VER,19.0,MEDIUM,19.0,1.0,0 days 00:01:22.838000,,,1,True,82.838,Monza,0
VER,20.0,MEDIUM,20.0,1.0,0 days 00:01:22.857000,,,1,True,82.857,Monza,0
VER,21.0,MEDIUM,21.0,1.0,0 days 00:01:22.919000,,,1,True,82.919,Monza,0
VER,22.0,MEDIUM,22.0,1.0,0 days 00:01:22.733000,,,1,True,82.733,Monza,0
VER,23.0,MEDIUM,23.0,1.0,0 days 00:01:22.782000,,,1,True,82.782,Monza,0
VER,24.0,MEDIUM,24.0,1.0,0 days 00:01:22.817000,,,1,True,82.817,Monza,0
VER,25.0,MEDIUM,25.0,1.0,0 days 00:01:22.970000,,,1,True,82.97,Monza,0
VER,26.0,MEDIUM,26.0,1.0,0 days 00:01:22.937000,,,1,True,82.937,Monza,0
VER,27.0,MEDIUM,27.0,1.0,0 days 00:01:23.015000,,,1,True,83.015,Monza,0
VER,28.0,MEDIUM,28.0,1.0,0 days 00:01:23.031000,,,1,True,83.031,Monza,0
VER,29.0,MEDIUM,29.0,1.0,0 days 00:01:22.811000,,,1,True,82.811,Monza,0
VER,30.0,MEDIUM,30.0,1.0,0 days 00:01:22.928000,,,1,True,82.928,Monza,0
VER,31.0,MEDIUM,31.0,1.0,0 days 00:01:22.941000,,,1,True,82.941,Monza,0
VER,32.0,MEDIUM,32.0,1.0,0 days 00:01:22.890000,,,1,True,82.89,Monza,0
VER,33.0,MEDIUM,33.0,1.0,0 days 00:01:22.943000,,,1,True,82.943,Monza,0
VER,34.0,MEDIUM,34.0,1.0,0 days 00:01:22.795000,,,1,True,82.795,Monza,0
VER,35.0,MEDIUM,35.0,1.0,0 days 00:01:22.651000,,,1,True,82.651,Monza,0
VER,36.0,MEDIUM,36.0,1.0,0 days 00:01:22.699000,,,1,True,82.699,Monza,0
VER,39.0,HARD,2.0,2.0,0 days 00:01:21.402000,,,1,True,81.402,Monza,0
VER,40.0,HARD,3.0,2.0,0 days 00:01:21.625000,,,12,True,81.625,Monza,0
VER,41.0,HARD,4.0,2.0,0 days 00:01:21.358000,,,21,True,81.358,Monza,0
VER,42.0,HARD,5.0,2.0,0 days 00:01:21.445000,,,1,True,81.445,Monza,0
VER,43.0,HARD,6.0,2.0,0 days 00:01:21.320000,,,1,True,81.32,Monza,0
VER,44.0,HARD,7.0,2.0,0 days 00:01:21.289000,,,1,True,81.289,Monza,0
VER,45.0,HARD,8.0,2.0,0 days 00:01:21.353000,,,1,True,81.353,Monza,0
VER,46.0,HARD,9.0,2.0,0 days 00:01:21.325000,,,1,True,81.325,Monza,0
VER,47.0,HARD,10.0,2.0,0 days 00:01:21.336000,,,1,True,81.336,Monza,0
VER,48.0,HARD,11.0,2.0,0 days 00:01:21.316000,,,1,True,81.316,Monza,0
VER,49.0,HARD,12.0,2.0,0 days 00:01:21.328000,,,1,True,81.328,Monza,0
VER,50.0,HARD,13.0,2.0,0 days 00:01:21.297000,,,1,True,81.297,Monza,0
VER,51.0,HARD,14.0,2.0,0 days 00:01:21.749000,,,1,True,81.749,Monza,0
VER,52.0,HARD,15.0,2.0,0 days 00:01:21.003000,,,1,True,81.003,Monza,0
VER,53.0,HARD,16.0,2.0,0 days 00:01:21.100000,,,1,True,81.1,Monza,0
NOR,2.0,MEDIUM,2.0,1.0,0 days 00:01:23.889000,,,1,True,83.889,Monza,0
NOR,3.0,MEDIUM,3.0,1.0,0 days 00:01:23.674000,,,1,True,83.674,Monza,0
NOR,4.0,MEDIUM,4.0,1.0,0 days 00:01:24.819000,,,1,True,84.819,Monza,0
NOR,5.0,MEDIUM,5.0,1.0,0 days 00:01:24.238000,,,1,True,84.238,Monza,0
NOR,6.0,MEDIUM,6.0,1.0,0 days 00:01:23.887000,,,1,True,83.887,Monza,0
NOR,7.0,MEDIUM,7.0,1.0,0 days 00:01:23.538000,,,1,True,83.538,Monza,0
NOR,8.0,MEDIUM,8.0,1.0,0 days 00:01:23.518000,,,1,True,83.518,Monza,0
NOR,9.0,MEDIUM,9.0,1.0,0 days 00:01:23.477000,,,1,True,83.477,Monza,0
NOR,10.0,MEDIUM,10.0,1.0,0 days 00:01:23.416000,,,1,True,83.416,Monza,0
NOR,11.0,MEDIUM,11.0,1.0,0 days 00:01:23.360000,,,1,True,83.36,Monza,0
NOR,12.0,MEDIUM,12.0,1.0,0 days 00:01:23.294000,,,1,True,83.294,Monza,0
NOR,13.0,MEDIUM,13.0,1.0,0 days 00:01:23.293000,,,1,True,83.293,Monza,0
NOR,14.0,MEDIUM,14.0,1.0,0 days 00:01:23.509000,,,1,True,83.509,Monza,0
NOR,15.0,MEDIUM,15.0,1.0,0 days 00:01:23.059000,,,1,True,83.059,Monza,0
NOR,16.0,MEDIUM,16.0,1.0,0 days 00:01:23.089000,,,1,True,83.089,Monza,0
NOR,17.0,MEDIUM,17.0,1.0,0 days 00:01:23.232000,,,1,True,83.232,Monza,0
NOR,18.0,MEDIUM,18.0,1.0,0 days 00:01:23.189000,,,1,True,83.189,Monza,0
NOR,19.0,MEDIUM,19.0,1.0,0 days 00:01:23.289000,,,1,True,83.289,Monza,0
NOR,20.0,MEDIUM,20.0,1.0,0 days 00:01:23.049000,,,1,True,83.049,Monza,0
NOR,21.0,MEDIUM,21.0,1.0,0 days 00:01:22.998000,,,1,True,82.998,Monza,0
NOR,22.0,MEDIUM,22.0,1.0,0 days 00:01:22.965000,,,1,True,82.965,Monza,0
NOR,23.0,MEDIUM,23.0,1.0,0 days 00:01:22.892000,,,1,True,82.892,Monza,0
NOR,24.0,MEDIUM,24.0,1.0,0 days 00:01:22.967000,,,1,True,82.967,Monza,0
NOR,25.0,MEDIUM,25.0,1.0,0 days 00:01:23.082000,,,1,True,83.082,Monza,0
NOR,26.0,MEDIUM,26.0,1.0,0 days 00:01:22.841000,,,1,True,82.841,Monza,0
NOR,27.0,MEDIUM,27.0,1.0,0 days 00:01:22.835000,,,1,True,82.835,Monza,0
NOR,28.0,MEDIUM,28.0,1.0,0 days 00:01:23.072000,,,1,True,83.072,Monza,0
NOR,29.0,MEDIUM,29.0,1.0,0 days 00:01:22.757000,,,1,True,82.757,Monza,0
NOR,30.0,MEDIUM,30.0,1.0,0 days 00:01:22.639000,,,1,True,82.639,Monza,0
NOR,31.0,MEDIUM,31.0,1.0,0 days 00:01:23.189000,,,1,True,83.189,Monza,0
NOR,32.0,MEDIUM,32.0,1.0,0 days 00:01:22.776000,,,1,True,82.776,Monza,0
NOR,33.0,MEDIUM,33.0,1.0,0 days 00:01:22.655000,,,1,True,82.655,Monza,0
NOR,34.0,MEDIUM,34.0,1.0,0 days 00:01:22.554000,,,1,True,82.554,Monza,0
NOR,35.0,MEDIUM,35.0,1.0,0 days 00:01:22.647000,,,1,True,82.647,Monza,0
NOR,36.0,MEDIUM,36.0,1.0,0 days 00:01:22.638000,,,1,True,82.638,Monza,0
NOR,37.0,MEDIUM,37.0,1.0,0 days 00:01:22.480000,,,1,True,82.48,Monza,0
NOR,38.0,MEDIUM,38.0,1.0,0 days 00:01:22.809000,,,1,True,82.809,Monza,0
NOR,39.0,MEDIUM,39.0,1.0,0 days 00:01:22.691000,,,1,True,82.691,Monza,0
NOR,40.0,MEDIUM,40.0,1.0,0 days 00:01:22.621000,,,1,True,82.621,Monza,0
NOR,41.0,MEDIUM,41.0,1.0,0 days 00:01:23.449000,,,12,True,83.449,Monza,0
NOR,42.0,MEDIUM,42.0,1.0,0 days 00:01:22.590000,,,1,True,82.59,Monza,0
NOR,43.0,MEDIUM,43.0,1.0,0 days 00:01:22.904000,,,1,True,82.904,Monza,0
NOR,44.0,MEDIUM,44.0,1.0,0 days 00:01:22.388000,,,1,True,82.388,Monza,0
NOR,45.0,MEDIUM,45.0,1.0,0 days 00:01:22.781000,,,1,True,82.781,Monza,0
NOR,48.0,SOFT,4.0,2.0,0 days 00:01:21.038000,,,1,True,81.038,Monza,0
NOR,49.0,SOFT,5.0,2.0,0 days 00:01:21.154000,,,1,True,81.154,Monza,0
NOR,50.0,SOFT,6.0,2.0,0 days 00:01:21.123000,,,1,True,81.123,Monza,0
NOR,51.0,SOFT,7.0,2.0,0 days 00:01:21.315000,,,1,True,81.315,Monza,0
NOR,52.0,SOFT,8.0,2.0,0 days 00:01:21.259000,,,1,True,81.259,Monza,0
NOR,53.0,SOFT,9.0,2.0,0 days 00:01:20.901000,,,1,True,80.901,Monza,0
PIA,2.0,MEDIUM,2.0,1.0,0 days 00:01:25.759000,,,1,True,85.759,Monza,0
PIA,3.0,MEDIUM,3.0,1.0,0 days 00:01:25.117000,,,1,True,85.117,Monza,0
PIA,4.0,MEDIUM,4.0,1.0,0 days 00:01:24.567000,,,1,True,84.567,Monza,0
PIA,5.0,MEDIUM,5.0,1.0,0 days 00:01:24.358000,,,1,True,84.358,Monza,0
PIA,6.0,MEDIUM,6.0,1.0,0 days 00:01:23.679000,,,1,True,83.679,Monza,0
PIA,7.0,MEDIUM,7.0,1.0,0 days 00:01:23.738000,,,1,True,83.738,Monza,0
PIA,8.0,MEDIUM,8.0,1.0,0 days 00:01:23.949000,,,1,True,83.949,Monza,0
PIA,9.0,MEDIUM,9.0,1.0,0 days 00:01:23.685000,,,1,True,83.685,Monza,0
PIA,10.0,MEDIUM,10.0,1.0,0 days 00:01:23.461000,,,1,True,83.461,Monza,0
PIA,11.0,MEDIUM,11.0,1.0,0 days 00:01:23.897000,,,1,True,83.897,Monza,0
PIA,12.0,MEDIUM,12.0,1.0,0 days 00:01:23.486000,,,1,True,83.486,Monza,0
PIA,13.0,MEDIUM,13.0,1.0,0 days 00:01:23.598000,,,1,True,83.598,Monza,0
PIA,14.0,MEDIUM,14.0,1.0,0 days 00:01:23.662000,,,1,True,83.662,Monza,0
PIA,15.0,MEDIUM,15.0,1.0,0 days 00:01:23.385000,,,1,True,83.385,Monza,0
PIA,16.0,MEDIUM,16.0,1.0,0 days 00:01:23.137000,,,1,True,83.137,Monza,0
PIA,17.0,MEDIUM,17.0,1.0,0 days 00:01:23.336000,,,1,True,83.336,Monza,0
PIA,18.0,MEDIUM,18.0,1.0,0 days 00:01:23.259000,,,1,True,83.259,Monza,0
PIA,19.0,MEDIUM,19.0,1.0,0 days 00:01:23.359000,,,1,True,83.359,Monza,0
PIA,20.0,MEDIUM,20.0,1.0,0 days 00:01:23.225000,,,1,True,83.225,Monza,0
PIA,21.0,MEDIUM,21.0,1.0,0 days 00:01:22.956000,,,1,True,82.956,Monza,0
PIA,22.0,MEDIUM,22.0,1.0,0 days 00:01:22.883000,,,1,True,82.883,Monza,0
PIA,23.0,MEDIUM,23.0,1.0,0 days 00:01:22.957000,,,1,True,82.957,Monza,0
PIA,24.0,MEDIUM,24.0,1.0,0 days 00:01:22.744000,,,1,True,82.744,Monza,0
PIA,25.0,MEDIUM,25.0,1.0,0 days 00:01:23.270000,,,1,True,83.27,Monza,0
PIA,26.0,MEDIUM,26.0,1.0,0 days 00:01:23.047000,,,1,True,83.047,Monza,0
PIA,27.0,MEDIUM,27.0,1.0,0 days 00:01:22.796000,,,1,True,82.796,Monza,0
PIA,28.0,MEDIUM,28.0,1.0,0 days 00:01:22.845000,,,1,True,82.845,Monza,0
PIA,29.0,MEDIUM,29.0,1.0,0 days 00:01:22.700000,,,1,True,82.7,Monza,0
PIA,30.0,MEDIUM,30.0,1.0,0 days 00:01:22.920000,,,1,True,82.92,Monza,0
PIA,31.0,MEDIUM,31.0,1.0,0 days 00:01:22.816000,,,1,True,82.816,Monza,0
PIA,32.0,MEDIUM,32.0,1.0,0 days 00:01:22.576000,,,1,True,82.576,Monza,0
PIA,33.0,MEDIUM,33.0,1.0,0 days 00:01:23.271000,,,1,True,83.271,Monza,0
PIA,34.0,MEDIUM,34.0,1.0,0 days 00:01:22.669000,,,1,True,82.669,Monza,0
PIA,35.0,MEDIUM,35.0,1.0,0 days 00:01:22.588000,,,1,True,82.588,Monza,0
PIA,36.0,MEDIUM,36.0,1.0,0 days 00:01:22.232000,,,1,True,82.232,Monza,0
PIA,37.0,MEDIUM,37.0,1.0,0 days 00:01:22.425000,,,1,True,82.425,Monza,0
PIA,38.0,MEDIUM,38.0,1.0,0 days 00:01:22.558000,,,1,True,82.558,Monza,0
PIA,39.0,MEDIUM,39.0,1.0,0 days 00:01:22.402000,,,1,True,82.402,Monza,0
PIA,40.0,MEDIUM,40.0,1.0,0 days 00:01:22.296000,,,1,True,82.296,Monza,0
PIA,41.0,MEDIUM,41.0,1.0,0 days 00:01:22.619000,,,12,True,82.619,Monza,0
PIA,42.0,MEDIUM,42.0,1.0,0 days 00:01:22.419000,,,1,True,82.419,Monza,0
PIA,43.0,MEDIUM,43.0,1.0,0 days 00:01:22.369000,,,1,True,82.369,Monza,0
PIA,44.0,MEDIUM,44.0,1.0,0 days 00:01:22.404000,,,1,True,82.404,Monza,0
PIA,47.0,SOFT,5.0,2.0,0 days 00:01:21.245000,,,1,True,81.245,Monza,0
PIA,48.0,SOFT,6.0,2.0,0 days 00:01:21.783000,,,1,True,81.783,Monza,0
PIA,49.0,SOFT,7.0,2.0,0 days 00:01:23.484000,,,1,True,83.484,Monza,0
PIA,50.0,SOFT,8.0,2.0,0 days 00:01:21.508000,,,1,True,81.508,Monza,0
PIA,51.0,SOFT,9.0,2.0,0 days 00:01:21.477000,,,1,True,81.477,Monza,0
PIA,52.0,SOFT,10.0,2.0,0 days 00:01:21.386000,,,1,True,81.386,Monza,0
PIA,53.0,SOFT,11.0,2.0,0 days 00:01:21.371000,,,1,True,81.371,Monza,0
LEC,2.0,MEDIUM,2.0,1.0,0 days 00:01:25.178000,,,1,True,85.178,Monza,0
LEC,3.0,MEDIUM,3.0,1.0,0 days 00:01:24.965000,,,1,True,84.965,Monza,0
LEC,4.0,MEDIUM,4.0,1.0,0 days 00:01:24.525000,,,1,True,84.525,Monza,0
LEC,5.0,MEDIUM,5.0,1.0,0 days 00:01:24.441000,,,1,True,84.441,Monza,0
LEC,6.0,MEDIUM,6.0,1.0,0 days 00:01:24.858000,,,1,True,84.858,Monza,0
LEC,7.0,MEDIUM,7.0,1.0,0 days 00:01:23.974000,,,1,True,83.974,Monza,0
LEC,8.0,MEDIUM,8.0,1.0,0 days 00:01:24.041000,,,1,True,84.041,Monza,0
LEC,9.0,MEDIUM,9.0,1.0,0 days 00:01:24.052000,,,1,True,84.052,Monza,0
LEC,10.0,MEDIUM,10.0,1.0,0 days 00:01:24.140000,,,1,True,84.14,Monza,0
LEC,11.0,MEDIUM,11.0,1.0,0 days 00:01:24.036000,,,1,True,84.036,Monza,0
LEC,12.0,MEDIUM,12.0,1.0,0 days 00:01:23.893000,,,1,True,83.893,Monza,0
LEC,13.0,MEDIUM,13.0,1.0,0 days 00:01:23.683000,,,1,True,83.683,Monza,0
LEC,14.0,MEDIUM,14.0,1.0,0 days 00:01:23.637000,,,1,True,83.637,Monza,0
LEC,15.0,MEDIUM,15.0,1.0,0 days 00:01:23.635000,,,1,True,83.635,Monza,0
LEC,16.0,MEDIUM,16.0,1.0,0 days 00:01:23.595000,,,1,True,83.595,Monza,0
LEC,17.0,MEDIUM,17.0,1.0,0 days 00:01:23.670000,,,1,True,83.67,Monza,0
LEC,18.0,MEDIUM,18.0,1.0,0 days 00:01:23.449000,,,1,True,83.449,Monza,0
LEC,19.0,MEDIUM,19.0,1.0,0 days 00:01:23.491000,,,1,True,83.491,Monza,0
LEC,20.0,MEDIUM,20.0,1.0,0 days 00:01:23.490000,,,1,True,83.49,Monza,0
LEC,21.0,MEDIUM,21.0,1.0,0 days 00:01:23.494000,,,1,True,83.494,Monza,0
LEC,22.0,MEDIUM,22.0,1.0,0 days 00:01:23.313000,,,1,True,83.313,Monza,0
LEC,23.0,MEDIUM,23.0,1.0,0 days 00:01:23.152000,,,1,True,83.152,Monza,0
LEC,24.0,MEDIUM,24.0,1.0,0 days 00:01:23.263000,,,1,True,83.263,Monza,0
LEC,25.0,MEDIUM,25.0,1.0,0 days 00:01:23.111000,,,1,True,83.111,Monza,0
LEC,26.0,MEDIUM,26.0,1.0,0 days 00:01:23.374000,,,1,True,83.374,Monza,0
LEC,27.0,MEDIUM,27.0,1.0,0 days 00:01:22.980000,,,1,True,82.98,Monza,0
LEC,28.0,MEDIUM,28.0,1.0,0 days 00:01:23.093000,,,1,True,83.093,Monza,0
LEC,29.0,MEDIUM,29.0,1.0,0 days 00:01:22.736000,,,1,True,82.736,Monza,0
LEC,30.0,MEDIUM,30.0,1.0,0 days 00:01:22.972000,,,1,True,82.972,Monza,0
LEC,31.0,MEDIUM,31.0,1.0,0 days 00:01:22.857000,,,1,True,82.857,Monza,0
LEC,32.0,MEDIUM,32.0,1.0,0 days 00:01:22.975000,,,1,True,82.975,Monza,0
LEC,35.0,HARD,2.0,2.0,0 days 00:01:22.170000,,,1,True,82.17,Monza,0
LEC,36.0,HARD,3.0,2.0,0 days 00:01:22.361000,,,1,True,82.361,Monza,0
LEC,37.0,HARD,4.0,2.0,0 days 00:01:22.374000,,,1,True,82.374,Monza,0
LEC,38.0,HARD,5.0,2.0,0 days 00:01:22.125000,,,1,True,82.125,Monza,0
LEC,39.0,HARD,6.0,2.0,0 days 00:01:22.431000,,,1,True,82.431,Monza,0
LEC,40.0,HARD,7.0,2.0,0 days 00:01:22.298000,,,12,True,82.298,Monza,0
LEC,41.0,HARD,8.0,2.0,0 days 00:01:22.272000,,,1,True,82.272,Monza,0
LEC,42.0,HARD,9.0,2.0,0 days 00:01:22.035000,,,1,True,82.035,Monza,0
LEC,43.0,HARD,10.0,2.0,0 days 00:01:21.818000,,,1,True,81.818,Monza,0
LEC,44.0,HARD,11.0,2.0,0 days 00:01:21.738000,,,1,True,81.738,Monza,0
LEC,45.0,HARD,12.0,2.0,0 days 00:01:21.673000,,,1,True,81.673,Monza,0
LEC,46.0,HARD,13.0,2.0,0 days 00:01:21.975000,,,1,True,81.975,Monza,0
LEC,47.0,HARD,14.0,2.0,0 days 00:01:21.846000,,,1,True,81.846,Monza,0
LEC,48.0,HARD,15.0,2.0,0 days 00:01:21.586000,,,1,True,81.586,Monza,0
LEC,49.0,HARD,16.0,2.0,0 days 00:01:22.219000,,,1,True,82.219,Monza,0
LEC,50.0,HARD,17.0,2.0,0 days 00:01:21.575000,,,1,True,81.575,Monza,0
LEC,51.0,HARD,18.0,2.0,0 days 00:01:21.901000,,,1,True,81.901,Monza,0
LEC,52.0,HARD,19.0,2.0,0 days 00:01:21.913000,,,1,True,81.913,Monza,0
LEC,53.0,HARD,20.0,2.0,0 days 00:01:21.294000,,,1,True,81.294,Monza,0
RUS,2.0,MEDIUM,2.0,1.0,0 days 00:01:25.309000,,,1,True,85.309,Monza,0
RUS,3.0,MEDIUM,3.0,1.0,0 days 00:01:25.346000,,,1,True,85.346,Monza,0
RUS,4.0,MEDIUM,4.0,1.0,0 days 00:01:24.513000,,,1,True,84.513,Monza,0
RUS,5.0,MEDIUM,5.0,1.0,0 days 00:01:24.344000,,,1,True,84.344,Monza,0
RUS,6.0,MEDIUM,6.0,1.0,0 days 00:01:24.457000,,,1,True,84.457,Monza,0
RUS,7.0,MEDIUM,7.0,1.0,0 days 00:01:23.940000,,,1,True,83.94,Monza,0
RUS,8.0,MEDIUM,8.0,1.0,0 days 00:01:23.880000,,,1,True,83.88,Monza,0
RUS,9.0,MEDIUM,9.0,1.0,0 days 00:01:24.068000,,,1,True,84.068,Monza,0
RUS,10.0,MEDIUM,10.0,1.0,0 days 00:01:24.347000,,,1,True,84.347,Monza,0
RUS,11.0,MEDIUM,11.0,1.0,0 days 00:01:24.124000,,,1,True,84.124,Monza,0
RUS,12.0,MEDIUM,12.0,1.0,0 days 00:01:23.830000,,,1,True,83.83,Monza,0
RUS,13.0,MEDIUM,13.0,1.0,0 days 00:01:23.569000,,,1,True,83.569,Monza,0
RUS,14.0,MEDIUM,14.0,1.0,0 days 00:01:23.932000,,,1,True,83.932,Monza,0
RUS,15.0,MEDIUM,15.0,1.0,0 days 00:01:23.837000,,,1,True,83.837,Monza,0
RUS,16.0,MEDIUM,16.0,1.0,0 days 00:01:23.876000,,,1,True,83.876,Monza,0
RUS,17.0,MEDIUM,17.0,1.0,0 days 00:01:23.786000,,,1,True,83.786,Monza,0
RUS,18.0,MEDIUM,18.0,1.0,0 days 00:01:23.656000,,,1,True,83.656,Monza,0
RUS,19.0,MEDIUM,19.0,1.0,0 days 00:01:23.756000,,,1,True,83.756,Monza,0
RUS,20.0,MEDIUM,20.0,1.0,0 days 00:01:23.588000,,,1,True,83.588,Monza,0
RUS,21.0,MEDIUM,21.0,1.0,0 days 00:01:23.432000,,,1,True,83.432,Monza,0
RUS,22.0,MEDIUM,22.0,1.0,0 days 00:01:23.479000,,,1,True,83.479,Monza,0
RUS,23.0,MEDIUM,23.0,1.0,0 days 00:01:23.641000,,,1,True,83.641,Monza,0
RUS,24.0,MEDIUM,24.0,1.0,0 days 00:01:23.638000,,,1,True,83.638,Monza,0
RUS,25.0,MEDIUM,25.0,1.0,0 days 00:01:23.765000,,,1,True,83.765,Monza,0
RUS,26.0,MEDIUM,26.0,1.0,0 days 00:01:23.980000,,,1,True,83.98,Monza,0
RUS,29.0,HARD,2.0,2.0,0 days 00:01:22.421000,,,1,True,82.421,Monza,0
RUS,30.0,HARD,3.0,2.0,0 days 00:01:22.601000,,,1,True,82.601,Monza,0
RUS,31.0,HARD,4.0,2.0,0 days 00:01:22.659000,,,1,True,82.659,Monza,0
RUS,32.0,HARD,5.0,2.0,0 days 00:01:22.701000,,,1,True,82.701,Monza,0
RUS,33.0,HARD,6.0,2.0,0 days 00:01:22.473000,,,1,True,82.473,Monza,0
RUS,34.0,HARD,7.0,2.0,0 days 00:01:22.490000,,,1,True,82.49,Monza,0
RUS,35.0,HARD,8.0,2.0,0 days 00:01:22.847000,,,1,True,82.847,Monza,0
RUS,36.0,HARD,9.0,2.0,0 days 00:01:22.248000,,,1,True,82.248,Monza,0
RUS,37.0,HARD,10.0,2.0,0 days 00:01:22.562000,,,1,True,82.562,Monza,0
RUS,38.0,HARD,11.0,2.0,0 days 00:01:22.430000,,,1,True,82.43,Monza,0
RUS,39.0,HARD,12.0,2.0,0 days 00:01:22.341000,,,1,True,82.341,Monza,0
RUS,40.0,HARD,13.0,2.0,0 days 00:01:22.112000,,,12,True,82.112,Monza,0
RUS,41.0,HARD,14.0,2.0,0 days 00:01:22.008000,,,1,True,82.008,Monza,0
RUS,42.0,HARD,15.0,2.0,0 days 00:01:21.912000,,,1,True,81.912,Monza,0
RUS,43.0,HARD,16.0,2.0,0 days 00:01:21.984000,,,1,True,81.984,Monza,0
RUS,44.0,HARD,17.0,2.0,0 days 00:01:22.048000,,,1,True,82.048,Monza,0
RUS,45.0,HARD,18.0,2.0,0 days 00:01:21.800000,,,1,True,81.8,Monza,0
RUS,46.0,HARD,19.0,2.0,0 days 00:01:21.922000,,,1,True,81.922,Monza,0
RUS,47.0,HARD,20.0,2.0,0 days 00:01:21.813000,,,1,True,81.813,Monza,0
RUS,48.0,HARD,21.0,2.0,0 days 00:01:22.496000,,,1,True,82.496,Monza,0
RUS,49.0,HARD,22.0,2.0,0 days 00:01:21.965000,,,1,True,81.965,Monza,0
RUS,50.0,HARD,23.0,2.0,0 days 00:01:21.961000,,,1,True,81.961,Monza,0
RUS,51.0,HARD,24.0,2.0,0 days 00:01:22.311000,,,1,True,82.311,Monza,0
RUS,52.0,HARD,25.0,2.0,0 days 00:01:22.072000,,,1,True,82.072,Monza,0
RUS,53.0,HARD,26.0,2.0,0 days 00:01:21.888000,,,1,True,81.888,Monza,0
HAM,2.0,MEDIUM,2.0,1.0,0 days 00:01:25.502000,,,1,True,85.502,Monza,0
HAM,3.0,MEDIUM,3.0,1.0,0 days 00:01:25.486000,,,1,True,85.486,Monza,0
HAM,4.0,MEDIUM,4.0,1.0,0 days 00:01:24.744000,,,1,True,84.744,Monza,0
HAM,5.0,MEDIUM,5.0,1.0,0 days 00:01:23.942000,,,1,True,83.942,Monza,0
HAM,6.0,MEDIUM,6.0,1.0,0 days 00:01:24.175000,,,1,True,84.175,Monza,0
HAM,7.0,MEDIUM,7.0,1.0,0 days 00:01:24.057000,,,1,True,84.057,Monza,0
HAM,8.0,MEDIUM,8.0,1.0,0 days 00:01:24.646000,,,1,True,84.646,Monza,0
HAM,9.0,MEDIUM,9.0,1.0,0 days 00:01:23.894000,,,1,True,83.894,Monza,0
HAM,10.0,MEDIUM,10.0,1.0,0 days 00:01:23.824000,,,1,True,83.824,Monza,0
HAM,11.0,MEDIUM,11.0,1.0,0 days 00:01:23.876000,,,1,True,83.876,Monza,0
HAM,12.0,MEDIUM,12.0,1.0,0 days 00:01:24.336000,,,1,True,84.336,Monza,0
HAM,13.0,MEDIUM,13.0,1.0,0 days 00:01:24.591000,,,1,True,84.591,Monza,0
HAM,14.0,MEDIUM,14.0,1.0,0 days 00:01:23.879000,,,1,True,83.879,Monza,0
HAM,15.0,MEDIUM,15.0,1.0,0 days 00:01:23.540000,,,1,True,83.54,Monza,0
HAM,16.0,MEDIUM,16.0,1.0,0 days 00:01:23.743000,,,1,True,83.743,Monza,0
HAM,17.0,MEDIUM,17.0,1.0,0 days 00:01:23.689000,,,1,True,83.689,Monza,0
HAM,18.0,MEDIUM,18.0,1.0,0 days 00:01:23.702000,,,1,True,83.702,Monza,0
HAM,19.0,MEDIUM,19.0,1.0,0 days 00:01:23.513000,,,1,True,83.513,Monza,0
HAM,20.0,MEDIUM,20.0,1.0,0 days 00:01:23.408000,,,1,True,83.408,Monza,0
HAM,21.0,MEDIUM,21.0,1.0,0 days 00:01:23.472000,,,1,True,83.472,Monza,0
HAM,22.0,MEDIUM,22.0,1.0,0 days 00:01:23.446000,,,1,True,83.446,Monza,0
HAM,23.0,MEDIUM,23.0,1.0,0 days 00:01:23.406000,,,1,True,83.406,Monza,0
HAM,24.0,MEDIUM,24.0,1.0,0 days 00:01:23.675000,,,1,True,83.675,Monza,0
HAM,25.0,MEDIUM,25.0,1.0,0 days 00:01:23.518000,,,1,True,83.518,Monza,0
HAM,26.0,MEDIUM,26.0,1.0,0 days 00:01:23.961000,,,1,True,83.961,Monza,0
HAM,27.0,MEDIUM,27.0,1.0,0 days 00:01:23.412000,,,1,True,83.412,Monza,0
HAM,28.0,MEDIUM,28.0,1.0,0 days 00:01:23.398000,,,1,True,83.398,Monza,0
HAM,29.0,MEDIUM,29.0,1.0,0 days 00:01:23.044000,,,1,True,83.044,Monza,0
HAM,30.0,MEDIUM,30.0,1.0,0 days 00:01:23.463000,,,1,True,83.463,Monza,0
HAM,31.0,MEDIUM,31.0,1.0,0 days 00:01:23.636000,,,1,True,83.636,Monza,0
HAM,32.0,MEDIUM,32.0,1.0,0 days 00:01:23.208000,,,1,True,83.208,Monza,0
HAM,33.0,MEDIUM,33.0,1.0,0 days 00:01:23.010000,,,1,True,83.01,Monza,0
HAM,34.0,MEDIUM,34.0,1.0,0 days 00:01:23.291000,,,1,True,83.291,Monza,0
HAM,35.0,MEDIUM,35.0,1.0,0 days 00:01:22.992000,,,1,True,82.992,Monza,0
HAM,36.0,MEDIUM,36.0,1.0,0 days 00:01:22.990000,,,1,True,82.99,Monza,0
HAM,37.0,MEDIUM,37.0,1.0,0 days 00:01:22.878000,,,1,True,82.878,Monza,0
HAM,40.0,HARD,2.0,2.0,0 days 00:01:22.194000,,,12,True,82.194,Monza,0
HAM,41.0,HARD,3.0,2.0,0 days 00:01:22.308000,,,1,True,82.308,Monza,0
HAM,42.0,HARD,4.0,2.0,0 days 00:01:21.898000,,,1,True,81.898,Monza,0
HAM,43.0,HARD,5.0,2.0,0 days 00:01:21.917000,,,1,True,81.917,Monza,0
HAM,44.0,HARD,6.0,2.0,0 days 00:01:22.037000,,,1,True,82.037,Monza,0
HAM,45.0,HARD,7.0,2.0,0 days 00:01:21.830000,,,1,True,81.83,Monza,0
HAM,46.0,HARD,8.0,2.0,0 days 00:01:21.775000,,,1,True,81.775,Monza,0
HAM,47.0,HARD,9.0,2.0,0 days 00:01:21.657000,,,1,True,81.657,Monza,0
HAM,48.0,HARD,10.0,2.0,0 days 00:01:21.612000,,,1,True,81.612,Monza,0
HAM,49.0,HARD,11.0,2.0,0 days 00:01:21.701000,,,1,True,81.701,Monza,0
HAM,50.0,HARD,12.0,2.0,0 days 00:01:21.546000,,,1,True,81.546,Monza,0
HAM,51.0,HARD,13.0,2.0,0 days 00:01:21.906000,,,1,True,81.906,Monza,0
HAM,52.0,HARD,14.0,2.0,0 days 00:01:21.743000,,,1,True,81.743,Monza,0
HAM,53.0,HARD,15.0,2.0,0 days 00:01:21.857000,,,1,True,81.857,Monza,0
ALB,2.0,HARD,2.0,1.0,0 days 00:01:25.762000,,,1,True,85.762,Monza,0
ALB,3.0,HARD,3.0,1.0,0 days 00:01:25.238000,,,1,True,85.238,Monza,0
ALB,4.0,HARD,4.0,1.0,0 days 00:01:25.427000,,,1,True,85.427,Monza,0
ALB,5.0,HARD,5.0,1.0,0 days 00:01:24.598000,,,1,True,84.598,Monza,0
ALB,6.0,HARD,6.0,1.0,0 days 00:01:24.743000,,,1,True,84.743,Monza,0
ALB,7.0,HARD,7.0,1.0,0 days 00:01:24.736000,,,1,True,84.736,Monza,0
ALB,8.0,HARD,8.0,1.0,0 days 00:01:24.553000,,,1,True,84.553,Monza,0
ALB,9.0,HARD,9.0,1.0,0 days 00:01:24.647000,,,1,True,84.647,Monza,0
ALB,10.0,HARD,10.0,1.0,0 days 00:01:24.453000,,,1,True,84.453,Monza,0
ALB,11.0,HARD,11.0,1.0,0 days 00:01:24.514000,,,1,True,84.514,Monza,0
ALB,12.0,HARD,12.0,1.0,0 days 00:01:24.559000,,,1,True,84.559,Monza,0
ALB,13.0,HARD,13.0,1.0,0 days 00:01:24.413000,,,1,True,84.413,Monza,0
ALB,14.0,HARD,14.0,1.0,0 days 00:01:24.212000,,,1,True,84.212,Monza,0
ALB,15.0,HARD,15.0,1.0,0 days 00:01:24.431000,,,1,True,84.431,Monza,0
ALB,16.0,HARD,16.0,1.0,0 days 00:01:24.499000,,,1,True,84.499,Monza,0
ALB,17.0,HARD,17.0,1.0,0 days 00:01:24.422000,,,1,True,84.422,Monza,0
ALB,18.0,HARD,18.0,1.0,0 days 00:01:24.738000,,,1,True,84.738,Monza,0
ALB,19.0,HARD,19.0,1.0,0 days 00:01:24.251000,,,1,True,84.251,Monza,0
ALB,20.0,HARD,20.0,1.0,0 days 00:01:24.239000,,,1,True,84.239,Monza,0
ALB,21.0,HARD,21.0,1.0,0 days 00:01:23.815000,,,1,True,83.815,Monza,0
ALB,22.0,HARD,22.0,1.0,0 days 00:01:23.738000,,,1,True,83.738,Monza,0
ALB,23.0,HARD,23.0,1.0,0 days 00:01:23.781000,,,1,True,83.781,Monza,0
ALB,24.0,HARD,24.0,1.0,0 days 00:01:23.867000,,,1,True,83.867,Monza,0
ALB,25.0,HARD,25.0,1.0,0 days 00:01:23.726000,,,1,True,83.726,Monza,0
ALB,26.0,HARD,26.0,1.0,0 days 00:01:23.246000,,,1,True,83.246,Monza,0
ALB,27.0,HARD,27.0,1.0,0 days 00:01:23.723000,,,1,True,83.723,Monza,0
ALB,28.0,HARD,28.0,1.0,0 days 00:01:23.349000,,,1,True,83.349,Monza,0
ALB,29.0,HARD,29.0,1.0,0 days 00:01:23.229000,,,1,True,83.229,Monza,0
ALB,30.0,HARD,30.0,1.0,0 days 00:01:23.129000,,,1,True,83.129,Monza,0
ALB,31.0,HARD,31.0,1.0,0 days 00:01:23.005000,,,1,True,83.005,Monza,0
ALB,32.0,HARD,32.0,1.0,0 days 00:01:23.149000,,,1,True,83.149,Monza,0
ALB,33.0,HARD,33.0,1.0,0 days 00:01:22.995000,,,1,True,82.995,Monza,0
ALB,34.0,HARD,34.0,1.0,0 days 00:01:22.906000,,,1,True,82.906,Monza,0
ALB,35.0,HARD,35.0,1.0,0 days 00:01:22.497000,,,1,True,82.497,Monza,0
ALB,36.0,HARD,36.0,1.0,0 days 00:01:22.609000,,,1,True,82.609,Monza,0
ALB,37.0,HARD,37.0,1.0,0 days 00:01:22.729000,,,1,True,82.729,Monza,0
ALB,38.0,HARD,38.0,1.0,0 days 00:01:22.658000,,,1,True,82.658,Monza,0
ALB,39.0,HARD,39.0,1.0,0 days 00:01:22.673000,,,1,True,82.673,Monza,0
ALB,40.0,HARD,40.0,1.0,0 days 00:01:22.574000,,,12,True,82.574,Monza,0
ALB,43.0,MEDIUM,2.0,2.0,0 days 00:01:21.899000,,,1,True,81.899,Monza,0
ALB,44.0,MEDIUM,3.0,2.0,0 days 00:01:22.126000,,,1,True,82.126,Monza,0
ALB,45.0,MEDIUM,4.0,2.0,0 days 00:01:22.034000,,,1,True,82.034,Monza,0
ALB,46.0,MEDIUM,5.0,2.0,0 days 00:01:21.745000,,,1,True,81.745,Monza,0
ALB,47.0,MEDIUM,6.0,2.0,0 days 00:01:21.630000,,,1,True,81.63,Monza,0
ALB,48.0,MEDIUM,7.0,2.0,0 days 00:01:21.960000,,,1,True,81.96,Monza,0
ALB,49.0,MEDIUM,8.0,2.0,0 days 00:01:22.693000,,,1,True,82.693,Monza,0
ALB,50.0,MEDIUM,9.0,2.0,0 days 00:01:21.727000,,,1,True,81.727,Monza,0
ALB,51.0,MEDIUM,10.0,2.0,0 days 00:01:22.053000,,,1,True,82.053,Monza,0
ALB,52.0,MEDIUM,11.0,2.0,0 days 00:01:21.848000,,,1,True,81.848,Monza,0
ALB,53.0,MEDIUM,12.0,2.0,0 days 00:01:21.368000,,,1,True,81.368,Monza,0
BOR,2.0,MEDIUM,2.0,1.0,0 days 00:01:24.823000,,,1,True,84.823,Monza,0
BOR,3.0,MEDIUM,3.0,1.0,0 days 00:01:25.354000,,,1,True,85.354,Monza,0
BOR,4.0,MEDIUM,4.0,1.0,0 days 00:01:24.744000,,,1,True,84.744,Monza,0
BOR,5.0,MEDIUM,5.0,1.0,0 days 00:01:24.329000,,,1,True,84.329,Monza,0
BOR,6.0,MEDIUM,6.0,1.0,0 days 00:01:24.602000,,,1,True,84.602,Monza,0
BOR,7.0,MEDIUM,7.0,1.0,0 days 00:01:25.041000,,,1,True,85.041,Monza,0
BOR,8.0,MEDIUM,8.0,1.0,0 days 00:01:24.729000,,,1,True,84.729,Monza,0
BOR,9.0,MEDIUM,9.0,1.0,0 days 00:01:24.431000,,,1,True,84.431,Monza,0
BOR,10.0,MEDIUM,10.0,1.0,0 days 00:01:24.517000,,,1,True,84.517,Monza,0
BOR,11.0,MEDIUM,11.0,1.0,0 days 00:01:24.549000,,,1,True,84.549,Monza,0
BOR,12.0,MEDIUM,12.0,1.0,0 days 00:01:24.529000,,,1,True,84.529,Monza,0
BOR,13.0,MEDIUM,13.0,1.0,0 days 00:01:24.638000,,,1,True,84.638,Monza,0
BOR,14.0,MEDIUM,14.0,1.0,0 days 00:01:24.327000,,,1,True,84.327,Monza,0
BOR,15.0,MEDIUM,15.0,1.0,0 days 00:01:24.385000,,,1,True,84.385,Monza,0
BOR,16.0,MEDIUM,16.0,1.0,0 days 00:01:24.127000,,,1,True,84.127,Monza,0
BOR,17.0,MEDIUM,17.0,1.0,0 days 00:01:24.202000,,,1,True,84.202,Monza,0
BOR,18.0,MEDIUM,18.0,1.0,0 days 00:01:24.241000,,,1,True,84.241,Monza,0
BOR,19.0,MEDIUM,19.0,1.0,0 days 00:01:24.232000,,,1,True,84.232,Monza,0
BOR,22.0,HARD,2.0,2.0,0 days 00:01:23.917000,,,1,True,83.917,Monza,0
BOR,23.0,HARD,3.0,2.0,0 days 00:01:23.815000,,,1,True,83.815,Monza,0
BOR,24.0,HARD,4.0,2.0,0 days 00:01:23.884000,,,1,True,83.884,Monza,0
BOR,25.0,HARD,5.0,2.0,0 days 00:01:24.070000,,,1,True,84.07,Monza,0
BOR,26.0,HARD,6.0,2.0,0 days 00:01:23.973000,,,1,True,83.973,Monza,0
BOR,27.0,HARD,7.0,2.0,0 days 00:01:23.192000,,,1,True,83.192,Monza,0
BOR,28.0,HARD,8.0,2.0,0 days 00:01:22.981000,,,1,True,82.981,Monza,0
BOR,29.0,HARD,9.0,2.0,0 days 00:01:23.717000,,,1,True,83.717,Monza,0
BOR,30.0,HARD,10.0,2.0,0 days 00:01:23.343000,,,1,True,83.343,Monza,0
BOR,31.0,HARD,11.0,2.0,0 days 00:01:23.008000,,,1,True,83.008,Monza,0
BOR,32.0,HARD,12.0,2.0,0 days 00:01:23.040000,,,1,True,83.04,Monza,0
BOR,33.0,HARD,13.0,2.0,0 days 00:01:23.243000,,,1,True,83.243,Monza,0
BOR,34.0,HARD,14.0,2.0,0 days 00:01:22.819000,,,1,True,82.819,Monza,0
BOR,35.0,HARD,15.0,2.0,0 days 00:01:22.878000,,,1,True,82.878,Monza,0
BOR,36.0,HARD,16.0,2.0,0 days 00:01:22.490000,,,1,True,82.49,Monza,0
BOR,37.0,HARD,17.0,2.0,0 days 00:01:22.815000,,,1,True,82.815,Monza,0
BOR,38.0,HARD,18.0,2.0,0 days 00:01:22.537000,,,1,True,82.537,Monza,0
BOR,39.0,HARD,19.0,2.0,0 days 00:01:22.938000,,,1,True,82.938,Monza,0
BOR,40.0,HARD,20.0,2.0,0 days 00:01:23.675000,,,12,True,83.675,Monza,0
BOR,41.0,HARD,21.0,2.0,0 days 00:01:22.738000,,,1,True,82.738,Monza,0
BOR,42.0,HARD,22.0,2.0,0 days 00:01:23.172000,,,1,True,83.172,Monza,0
BOR,43.0,HARD,23.0,2.0,0 days 00:01:22.825000,,,1,True,82.825,Monza,0
BOR,44.0,HARD,24.0,2.0,0 days 00:01:22.836000,,,1,True,82.836,Monza,0
BOR,45.0,HARD,25.0,2.0,0 days 00:01:22.610000,,,1,True,82.61,Monza,0
BOR,46.0,HARD,26.0,2.0,0 days 00:01:22.418000,,,1,True,82.418,Monza,0
BOR,47.0,HARD,27.0,2.0,0 days 00:01:22.467000,,,1,True,82.467,Monza,0
BOR,48.0,HARD,28.0,2.0,0 days 00:01:22.350000,,,1,True,82.35,Monza,0
BOR,49.0,HARD,29.0,2.0,0 days 00:01:22.414000,,,1,True,82.414,Monza,0
BOR,50.0,HARD,30.0,2.0,0 days 00:01:22.151000,,,1,True,82.151,Monza,0
BOR,51.0,HARD,31.0,2.0,0 days 00:01:22.139000,,,1,True,82.139,Monza,0
BOR,52.0,HARD,32.0,2.0,0 days 00:01:22.619000,,,1,True,82.619,Monza,0
BOR,53.0,HARD,33.0,2.0,0 days 00:01:22.320000,,,1,True,82.32,Monza,0
ANT,2.0,MEDIUM,2.0,1.0,0 days 00:01:25.453000,,,1,True,85.453,Monza,0
ANT,3.0,MEDIUM,3.0,1.0,0 days 00:01:25.461000,,,1,True,85.461,Monza,0
ANT,4.0,MEDIUM,4.0,1.0,0 days 00:01:24.841000,,,1,True,84.841,Monza,0
ANT,5.0,MEDIUM,5.0,1.0,0 days 00:01:24.650000,,,1,True,84.65,Monza,0
ANT,6.0,MEDIUM,6.0,1.0,0 days 00:01:25.080000,,,1,True,85.08,Monza,0
ANT,7.0,MEDIUM,7.0,1.0,0 days 00:01:24.501000,,,1,True,84.501,Monza,0
ANT,8.0,MEDIUM,8.0,1.0,0 days 00:01:24.398000,,,1,True,84.398,Monza,0
ANT,9.0,MEDIUM,9.0,1.0,0 days 00:01:24.566000,,,1,True,84.566,Monza,0
ANT,10.0,MEDIUM,10.0,1.0,0 days 00:01:24.571000,,,1,True,84.571,Monza,0
ANT,11.0,MEDIUM,11.0,1.0,0 days 00:01:24.510000,,,1,True,84.51,Monza,0
ANT,12.0,MEDIUM,12.0,1.0,0 days 00:01:24.447000,,,1,True,84.447,Monza,0
ANT,13.0,MEDIUM,13.0,1.0,0 days 00:01:24.535000,,,1,True,84.535,Monza,0
ANT,14.0,MEDIUM,14.0,1.0,0 days 00:01:24.382000,,,1,True,84.382,Monza,0
ANT,15.0,MEDIUM,15.0,1.0,0 days 00:01:24.456000,,,1,True,84.456,Monza,0
ANT,16.0,MEDIUM,16.0,1.0,0 days 00:01:24.516000,,,1,True,84.516,Monza,0
ANT,17.0,MEDIUM,17.0,1.0,0 days 00:01:24.227000,,,1,True,84.227,Monza,0
ANT,18.0,MEDIUM,18.0,1.0,0 days 00:01:23.979000,,,1,True,83.979,Monza,0
ANT,19.0,MEDIUM,19.0,1.0,0 days 00:01:23.940000,,,1,True,83.94,Monza,0
ANT,20.0,MEDIUM,20.0,1.0,0 days 00:01:23.746000,,,1,True,83.746,Monza,0
ANT,21.0,MEDIUM,21.0,1.0,0 days 00:01:23.688000,,,1,True,83.688,Monza,0
ANT,22.0,MEDIUM,22.0,1.0,0 days 00:01:23.295000,,,1,True,83.295,Monza,0
ANT,23.0,MEDIUM,23.0,1.0,0 days 00:01:23.671000,,,1,True,83.671,Monza,0
ANT,24.0,MEDIUM,24.0,1.0,0 days 00:01:23.515000,,,1,True,83.515,Monza,0
ANT,25.0,MEDIUM,25.0,1.0,0 days 00:01:23.449000,,,1,True,83.449,Monza,0
ANT,26.0,MEDIUM,26.0,1.0,0 days 00:01:24.699000,,,1,True,84.699,Monza,0
ANT,27.0,MEDIUM,27.0,1.0,0 days 00:01:23.700000,,,1,True,83.7,Monza,0
ANT,30.0,HARD,2.0,2.0,0 days 00:01:22.775000,,,1,True,82.775,Monza,0
ANT,31.0,HARD,3.0,2.0,0 days 00:01:22.663000,,,1,True,82.663,Monza,0
ANT,32.0,HARD,4.0,2.0,0 days 00:01:22.852000,,,1,True,82.852,Monza,0
ANT,33.0,HARD,5.0,2.0,0 days 00:01:22.705000,,,1,True,82.705,Monza,0
ANT,34.0,HARD,6.0,2.0,0 days 00:01:22.649000,,,1,True,82.649,Monza,0
ANT,35.0,HARD,7.0,2.0,0 days 00:01:22.653000,,,1,True,82.653,Monza,0
ANT,36.0,HARD,8.0,2.0,0 days 00:01:22.953000,,,1,True,82.953,Monza,0
ANT,37.0,HARD,9.0,2.0,0 days 00:01:22.982000,,,1,True,82.982,Monza,0
ANT,38.0,HARD,10.0,2.0,0 days 00:01:23.010000,,,1,True,83.01,Monza,0
ANT,39.0,HARD,11.0,2.0,0 days 00:01:24.154000,,,1,True,84.154,Monza,0
ANT,40.0,HARD,12.0,2.0,0 days 00:01:23.107000,,,12,True,83.107,Monza,0
ANT,41.0,HARD,13.0,2.0,0 days 00:01:22.503000,,,1,True,82.503,Monza,0
ANT,42.0,HARD,14.0,2.0,0 days 00:01:22.255000,,,1,True,82.255,Monza,0
ANT,43.0,HARD,15.0,2.0,0 days 00:01:22.322000,,,1,True,82.322,Monza,0
ANT,44.0,HARD,16.0,2.0,0 days 00:01:23.848000,,,1,True,83.848,Monza,0
ANT,45.0,HARD,17.0,2.0,0 days 00:01:22.651000,,,1,True,82.651,Monza,0
ANT,46.0,HARD,18.0,2.0,0 days 00:01:22.366000,,,1,True,82.366,Monza,0
ANT,47.0,HARD,19.0,2.0,0 days 00:01:22.327000,,,1,True,82.327,Monza,0
ANT,48.0,HARD,20.0,2.0,0 days 00:01:22.201000,,,1,True,82.201,Monza,0
ANT,49.0,HARD,21.0,2.0,0 days 00:01:22.174000,,,1,True,82.174,Monza,0
ANT,50.0,HARD,22.0,2.0,0 days 00:01:21.997000,,,1,True,81.997,Monza,0
ANT,51.0,HARD,23.0,2.0,0 days 00:01:22.207000,,,1,True,82.207,Monza,0
ANT,52.0,HARD,24.0,2.0,0 days 00:01:22.108000,,,1,True,82.108,Monza,0
ANT,53.0,HARD,25.0,2.0,0 days 00:01:21.968000,,,1,True,81.968,Monza,0
HAD,2.0,HARD,3.0,1.0,0 days 00:01:26.732000,,,1,True,86.732,Monza,0
HAD,3.0,HARD,4.0,1.0,0 days 00:01:25.467000,,,1,True,85.467,Monza,0
HAD,4.0,HARD,5.0,1.0,0 days 00:01:25.218000,,,1,True,85.218,Monza,0
HAD,5.0,HARD,6.0,1.0,0 days 00:01:24.887000,,,1,True,84.887,Monza,0
HAD,6.0,HARD,7.0,1.0,0 days 00:01:24.924000,,,1,True,84.924,Monza,0
HAD,7.0,HARD,8.0,1.0,0 days 00:01:24.606000,,,1,True,84.606,Monza,0
HAD,8.0,HARD,9.0,1.0,0 days 00:01:25.728000,,,1,True,85.728,Monza,0
HAD,9.0,HARD,10.0,1.0,0 days 00:01:24.167000,,,1,True,84.167,Monza,0
HAD,10.0,HARD,11.0,1.0,0 days 00:01:24.864000,,,1,True,84.864,Monza,0
HAD,11.0,HARD,12.0,1.0,0 days 00:01:24.649000,,,1,True,84.649,Monza,0
HAD,12.0,HARD,13.0,1.0,0 days 00:01:24.595000,,,1,True,84.595,Monza,0
HAD,13.0,HARD,14.0,1.0,0 days 00:01:24.081000,,,1,True,84.081,Monza,0
HAD,14.0,HARD,15.0,1.0,0 days 00:01:24.182000,,,1,True,84.182,Monza,0
HAD,15.0,HARD,16.0,1.0,0 days 00:01:24.036000,,,1,True,84.036,Monza,0
HAD,16.0,HARD,17.0,1.0,0 days 00:01:24.287000,,,1,True,84.287,Monza,0
HAD,17.0,HARD,18.0,1.0,0 days 00:01:24.447000,,,1,True,84.447,Monza,0
HAD,18.0,HARD,19.0,1.0,0 days 00:01:24.032000,,,1,True,84.032,Monza,0
HAD,19.0,HARD,20.0,1.0,0 days 00:01:24.242000,,,1,True,84.242,Monza,0
HAD,20.0,HARD,21.0,1.0,0 days 00:01:24.140000,,,1,True,84.14,Monza,0
HAD,21.0,HARD,22.0,1.0,0 days 00:01:24.122000,,,1,True,84.122,Monza,0
HAD,22.0,HARD,23.0,1.0,0 days 00:01:23.844000,,,1,True,83.844,Monza,0
HAD,23.0,HARD,24.0,1.0,0 days 00:01:23.973000,,,1,True,83.973,Monza,0
HAD,24.0,HARD,25.0,1.0,0 days 00:01:23.801000,,,1,True,83.801,Monza,0
HAD,25.0,HARD,26.0,1.0,0 days 00:01:23.882000,,,1,True,83.882,Monza,0
HAD,26.0,HARD,27.0,1.0,0 days 00:01:24.026000,,,1,True,84.026,Monza,0
HAD,27.0,HARD,28.0,1.0,0 days 00:01:23.885000,,,1,True,83.885,Monza,0
HAD,28.0,HARD,29.0,1.0,0 days 00:01:23.686000,,,1,True,83.686,Monza,0
HAD,29.0,HARD,30.0,1.0,0 days 00:01:23.389000,,,1,True,83.389,Monza,0
HAD,30.0,HARD,31.0,1.0,0 days 00:01:23.701000,,,1,True,83.701,Monza,0
HAD,31.0,HARD,32.0,1.0,0 days 00:01:23.431000,,,1,True,83.431,Monza,0
HAD,34.0,MEDIUM,2.0,2.0,0 days 00:01:22.657000,,,1,True,82.657,Monza,0
HAD,35.0,MEDIUM,3.0,2.0,0 days 00:01:22.581000,,,1,True,82.581,Monza,0
HAD,36.0,MEDIUM,4.0,2.0,0 days 00:01:22.702000,,,1,True,82.702,Monza,0
HAD,37.0,MEDIUM,5.0,2.0,0 days 00:01:22.998000,,,1,True,82.998,Monza,0
HAD,38.0,MEDIUM,6.0,2.0,0 days 00:01:23.082000,,,1,True,83.082,Monza,0
HAD,39.0,MEDIUM,7.0,2.0,0 days 00:01:22.745000,,,1,True,82.745,Monza,0
HAD,40.0,MEDIUM,8.0,2.0,0 days 00:01:23.752000,,,12,True,83.752,Monza,0
HAD,41.0,MEDIUM,9.0,2.0,0 days 00:01:22.525000,,,1,True,82.525,Monza,0
HAD,42.0,MEDIUM,10.0,2.0,0 days 00:01:22.595000,,,1,True,82.595,Monza,0
HAD,43.0,MEDIUM,11.0,2.0,0 days 00:01:22.448000,,,1,True,82.448,Monza,0
HAD,44.0,MEDIUM,12.0,2.0,0 days 00:01:22.427000,,,1,True,82.427,Monza,0
HAD,45.0,MEDIUM,13.0,2.0,0 days 00:01:22.330000,,,1,True,82.33,Monza,0
HAD,46.0,MEDIUM,14.0,2.0,0 days 00:01:22.133000,,,1,True,82.133,Monza,0
HAD,47.0,MEDIUM,15.0,2.0,0 days 00:01:22.209000,,,1,True,82.209,Monza,0
HAD,48.0,MEDIUM,16.0,2.0,0 days 00:01:22.239000,,,1,True,82.239,Monza,0
HAD,49.0,MEDIUM,17.0,2.0,0 days 00:01:22.269000,,,1,True,82.269,Monza,0
HAD,50.0,MEDIUM,18.0,2.0,0 days 00:01:22.311000,,,1,True,82.311,Monza,0
HAD,51.0,MEDIUM,19.0,2.0,0 days 00:01:22.226000,,,1,True,82.226,Monza,0
HAD,52.0,MEDIUM,20.0,2.0,0 days 00:01:22.215000,,,1,True,82.215,Monza,0
HAD,53.0,MEDIUM,21.0,2.0,0 days 00:01:22.536000,,,1,True,82.536,Monza,0
SAI,2.0,MEDIUM,2.0,1.0,0 days 00:01:25.628000,,,1,True,85.628,Monza,0
SAI,3.0,MEDIUM,3.0,1.0,0 days 00:01:25.414000,,,1,True,85.414,Monza,0
SAI,4.0,MEDIUM,4.0,1.0,0 days 00:01:25.204000,,,1,True,85.204,Monza,0
SAI,5.0,MEDIUM,5.0,1.0,0 days 00:01:24.727000,,,1,True,84.727,Monza,0
SAI,6.0,MEDIUM,6.0,1.0,0 days 00:01:24.704000,,,1,True,84.704,Monza,0
SAI,7.0,MEDIUM,7.0,1.0,0 days 00:01:24.676000,,,1,True,84.676,Monza,0
SAI,8.0,MEDIUM,8.0,1.0,0 days 00:01:24.704000,,,1,True,84.704,Monza,0
SAI,9.0,MEDIUM,9.0,1.0,0 days 00:01:24.389000,,,1,True,84.389,Monza,0
SAI,10.0,MEDIUM,10.0,1.0,0 days 00:01:24.483000,,,1,True,84.483,Monza,0
SAI,11.0,MEDIUM,11.0,1.0,0 days 00:01:24.592000,,,1,True,84.592,Monza,0
SAI,12.0,MEDIUM,12.0,1.0,0 days 00:01:24.557000,,,1,True,84.557,Monza,0
SAI,13.0,MEDIUM,13.0,1.0,0 days 00:01:24.449000,,,1,True,84.449,Monza,0
SAI,14.0,MEDIUM,14.0,1.0,0 days 00:01:24.327000,,,1,True,84.327,Monza,0
SAI,15.0,MEDIUM,15.0,1.0,0 days 00:01:24.395000,,,1,True,84.395,Monza,0
SAI,16.0,MEDIUM,16.0,1.0,0 days 00:01:24.478000,,,1,True,84.478,Monza,0
SAI,17.0,MEDIUM,17.0,1.0,0 days 00:01:24.342000,,,1,True,84.342,Monza,0
SAI,18.0,MEDIUM,18.0,1.0,0 days 00:01:24.788000,,,1,True,84.788,Monza,0
SAI,19.0,MEDIUM,19.0,1.0,0 days 00:01:24.162000,,,1,True,84.162,Monza,0
SAI,20.0,MEDIUM,20.0,1.0,0 days 00:01:24.213000,,,1,True,84.213,Monza,0
SAI,21.0,MEDIUM,21.0,1.0,0 days 00:01:23.814000,,,1,True,83.814,Monza,0
SAI,22.0,MEDIUM,22.0,1.0,0 days 00:01:23.702000,,,1,True,83.702,Monza,0
SAI,23.0,MEDIUM,23.0,1.0,0 days 00:01:23.827000,,,1,True,83.827,Monza,0
SAI,24.0,MEDIUM,24.0,1.0,0 days 00:01:23.837000,,,1,True,83.837,Monza,0
SAI,25.0,MEDIUM,25.0,1.0,0 days 00:01:25.082000,,,1,True,85.082,Monza,0
SAI,26.0,MEDIUM,26.0,1.0,0 days 00:01:23.886000,,,1,True,83.886,Monza,0
SAI,27.0,MEDIUM,27.0,1.0,0 days 00:01:23.968000,,,1,True,83.968,Monza,0
SAI,28.0,MEDIUM,28.0,1.0,0 days 00:01:23.552000,,,1,True,83.552,Monza,0
SAI,29.0,MEDIUM,29.0,1.0,0 days 00:01:23.857000,,,1,True,83.857,Monza,0
SAI,32.0,HARD,2.0,2.0,0 days 00:01:22.625000,,,1,True,82.625,Monza,0
SAI,33.0,HARD,3.0,2.0,0 days 00:01:22.515000,,,1,True,82.515,Monza,0
SAI,34.0,HARD,4.0,2.0,0 days 00:01:22.465000,,,1,True,82.465,Monza,0
SAI,35.0,HARD,5.0,2.0,0 days 00:01:22.680000,,,1,True,82.68,Monza,0
SAI,36.0,HARD,6.0,2.0,0 days 00:01:22.635000,,,1,True,82.635,Monza,0
SAI,37.0,HARD,7.0,2.0,0 days 00:01:22.821000,,,1,True,82.821,Monza,0
SAI,38.0,HARD,8.0,2.0,0 days 00:01:22.564000,,,1,True,82.564,Monza,0
SAI,39.0,HARD,9.0,2.0,0 days 00:01:22.991000,,,1,True,82.991,Monza,0
SAI,41.0,HARD,11.0,2.0,0 days 00:01:22.738000,,,1,True,82.738,Monza,0
SAI,42.0,HARD,12.0,2.0,0 days 00:01:22.482000,,,1,True,82.482,Monza,0
SAI,43.0,HARD,13.0,2.0,0 days 00:01:22.524000,,,1,True,82.524,Monza,0
SAI,44.0,HARD,14.0,2.0,0 days 00:01:22.523000,,,1,True,82.523,Monza,0
SAI,45.0,HARD,15.0,2.0,0 days 00:01:22.323000,,,1,True,82.323,Monza,0
SAI,46.0,HARD,16.0,2.0,0 days 00:01:22.101000,,,1,True,82.101,Monza,0
SAI,47.0,HARD,17.0,2.0,0 days 00:01:21.740000,,,1,True,81.74,Monza,0
SAI,48.0,HARD,18.0,2.0,0 days 00:01:22.364000,,,1,True,82.364,Monza,0
SAI,49.0,HARD,19.0,2.0,0 days 00:01:22.155000,,,1,True,82.155,Monza,0
SAI,50.0,HARD,20.0,2.0,0 days 00:01:22.379000,,,1,True,82.379,Monza,0
SAI,51.0,HARD,21.0,2.0,0 days 00:01:22.198000,,,1,True,82.198,Monza,0
SAI,52.0,HARD,22.0,2.0,0 days 00:01:22.048000,,,1,True,82.048,Monza,0
SAI,53.0,HARD,23.0,2.0,0 days 00:01:22.382000,,,1,True,82.382,Monza,0
BEA,2.0,MEDIUM,2.0,1.0,0 days 00:01:25.671000,,,1,True,85.671,Monza,0
BEA,3.0,MEDIUM,3.0,1.0,0 days 00:01:25.420000,,,1,True,85.42,Monza,0
BEA,4.0,MEDIUM,4.0,1.0,0 days 00:01:24.885000,,,1,True,84.885,Monza,0
BEA,5.0,MEDIUM,5.0,1.0,0 days 00:01:24.829000,,,1,True,84.829,Monza,0
BEA,6.0,MEDIUM,6.0,1.0,0 days 00:01:24.745000,,,1,True,84.745,Monza,0
BEA,7.0,MEDIUM,7.0,1.0,0 days 00:01:24.625000,,,1,True,84.625,Monza,0
BEA,8.0,MEDIUM,8.0,1.0,0 days 00:01:24.494000,,,1,True,84.494,Monza,0
BEA,9.0,MEDIUM,9.0,1.0,0 days 00:01:24.520000,,,1,True,84.52,Monza,0
BEA,10.0,MEDIUM,10.0,1.0,0 days 00:01:24.534000,,,1,True,84.534,Monza,0
BEA,11.0,MEDIUM,11.0,1.0,0 days 00:01:24.662000,,,1,True,84.662,Monza,0
BEA,12.0,MEDIUM,12.0,1.0,0 days 00:01:24.559000,,,1,True,84.559,Monza,0
BEA,13.0,MEDIUM,13.0,1.0,0 days 00:01:24.423000,,,1,True,84.423,Monza,0
BEA,14.0,MEDIUM,14.0,1.0,0 days 00:01:24.296000,,,1,True,84.296,Monza,0
BEA,15.0,MEDIUM,15.0,1.0,0 days 00:01:24.514000,,,1,True,84.514,Monza,0
BEA,16.0,MEDIUM,16.0,1.0,0 days 00:01:24.385000,,,1,True,84.385,Monza,0
BEA,17.0,MEDIUM,17.0,1.0,0 days 00:01:24.301000,,,1,True,84.301,Monza,0
BEA,20.0,HARD,2.0,2.0,0 days 00:01:23.028000,,,1,True,83.028,Monza,0
BEA,21.0,HARD,3.0,2.0,0 days 00:01:24.118000,,,1,True,84.118,Monza,0
BEA,22.0,HARD,4.0,2.0,0 days 00:01:24.474000,,,1,True,84.474,Monza,0
BEA,23.0,HARD,5.0,2.0,0 days 00:01:24.261000,,,1,True,84.261,Monza,0
BEA,24.0,HARD,6.0,2.0,0 days 00:01:24.118000,,,1,True,84.118,Monza,0
BEA,25.0,HARD,7.0,2.0,0 days 00:01:23.952000,,,1,True,83.952,Monza,0
BEA,26.0,HARD,8.0,2.0,0 days 00:01:23.879000,,,1,True,83.879,Monza,0
BEA,27.0,HARD,9.0,2.0,0 days 00:01:23.514000,,,1,True,83.514,Monza,0
BEA,28.0,HARD,10.0,2.0,0 days 00:01:23.334000,,,1,True,83.334,Monza,0
BEA,29.0,HARD,11.0,2.0,0 days 00:01:23.368000,,,1,True,83.368,Monza,0
BEA,30.0,HARD,12.0,2.0,0 days 00:01:23.220000,,,1,True,83.22,Monza,0
BEA,31.0,HARD,13.0,2.0,0 days 00:01:23.182000,,,1,True,83.182,Monza,0
BEA,32.0,HARD,14.0,2.0,0 days 00:01:23.182000,,,1,True,83.182,Monza,0
BEA,33.0,HARD,15.0,2.0,0 days 00:01:23.055000,,,1,True,83.055,Monza,0
BEA,34.0,HARD,16.0,2.0,0 days 00:01:22.911000,,,1,True,82.911,Monza,0
BEA,35.0,HARD,17.0,2.0,0 days 00:01:22.936000,,,1,True,82.936,Monza,0
BEA,36.0,HARD,18.0,2.0,0 days 00:01:22.645000,,,1,True,82.645,Monza,0
BEA,37.0,HARD,19.0,2.0,0 days 00:01:22.581000,,,1,True,82.581,Monza,0
BEA,38.0,HARD,20.0,2.0,0 days 00:01:22.803000,,,1,True,82.803,Monza,0
BEA,39.0,HARD,21.0,2.0,0 days 00:01:23.186000,,,1,True,83.186,Monza,0
BEA,41.0,HARD,23.0,2.0,0 days 00:01:22.926000,,,1,True,82.926,Monza,0
BEA,42.0,HARD,24.0,2.0,0 days 00:01:22.820000,,,1,True,82.82,Monza,0
BEA,43.0,HARD,25.0,2.0,0 days 00:01:22.518000,,,1,True,82.518,Monza,0
BEA,44.0,HARD,26.0,2.0,0 days 00:01:22.709000,,,1,True,82.709,Monza,0
BEA,45.0,HARD,27.0,2.0,0 days 00:01:22.616000,,,1,True,82.616,Monza,0
BEA,46.0,HARD,28.0,2.0,0 days 00:01:22.319000,,,1,True,82.319,Monza,0
BEA,47.0,HARD,29.0,2.0,0 days 00:01:22.403000,,,1,True,82.403,Monza,0
BEA,48.0,HARD,30.0,2.0,0 days 00:01:22.378000,,,1,True,82.378,Monza,0
BEA,49.0,HARD,31.0,2.0,0 days 00:01:22.511000,,,1,True,82.511,Monza,0
BEA,50.0,HARD,32.0,2.0,0 days 00:01:22.066000,,,1,True,82.066,Monza,0
BEA,51.0,HARD,33.0,2.0,0 days 00:01:22.128000,,,1,True,82.128,Monza,0
BEA,52.0,HARD,34.0,2.0,0 days 00:01:22.159000,,,1,True,82.159,Monza,0
BEA,53.0,HARD,35.0,2.0,0 days 00:01:21.820000,,,1,True,81.82,Monza,0
TSU,2.0,MEDIUM,2.0,1.0,0 days 00:01:25.349000,,,1,True,85.349,Monza,0
TSU,3.0,MEDIUM,3.0,1.0,0 days 00:01:25.526000,,,1,True,85.526,Monza,0
TSU,4.0,MEDIUM,4.0,1.0,0 days 00:01:24.871000,,,1,True,84.871,Monza,0
TSU,5.0,MEDIUM,5.0,1.0,0 days 00:01:24.594000,,,1,True,84.594,Monza,0
TSU,6.0,MEDIUM,6.0,1.0,0 days 00:01:24.897000,,,1,True,84.897,Monza,0
TSU,7.0,MEDIUM,7.0,1.0,0 days 00:01:24.656000,,,1,True,84.656,Monza,0
TSU,8.0,MEDIUM,8.0,1.0,0 days 00:01:24.453000,,,1,True,84.453,Monza,0
TSU,9.0,MEDIUM,9.0,1.0,0 days 00:01:24.530000,,,1,True,84.53,Monza,0
TSU,10.0,MEDIUM,10.0,1.0,0 days 00:01:24.449000,,,1,True,84.449,Monza,0
TSU,11.0,MEDIUM,11.0,1.0,0 days 00:01:24.414000,,,1,True,84.414,Monza,0
TSU,12.0,MEDIUM,12.0,1.0,0 days 00:01:24.483000,,,1,True,84.483,Monza,0
TSU,13.0,MEDIUM,13.0,1.0,0 days 00:01:24.506000,,,1,True,84.506,Monza,0
TSU,14.0,MEDIUM,14.0,1.0,0 days 00:01:24.493000,,,1,True,84.493,Monza,0
TSU,15.0,MEDIUM,15.0,1.0,0 days 00:01:24.395000,,,1,True,84.395,Monza,0
TSU,16.0,MEDIUM,16.0,1.0,0 days 00:01:24.526000,,,1,True,84.526,Monza,0
TSU,17.0,MEDIUM,17.0,1.0,0 days 00:01:24.350000,,,1,True,84.35,Monza,0
TSU,18.0,MEDIUM,18.0,1.0,0 days 00:01:25.287000,,,1,True,85.287,Monza,0
TSU,21.0,HARD,2.0,2.0,0 days 00:01:23.884000,,,1,True,83.884,Monza,0
TSU,22.0,HARD,3.0,2.0,0 days 00:01:24.099000,,,1,True,84.099,Monza,0
TSU,23.0,HARD,4.0,2.0,0 days 00:01:24.256000,,,1,True,84.256,Monza,0
TSU,24.0,HARD,5.0,2.0,0 days 00:01:24.238000,,,1,True,84.238,Monza,0
TSU,25.0,HARD,6.0,2.0,0 days 00:01:24.722000,,,1,True,84.722,Monza,0
TSU,26.0,HARD,7.0,2.0,0 days 00:01:24.384000,,,1,True,84.384,Monza,0
TSU,27.0,HARD,8.0,2.0,0 days 00:01:26.182000,,,1,True,86.182,Monza,0
TSU,28.0,HARD,9.0,2.0,0 days 00:01:24.258000,,,1,True,84.258,Monza,0
TSU,29.0,HARD,10.0,2.0,0 days 00:01:23.884000,,,1,True,83.884,Monza,0
TSU,30.0,HARD,11.0,2.0,0 days 00:01:23.732000,,,1,True,83.732,Monza,0
TSU,31.0,HARD,12.0,2.0,0 days 00:01:23.732000,,,1,True,83.732,Monza,0
TSU,32.0,HARD,13.0,2.0,0 days 00:01:23.682000,,,1,True,83.682,Monza,0
TSU,33.0,HARD,14.0,2.0,0 days 00:01:23.505000,,,1,True,83.505,Monza,0
TSU,34.0,HARD,15.0,2.0,0 days 00:01:23.647000,,,1,True,83.647,Monza,0
TSU,35.0,HARD,16.0,2.0,0 days 00:01:23.501000,,,1,True,83.501,Monza,0
TSU,36.0,HARD,17.0,2.0,0 days 00:01:23.619000,,,1,True,83.619,Monza,0
TSU,37.0,HARD,18.0,2.0,0 days 00:01:23.340000,,,1,True,83.34,Monza,0
TSU,38.0,HARD,19.0,2.0,0 days 00:01:23.793000,,,1,True,83.793,Monza,0
TSU,39.0,HARD,20.0,2.0,0 days 00:01:23.403000,,,1,True,83.403,Monza,0
TSU,40.0,HARD,21.0,2.0,0 days 00:01:24.648000,,,12,True,84.648,Monza,0
TSU,41.0,HARD,22.0,2.0,0 days 00:01:23.260000,,,1,True,83.26,Monza,0
TSU,42.0,HARD,23.0,2.0,0 days 00:01:23.277000,,,1,True,83.277,Monza,0
TSU,43.0,HARD,24.0,2.0,0 days 00:01:23.048000,,,1,True,83.048,Monza,0
TSU,44.0,HARD,25.0,2.0,0 days 00:01:23.091000,,,1,True,83.091,Monza,0
TSU,45.0,HARD,26.0,2.0,0 days 00:01:23.037000,,,1,True,83.037,Monza,0
TSU,46.0,HARD,27.0,2.0,0 days 00:01:23.236000,,,1,True,83.236,Monza,0
TSU,47.0,HARD,28.0,2.0,0 days 00:01:23.031000,,,1,True,83.031,Monza,0
TSU,48.0,HARD,29.0,2.0,0 days 00:01:22.800000,,,1,True,82.8,Monza,0
TSU,49.0,HARD,30.0,2.0,0 days 00:01:22.946000,,,1,True,82.946,Monza,0
TSU,50.0,HARD,31.0,2.0,0 days 00:01:22.830000,,,1,True,82.83,Monza,0
TSU,51.0,HARD,32.0,2.0,0 days 00:01:22.997000,,,1,True,82.997,Monza,0
TSU,52.0,HARD,33.0,2.0,0 days 00:01:22.712000,,,1,True,82.712,Monza,0
TSU,53.0,HARD,34.0,2.0,0 days 00:01:23.125000,,,1,True,83.125,Monza,0
LAW,2.0,SOFT,2.0,1.0,0 days 00:01:26.251000,,,1,True,86.251,Monza,0
LAW,3.0,SOFT,3.0,1.0,0 days 00:01:24.942000,,,1,True,84.942,Monza,0
LAW,4.0,SOFT,4.0,1.0,0 days 00:01:25.404000,,,1,True,85.404,Monza,0
LAW,5.0,SOFT,5.0,1.0,0 days 00:01:24.828000,,,1,True,84.828,Monza,0
LAW,6.0,SOFT,6.0,1.0,0 days 00:01:24.656000,,,1,True,84.656,Monza,0
LAW,7.0,SOFT,7.0,1.0,0 days 00:01:24.850000,,,1,True,84.85,Monza,0
LAW,8.0,SOFT,8.0,1.0,0 days 00:01:24.725000,,,1,True,84.725,Monza,0
LAW,11.0,HARD,2.0,2.0,0 days 00:01:23.879000,,,1,True,83.879,Monza,0
LAW,12.0,HARD,3.0,2.0,0 days 00:01:24.214000,,,1,True,84.214,Monza,0
LAW,13.0,HARD,4.0,2.0,0 days 00:01:23.950000,,,1,True,83.95,Monza,0
LAW,14.0,HARD,5.0,2.0,0 days 00:01:23.849000,,,1,True,83.849,Monza,0
LAW,15.0,HARD,6.0,2.0,0 days 00:01:23.949000,,,1,True,83.949,Monza,0
LAW,16.0,HARD,7.0,2.0,0 days 00:01:23.753000,,,1,True,83.753,Monza,0
LAW,17.0,HARD,8.0,2.0,0 days 00:01:23.821000,,,1,True,83.821,Monza,0
LAW,18.0,HARD,9.0,2.0,0 days 00:01:24.044000,,,1,True,84.044,Monza,0
LAW,19.0,HARD,10.0,2.0,0 days 00:01:23.877000,,,1,True,83.877,Monza,0
LAW,20.0,HARD,11.0,2.0,0 days 00:01:23.764000,,,1,True,83.764,Monza,0
LAW,21.0,HARD,12.0,2.0,0 days 00:01:24.735000,,,1,True,84.735,Monza,0
LAW,22.0,HARD,13.0,2.0,0 days 00:01:25.200000,,,1,True,85.2,Monza,0
LAW,23.0,HARD,14.0,2.0,0 days 00:01:24.165000,,,1,True,84.165,Monza,0
LAW,24.0,HARD,15.0,2.0,0 days 00:01:24.185000,,,1,True,84.185,Monza,0
LAW,25.0,HARD,16.0,2.0,0 days 00:01:25.332000,,,1,True,85.332,Monza,0
LAW,26.0,HARD,17.0,2.0,0 days 00:01:24.202000,,,1,True,84.202,Monza,0
LAW,27.0,HARD,18.0,2.0,0 days 00:01:27.448000,,,1,True,87.448,Monza,0
LAW,28.0,HARD,19.0,2.0,0 days 00:01:24.500000,,,1,True,84.5,Monza,0
LAW,29.0,HARD,20.0,2.0,0 days 00:01:23.939000,,,1,True,83.939,Monza,0
LAW,30.0,HARD,21.0,2.0,0 days 00:01:23.690000,,,1,True,83.69,Monza,0
LAW,31.0,HARD,22.0,2.0,0 days 00:01:23.652000,,,1,True,83.652,Monza,0
LAW,32.0,HARD,23.0,2.0,0 days 00:01:23.657000,,,1,True,83.657,Monza,0
LAW,33.0,HARD,24.0,2.0,0 days 00:01:23.656000,,,1,True,83.656,Monza,0
LAW,34.0,HARD,25.0,2.0,0 days 00:01:23.574000,,,1,True,83.574,Monza,0
LAW,35.0,HARD,26.0,2.0,0 days 00:01:23.415000,,,1,True,83.415,Monza,0
LAW,36.0,HARD,27.0,2.0,0 days 00:01:23.615000,,,1,True,83.615,Monza,0
LAW,37.0,HARD,28.0,2.0,0 days 00:01:23.347000,,,1,True,83.347,Monza,0
LAW,38.0,HARD,29.0,2.0,0 days 00:01:23.802000,,,1,True,83.802,Monza,0
LAW,39.0,HARD,30.0,2.0,0 days 00:01:23.386000,,,1,True,83.386,Monza,0
LAW,40.0,HARD,31.0,2.0,0 days 00:01:24.504000,,,12,True,84.504,Monza,0
LAW,41.0,HARD,32.0,2.0,0 days 00:01:23.487000,,,1,True,83.487,Monza,0
LAW,42.0,HARD,33.0,2.0,0 days 00:01:23.334000,,,1,True,83.334,Monza,0
LAW,43.0,HARD,34.0,2.0,0 days 00:01:22.985000,,,1,True,82.985,Monza,0
LAW,44.0,HARD,35.0,2.0,0 days 00:01:23.090000,,,1,True,83.09,Monza,0
LAW,45.0,HARD,36.0,2.0,0 days 00:01:23.080000,,,1,True,83.08,Monza,0
LAW,46.0,HARD,37.0,2.0,0 days 00:01:23.189000,,,1,True,83.189,Monza,0
LAW,47.0,HARD,38.0,2.0,0 days 00:01:23.003000,,,1,True,83.003,Monza,0
LAW,48.0,HARD,39.0,2.0,0 days 00:01:22.798000,,,1,True,82.798,Monza,0
LAW,49.0,HARD,40.0,2.0,0 days 00:01:22.777000,,,1,True,82.777,Monza,0
LAW,50.0,HARD,41.0,2.0,0 days 00:01:23.051000,,,1,True,83.051,Monza,0
LAW,51.0,HARD,42.0,2.0,0 days 00:01:23.059000,,,1,True,83.059,Monza,0
LAW,52.0,HARD,43.0,2.0,0 days 00:01:22.914000,,,1,True,82.914,Monza,0
LAW,53.0,HARD,44.0,2.0,0 days 00:01:23.623000,,,1,True,83.623,Monza,0
OCO,2.0,HARD,2.0,1.0,0 days 00:01:25.897000,,,1,True,85.897,Monza,0
OCO,3.0,HARD,3.0,1.0,0 days 00:01:25.155000,,,1,True,85.155,Monza,0
OCO,4.0,HARD,4.0,1.0,0 days 00:01:25.435000,,,1,True,85.435,Monza,0
OCO,5.0,HARD,5.0,1.0,0 days 00:01:24.685000,,,1,True,84.685,Monza,0
OCO,6.0,HARD,6.0,1.0,0 days 00:01:24.650000,,,1,True,84.65,Monza,0
OCO,7.0,HARD,7.0,1.0,0 days 00:01:24.850000,,,1,True,84.85,Monza,0
OCO,8.0,HARD,8.0,1.0,0 days 00:01:24.608000,,,1,True,84.608,Monza,0
OCO,9.0,HARD,9.0,1.0,0 days 00:01:24.657000,,,1,True,84.657,Monza,0
OCO,10.0,HARD,10.0,1.0,0 days 00:01:24.466000,,,1,True,84.466,Monza,0
OCO,11.0,HARD,11.0,1.0,0 days 00:01:24.489000,,,1,True,84.489,Monza,0
OCO,12.0,HARD,12.0,1.0,0 days 00:01:24.509000,,,1,True,84.509,Monza,0
OCO,13.0,HARD,13.0,1.0,0 days 00:01:24.474000,,,1,True,84.474,Monza,0
OCO,14.0,HARD,14.0,1.0,0 days 00:01:24.203000,,,1,True,84.203,Monza,0
OCO,15.0,HARD,15.0,1.0,0 days 00:01:24.494000,,,1,True,84.494,Monza,0
OCO,16.0,HARD,16.0,1.0,0 days 00:01:24.481000,,,1,True,84.481,Monza,0
OCO,17.0,HARD,17.0,1.0,0 days 00:01:24.394000,,,1,True,84.394,Monza,0
OCO,18.0,HARD,18.0,1.0,0 days 00:01:24.639000,,,1,True,84.639,Monza,0
OCO,19.0,HARD,19.0,1.0,0 days 00:01:24.425000,,,1,True,84.425,Monza,0
OCO,20.0,HARD,20.0,1.0,0 days 00:01:24.210000,,,1,True,84.21,Monza,0
OCO,21.0,HARD,21.0,1.0,0 days 00:01:24.006000,,,1,True,84.006,Monza,0
OCO,22.0,HARD,22.0,1.0,0 days 00:01:23.713000,,,1,True,83.713,Monza,0
OCO,23.0,HARD,23.0,1.0,0 days 00:01:23.790000,,,1,True,83.79,Monza,0
OCO,24.0,HARD,24.0,1.0,0 days 00:01:23.998000,,,1,True,83.998,Monza,0
OCO,25.0,HARD,25.0,1.0,0 days 00:01:24.249000,,,1,True,84.249,Monza,0
OCO,26.0,HARD,26.0,1.0,0 days 00:01:23.974000,,,1,True,83.974,Monza,0
OCO,27.0,HARD,27.0,1.0,0 days 00:01:23.945000,,,1,True,83.945,Monza,0
OCO,28.0,HARD,28.0,1.0,0 days 00:01:23.740000,,,1,True,83.74,Monza,0
OCO,29.0,HARD,29.0,1.0,0 days 00:01:23.649000,,,1,True,83.649,Monza,0
OCO,30.0,HARD,30.0,1.0,0 days 00:01:23.632000,,,1,True,83.632,Monza,0
OCO,31.0,HARD,31.0,1.0,0 days 00:01:23.849000,,,1,True,83.849,Monza,0
OCO,32.0,HARD,32.0,1.0,0 days 00:01:23.916000,,,1,True,83.916,Monza,0
OCO,33.0,HARD,33.0,1.0,0 days 00:01:23.711000,,,1,True,83.711,Monza,0
OCO,34.0,HARD,34.0,1.0,0 days 00:01:23.592000,,,1,True,83.592,Monza,0
OCO,35.0,HARD,35.0,1.0,0 days 00:01:23.408000,,,1,True,83.408,Monza,0
OCO,36.0,HARD,36.0,1.0,0 days 00:01:23.703000,,,1,True,83.703,Monza,0
OCO,37.0,HARD,37.0,1.0,0 days 00:01:23.457000,,,1,True,83.457,Monza,0
OCO,38.0,HARD,38.0,1.0,0 days 00:01:23.384000,,,1,True,83.384,Monza,0
OCO,39.0,HARD,39.0,1.0,0 days 00:01:23.377000,,,1,True,83.377,Monza,0
OCO,40.0,HARD,40.0,1.0,0 days 00:01:23.346000,,,12,True,83.346,Monza,0
OCO,41.0,HARD,41.0,1.0,0 days 00:01:23.491000,,,1,True,83.491,Monza,0
OCO,42.0,HARD,42.0,1.0,0 days 00:01:23.541000,,,1,True,83.541,Monza,0
OCO,43.0,HARD,43.0,1.0,0 days 00:01:23.187000,,,1,True,83.187,Monza,0
OCO,44.0,HARD,44.0,1.0,0 days 00:01:23.124000,,,1,True,83.124,Monza,0
OCO,45.0,HARD,45.0,1.0,0 days 00:01:23.136000,,,1,True,83.136,Monza,0
OCO,46.0,HARD,46.0,1.0,0 days 00:01:22.997000,,,1,True,82.997,Monza,0
OCO,47.0,HARD,47.0,1.0,0 days 00:01:23.121000,,,1,True,83.121,Monza,0
OCO,48.0,HARD,48.0,1.0,0 days 00:01:22.892000,,,1,True,82.892,Monza,0
OCO,49.0,HARD,49.0,1.0,0 days 00:01:23.064000,,,1,True,83.064,Monza,0
OCO,50.0,HARD,50.0,1.0,0 days 00:01:23.151000,,,1,True,83.151,Monza,0
GAS,2.0,HARD,2.0,1.0,0 days 00:01:26.563000,,,1,True,86.563,Monza,0
GAS,3.0,HARD,3.0,1.0,0 days 00:01:25.506000,,,1,True,85.506,Monza,0
GAS,4.0,HARD,4.0,1.0,0 days 00:01:25.320000,,,1,True,85.32,Monza,0
GAS,5.0,HARD,5.0,1.0,0 days 00:01:25.991000,,,1,True,85.991,Monza,0
GAS,6.0,HARD,6.0,1.0,0 days 00:01:24.987000,,,1,True,84.987,Monza,0
GAS,7.0,HARD,7.0,1.0,0 days 00:01:24.772000,,,1,True,84.772,Monza,0
GAS,8.0,HARD,8.0,1.0,0 days 00:01:25.158000,,,1,True,85.158,Monza,0
GAS,9.0,HARD,9.0,1.0,0 days 00:01:24.868000,,,1,True,84.868,Monza,0
GAS,10.0,HARD,10.0,1.0,0 days 00:01:24.560000,,,1,True,84.56,Monza,0
GAS,11.0,HARD,11.0,1.0,0 days 00:01:24.667000,,,1,True,84.667,Monza,0
GAS,12.0,HARD,12.0,1.0,0 days 00:01:24.863000,,,1,True,84.863,Monza,0
GAS,13.0,HARD,13.0,1.0,0 days 00:01:24.784000,,,1,True,84.784,Monza,0
GAS,14.0,HARD,14.0,1.0,0 days 00:01:25.114000,,,1,True,85.114,Monza,0
GAS,15.0,HARD,15.0,1.0,0 days 00:01:25.448000,,,1,True,85.448,Monza,0
GAS,16.0,HARD,16.0,1.0,0 days 00:01:24.524000,,,1,True,84.524,Monza,0
GAS,17.0,HARD,17.0,1.0,0 days 00:01:24.373000,,,1,True,84.373,Monza,0
GAS,18.0,HARD,18.0,1.0,0 days 00:01:24.841000,,,1,True,84.841,Monza,0
GAS,19.0,HARD,19.0,1.0,0 days 00:01:24.294000,,,1,True,84.294,Monza,0
GAS,20.0,HARD,20.0,1.0,0 days 00:01:24.249000,,,1,True,84.249,Monza,0
GAS,21.0,HARD,21.0,1.0,0 days 00:01:24.125000,,,1,True,84.125,Monza,0
GAS,22.0,HARD,22.0,1.0,0 days 00:01:24.103000,,,1,True,84.103,Monza,0
GAS,23.0,HARD,23.0,1.0,0 days 00:01:24.419000,,,1,True,84.419,Monza,0
GAS,24.0,HARD,24.0,1.0,0 days 00:01:24.292000,,,1,True,84.292,Monza,0
GAS,25.0,HARD,25.0,1.0,0 days 00:01:24.106000,,,1,True,84.106,Monza,0
GAS,26.0,HARD,26.0,1.0,0 days 00:01:24.113000,,,1,True,84.113,Monza,0
GAS,27.0,HARD,27.0,1.0,0 days 00:01:23.997000,,,1,True,83.997,Monza,0
GAS,28.0,HARD,28.0,1.0,0 days 00:01:24.133000,,,1,True,84.133,Monza,0
GAS,29.0,HARD,29.0,1.0,0 days 00:01:23.927000,,,1,True,83.927,Monza,0
GAS,30.0,HARD,30.0,1.0,0 days 00:01:23.751000,,,1,True,83.751,Monza,0
GAS,31.0,HARD,31.0,1.0,0 days 00:01:23.893000,,,1,True,83.893,Monza,0
GAS,32.0,HARD,32.0,1.0,0 days 00:01:23.761000,,,1,True,83.761,Monza,0
GAS,33.0,HARD,33.0,1.0,0 days 00:01:24.437000,,,1,True,84.437,Monza,0
GAS,34.0,HARD,34.0,1.0,0 days 00:01:23.672000,,,1,True,83.672,Monza,0
GAS,35.0,HARD,35.0,1.0,0 days 00:01:23.320000,,,1,True,83.32,Monza,0
GAS,36.0,HARD,36.0,1.0,0 days 00:01:23.193000,,,1,True,83.193,Monza,0
GAS,37.0,HARD,37.0,1.0,0 days 00:01:23.394000,,,1,True,83.394,Monza,0
GAS,38.0,HARD,38.0,1.0,0 days 00:01:23.166000,,,1,True,83.166,Monza,0
GAS,39.0,HARD,39.0,1.0,0 days 00:01:25.273000,,,1,True,85.273,Monza,0
GAS,40.0,HARD,40.0,1.0,0 days 00:01:23.782000,,,12,True,83.782,Monza,0
GAS,41.0,HARD,41.0,1.0,0 days 00:01:23.877000,,,1,True,83.877,Monza,0
GAS,42.0,HARD,42.0,1.0,0 days 00:01:23.447000,,,1,True,83.447,Monza,0
GAS,43.0,HARD,43.0,1.0,0 days 00:01:23.363000,,,1,True,83.363,Monza,0
GAS,44.0,HARD,44.0,1.0,0 days 00:01:23.185000,,,1,True,83.185,Monza,0
GAS,45.0,HARD,45.0,1.0,0 days 00:01:22.900000,,,1,True,82.9,Monza,0
GAS,46.0,HARD,46.0,1.0,0 days 00:01:22.797000,,,1,True,82.797,Monza,0
GAS,47.0,HARD,47.0,1.0,0 days 00:01:22.951000,,,1,True,82.951,Monza,0
GAS,48.0,HARD,48.0,1.0,0 days 00:01:22.810000,,,1,True,82.81,Monza,0
GAS,51.0,SOFT,2.0,2.0,0 days 00:01:22.324000,,,1,True,82.324,Monza,0
GAS,52.0,SOFT,3.0,2.0,0 days 00:01:22.185000,,,1,True,82.185,Monza,0
COL,2.0,MEDIUM,2.0,1.0,0 days 00:01:26.775000,,,1,True,86.775,Monza,0
COL,3.0,MEDIUM,3.0,1.0,0 days 00:01:25.346000,,,1,True,85.346,Monza,0
COL,4.0,MEDIUM,4.0,1.0,0 days 00:01:25.040000,,,1,True,85.04,Monza,0
COL,5.0,MEDIUM,5.0,1.0,0 days 00:01:24.945000,,,1,True,84.945,Monza,0
COL,6.0,MEDIUM,6.0,1.0,0 days 00:01:24.944000,,,1,True,84.944,Monza,0
COL,7.0,MEDIUM,7.0,1.0,0 days 00:01:24.886000,,,1,True,84.886,Monza,0
COL,8.0,MEDIUM,8.0,1.0,0 days 00:01:25.104000,,,1,True,85.104,Monza,0
COL,9.0,MEDIUM,9.0,1.0,0 days 00:01:24.816000,,,1,True,84.816,Monza,0
COL,10.0,MEDIUM,10.0,1.0,0 days 00:01:24.728000,,,1,True,84.728,Monza,0
COL,11.0,MEDIUM,11.0,1.0,0 days 00:01:24.768000,,,1,True,84.768,Monza,0
COL,12.0,MEDIUM,12.0,1.0,0 days 00:01:24.706000,,,1,True,84.706,Monza,0
COL,13.0,MEDIUM,13.0,1.0,0 days 00:01:25.813000,,,1,True,85.813,Monza,0
COL,14.0,MEDIUM,14.0,1.0,0 days 00:01:24.952000,,,1,True,84.952,Monza,0
COL,15.0,MEDIUM,15.0,1.0,0 days 00:01:24.773000,,,1,True,84.773,Monza,0
COL,16.0,MEDIUM,16.0,1.0,0 days 00:01:25.019000,,,1,True,85.019,Monza,0
COL,17.0,MEDIUM,17.0,1.0,0 days 00:01:24.434000,,,1,True,84.434,Monza,0
COL,18.0,MEDIUM,18.0,1.0,0 days 00:01:24.414000,,,1,True,84.414,Monza,0
COL,19.0,MEDIUM,19.0,1.0,0 days 00:01:24.427000,,,1,True,84.427,Monza,0
COL,20.0,MEDIUM,20.0,1.0,0 days 00:01:24.292000,,,1,True,84.292,Monza,0
COL,21.0,MEDIUM,21.0,1.0,0 days 00:01:24.399000,,,1,True,84.399,Monza,0
COL,22.0,MEDIUM,22.0,1.0,0 days 00:01:24.111000,,,1,True,84.111,Monza,0
COL,23.0,MEDIUM,23.0,1.0,0 days 00:01:24.458000,,,1,True,84.458,Monza,0
COL,24.0,MEDIUM,24.0,1.0,0 days 00:01:24.334000,,,1,True,84.334,Monza,0
COL,25.0,MEDIUM,25.0,1.0,0 days 00:01:24.168000,,,1,True,84.168,Monza,0
COL,26.0,MEDIUM,26.0,1.0,0 days 00:01:24.215000,,,1,True,84.215,Monza,0
COL,27.0,MEDIUM,27.0,1.0,0 days 00:01:23.949000,,,1,True,83.949,Monza,0
COL,28.0,MEDIUM,28.0,1.0,0 days 00:01:24.844000,,,1,True,84.844,Monza,0
COL,29.0,MEDIUM,29.0,1.0,0 days 00:01:23.793000,,,1,True,83.793,Monza,0
COL,30.0,MEDIUM,30.0,1.0,0 days 00:01:25.753000,,,1,True,85.753,Monza,0
COL,31.0,MEDIUM,31.0,1.0,0 days 00:01:24.216000,,,1,True,84.216,Monza,0
COL,32.0,MEDIUM,32.0,1.0,0 days 00:01:24.319000,,,1,True,84.319,Monza,0
COL,35.0,HARD,2.0,2.0,0 days 00:01:23.089000,,,1,True,83.089,Monza,0
COL,36.0,HARD,3.0,2.0,0 days 00:01:22.919000,,,1,True,82.919,Monza,0
COL,37.0,HARD,4.0,2.0,0 days 00:01:23.058000,,,1,True,83.058,Monza,0
COL,38.0,HARD,5.0,2.0,0 days 00:01:22.894000,,,1,True,82.894,Monza,0
COL,39.0,HARD,6.0,2.0,0 days 00:01:25.047000,,,1,True,85.047,Monza,0
COL,40.0,HARD,7.0,2.0,0 days 00:01:23.171000,,,12,True,83.171,Monza,0
COL,41.0,HARD,8.0,2.0,0 days 00:01:23.200000,,,1,True,83.2,Monza,0
COL,42.0,HARD,9.0,2.0,0 days 00:01:23.070000,,,1,True,83.07,Monza,0
COL,43.0,HARD,10.0,2.0,0 days 00:01:22.622000,,,1,True,82.622,Monza,0
COL,44.0,HARD,11.0,2.0,0 days 00:01:22.640000,,,1,True,82.64,Monza,0
COL,45.0,HARD,12.0,2.0,0 days 00:01:22.573000,,,1,True,82.573,Monza,0
COL,46.0,HARD,13.0,2.0,0 days 00:01:22.818000,,,1,True,82.818,Monza,0
COL,47.0,HARD,14.0,2.0,0 days 00:01:22.833000,,,1,True,82.833,Monza,0
COL,48.0,HARD,15.0,2.0,0 days 00:01:22.239000,,,1,True,82.239,Monza,0
COL,49.0,HARD,16.0,2.0,0 days 00:01:23.220000,,,1,True,83.22,Monza,0
COL,50.0,HARD,17.0,2.0,0 days 00:01:25.035000,,,1,True,85.035,Monza,0
COL,51.0,HARD,18.0,2.0,0 days 00:01:24.260000,,,1,True,84.26,Monza,0
COL,52.0,HARD,19.0,2.0,0 days 00:01:22.724000,,,1,True,82.724,Monza,0
STR,2.0,HARD,3.0,1.0,0 days 00:01:26.506000,,,1,True,86.506,Monza,0
STR,3.0,HARD,4.0,1.0,0 days 00:01:25.064000,,,1,True,85.064,Monza,0
STR,4.0,HARD,5.0,1.0,0 days 00:01:25.209000,,,1,True,85.209,Monza,0
STR,5.0,HARD,6.0,1.0,0 days 00:01:24.915000,,,1,True,84.915,Monza,0
STR,6.0,HARD,7.0,1.0,0 days 00:01:24.813000,,,1,True,84.813,Monza,0
STR,7.0,HARD,8.0,1.0,0 days 00:01:24.678000,,,1,True,84.678,Monza,0
STR,8.0,HARD,9.0,1.0,0 days 00:01:24.835000,,,1,True,84.835,Monza,0
STR,9.0,HARD,10.0,1.0,0 days 00:01:24.541000,,,1,True,84.541,Monza,0
STR,10.0,HARD,11.0,1.0,0 days 00:01:24.209000,,,1,True,84.209,Monza,0
STR,11.0,HARD,12.0,1.0,0 days 00:01:24.362000,,,1,True,84.362,Monza,0
STR,12.0,HARD,13.0,1.0,0 days 00:01:24.528000,,,1,True,84.528,Monza,0
STR,13.0,HARD,14.0,1.0,0 days 00:01:24.253000,,,1,True,84.253,Monza,0
STR,14.0,HARD,15.0,1.0,0 days 00:01:24.301000,,,1,True,84.301,Monza,0
STR,15.0,HARD,16.0,1.0,0 days 00:01:24.405000,,,1,True,84.405,Monza,0
STR,16.0,HARD,17.0,1.0,0 days 00:01:24.429000,,,1,True,84.429,Monza,0
STR,17.0,HARD,18.0,1.0,0 days 00:01:24.365000,,,1,True,84.365,Monza,0
STR,18.0,HARD,19.0,1.0,0 days 00:01:24.522000,,,1,True,84.522,Monza,0
STR,19.0,HARD,20.0,1.0,0 days 00:01:24.615000,,,1,True,84.615,Monza,0
STR,20.0,HARD,21.0,1.0,0 days 00:01:24.197000,,,1,True,84.197,Monza,0
STR,21.0,HARD,22.0,1.0,0 days 00:01:24.116000,,,1,True,84.116,Monza,0
STR,22.0,HARD,23.0,1.0,0 days 00:01:23.927000,,,1,True,83.927,Monza,0
STR,23.0,HARD,24.0,1.0,0 days 00:01:23.991000,,,1,True,83.991,Monza,0
STR,24.0,HARD,25.0,1.0,0 days 00:01:23.878000,,,1,True,83.878,Monza,0
STR,25.0,HARD,26.0,1.0,0 days 00:01:23.871000,,,1,True,83.871,Monza,0
STR,26.0,HARD,27.0,1.0,0 days 00:01:24.187000,,,1,True,84.187,Monza,0
STR,27.0,HARD,28.0,1.0,0 days 00:01:23.768000,,,1,True,83.768,Monza,0
STR,28.0,HARD,29.0,1.0,0 days 00:01:23.861000,,,1,True,83.861,Monza,0
STR,29.0,HARD,30.0,1.0,0 days 00:01:23.673000,,,1,True,83.673,Monza,0
STR,30.0,HARD,31.0,1.0,0 days 00:01:23.585000,,,1,True,83.585,Monza,0
STR,31.0,HARD,32.0,1.0,0 days 00:01:23.571000,,,1,True,83.571,Monza,0
STR,32.0,HARD,33.0,1.0,0 days 00:01:24.081000,,,1,True,84.081,Monza,0
STR,33.0,HARD,34.0,1.0,0 days 00:01:23.719000,,,1,True,83.719,Monza,0
STR,34.0,HARD,35.0,1.0,0 days 00:01:23.459000,,,1,True,83.459,Monza,0
STR,35.0,HARD,36.0,1.0,0 days 00:01:24.333000,,,1,True,84.333,Monza,0
STR,36.0,HARD,37.0,1.0,0 days 00:01:23.589000,,,1,True,83.589,Monza,0
STR,37.0,HARD,38.0,1.0,0 days 00:01:23.569000,,,1,True,83.569,Monza,0
STR,38.0,HARD,39.0,1.0,0 days 00:01:23.224000,,,1,True,83.224,Monza,0
STR,39.0,HARD,40.0,1.0,0 days 00:01:23.348000,,,1,True,83.348,Monza,0
STR,40.0,HARD,41.0,1.0,0 days 00:01:23.183000,,,12,True,83.183,Monza,0
STR,41.0,HARD,42.0,1.0,0 days 00:01:23.926000,,,1,True,83.926,Monza,0
STR,42.0,HARD,43.0,1.0,0 days 00:01:23.424000,,,1,True,83.424,Monza,0
STR,43.0,HARD,44.0,1.0,0 days 00:01:23.417000,,,1,True,83.417,Monza,0
STR,44.0,HARD,45.0,1.0,0 days 00:01:23.314000,,,1,True,83.314,Monza,0
STR,45.0,HARD,46.0,1.0,0 days 00:01:23.110000,,,1,True,83.11,Monza,0
STR,46.0,HARD,47.0,1.0,0 days 00:01:23.166000,,,1,True,83.166,Monza,0
STR,47.0,HARD,48.0,1.0,0 days 00:01:23.003000,,,1,True,83.003,Monza,0
STR,48.0,HARD,49.0,1.0,0 days 00:01:23.123000,,,1,True,83.123,Monza,0
STR,51.0,SOFT,2.0,2.0,0 days 00:01:22.164000,,,1,True,82.164,Monza,0
STR,52.0,SOFT,3.0,2.0,0 days 00:01:22.282000,,,1,True,82.282,Monza,0
ALO,2.0,MEDIUM,3.0,1.0,0 days 00:01:25.926000,,,1,True,85.926,Monza,0
ALO,3.0,MEDIUM,4.0,1.0,0 days 00:01:25.403000,,,1,True,85.403,Monza,0
ALO,4.0,MEDIUM,5.0,1.0,0 days 00:01:24.861000,,,1,True,84.861,Monza,0
ALO,5.0,MEDIUM,6.0,1.0,0 days 00:01:25.129000,,,1,True,85.129,Monza,0
ALO,6.0,MEDIUM,7.0,1.0,0 days 00:01:24.196000,,,1,True,84.196,Monza,0
ALO,7.0,MEDIUM,8.0,1.0,0 days 00:01:24.623000,,,1,True,84.623,Monza,0
ALO,8.0,MEDIUM,9.0,1.0,0 days 00:01:24.724000,,,1,True,84.724,Monza,0
ALO,9.0,MEDIUM,10.0,1.0,0 days 00:01:24.485000,,,1,True,84.485,Monza,0
ALO,10.0,MEDIUM,11.0,1.0,0 days 00:01:24.506000,,,1,True,84.506,Monza,0
ALO,11.0,MEDIUM,12.0,1.0,0 days 00:01:24.460000,,,1,True,84.46,Monza,0
ALO,12.0,MEDIUM,13.0,1.0,0 days 00:01:24.624000,,,1,True,84.624,Monza,0
ALO,13.0,MEDIUM,14.0,1.0,0 days 00:01:24.577000,,,1,True,84.577,Monza,0
ALO,14.0,MEDIUM,15.0,1.0,0 days 00:01:24.396000,,,1,True,84.396,Monza,0
ALO,15.0,MEDIUM,16.0,1.0,0 days 00:01:24.276000,,,1,True,84.276,Monza,0
ALO,16.0,MEDIUM,17.0,1.0,0 days 00:01:24.206000,,,1,True,84.206,Monza,0
ALO,17.0,MEDIUM,18.0,1.0,0 days 00:01:24.224000,,,1,True,84.224,Monza,0
ALO,18.0,MEDIUM,19.0,1.0,0 days 00:01:24.146000,,,1,True,84.146,Monza,0
ALO,19.0,MEDIUM,20.0,1.0,0 days 00:01:24.185000,,,1,True,84.185,Monza,0
ALO,22.0,HARD,3.0,2.0,0 days 00:01:24.078000,,,1,True,84.078,Monza,0
ALO,23.0,HARD,4.0,2.0,0 days 00:01:23.757000,,,1,True,83.757,Monza,0
VER,42.0,MEDIUM,8.0,5.0,0 days 00:01:25.317000,,,1,True,85.317,Red Bull Ring,0
VER,43.0,MEDIUM,9.0,5.0,0 days 00:01:23.081000,,,1,True,83.081,Red Bull Ring,0
VER,44.0,MEDIUM,10.0,5.0,0 days 00:01:26.789000,,,12,True,86.789,Red Bull Ring,0
VER,45.0,MEDIUM,11.0,5.0,0 days 00:01:32.874000,,,21,True,92.874,Red Bull Ring,0
GAS,42.0,HARD,9.0,5.0,0 days 00:01:27.942000,,,1,True,87.942,Red Bull Ring,0
GAS,43.0,HARD,10.0,5.0,0 days 00:01:25.020000,,,1,True,85.02,Red Bull Ring,0
GAS,44.0,HARD,11.0,5.0,0 days 00:01:28.332000,,,12,True,88.332,Red Bull Ring,0
GAS,45.0,HARD,12.0,5.0,0 days 00:01:32.969000,,,21,True,92.969,Red Bull Ring,0
ANT,42.0,HARD,9.0,5.0,0 days 00:01:27.505000,,,1,True,87.505,Red Bull Ring,0
ANT,43.0,HARD,10.0,5.0,0 days 00:01:24.901000,,,1,True,84.901,Red Bull Ring,0
LEC,42.0,HARD,9.0,5.0,0 days 00:01:26.831000,,,1,True,86.831,Red Bull Ring,0
LEC,43.0,HARD,10.0,5.0,0 days 00:01:25.271000,,,1,True,85.271,Red Bull Ring,0
LEC,45.0,HARD,12.0,5.0,0 days 00:01:31.269000,,,21,True,91.269,Red Bull Ring,0
STR,42.0,HARD,10.0,5.0,0 days 00:01:27.301000,,,1,True,87.301,Red Bull Ring,0
STR,43.0,HARD,11.0,5.0,0 days 00:01:25.538000,,,1,True,85.538,Red Bull Ring,0
TSU,42.0,MEDIUM,9.0,5.0,0 days 00:01:27.146000,,,1,True,87.146,Red Bull Ring,0
TSU,43.0,MEDIUM,10.0,5.0,0 days 00:01:24.194000,,,1,True,84.194,Red Bull Ring,0
TSU,44.0,MEDIUM,11.0,5.0,0 days 00:01:28.252000,,,12,True,88.252,Red Bull Ring,0
ALB,42.0,MEDIUM,9.0,5.0,0 days 00:01:27.127000,,,1,True,87.127,Red Bull Ring,0
ALB,43.0,MEDIUM,10.0,5.0,0 days 00:01:24.597000,,,1,True,84.597,Red Bull Ring,0
HUL,42.0,MEDIUM,9.0,5.0,0 days 00:01:27.472000,,,1,True,87.472,Red Bull Ring,0
HUL,43.0,MEDIUM,10.0,5.0,0 days 00:01:25.243000,,,1,True,85.243,Red Bull Ring,0
LAW,42.0,MEDIUM,9.0,5.0,0 days 00:01:24.098000,,,1,True,84.098,Red Bull Ring,0
LAW,43.0,MEDIUM,10.0,5.0,0 days 00:01:22.970000,,,1,True,82.97,Red Bull Ring,0
LAW,44.0,MEDIUM,11.0,5.0,0 days 00:01:26.332000,,,12,True,86.332,Red Bull Ring,0
OCO,42.0,MEDIUM,3.0,5.0,0 days 00:01:26.764000,,,1,True,86.764,Red Bull Ring,0
OCO,43.0,MEDIUM,4.0,5.0,0 days 00:01:28.505000,,,1,True,88.505,Red Bull Ring,0
NOR,42.0,HARD,9.0,5.0,0 days 00:01:23.797000,,,1,True,83.797,Red Bull Ring,0
NOR,43.0,HARD,10.0,5.0,0 days 00:01:22.167000,,,1,True,82.167,Red Bull Ring,0
HAM,42.0,HARD,10.0,5.0,0 days 00:01:27.508000,,,1,True,87.508,Red Bull Ring,0
HAM,43.0,HARD,11.0,5.0,0 days 00:01:24.218000,,,1,True,84.218,Red Bull Ring,0
HAM,44.0,HARD,12.0,5.0,0 days 00:01:29.454000,,,12,True,89.454,Red Bull Ring,0
HAM,45.0,HARD,13.0,5.0,0 days 00:01:33.045000,,,21,True,93.045,Red Bull Ring,0
BOR,42.0,MEDIUM,9.0,5.0,0 days 00:01:24.770000,,,1,True,84.77,Red Bull Ring,0
BOR,43.0,MEDIUM,10.0,5.0,0 days 00:01:24.192000,,,1,True,84.192,Red Bull Ring,0
RUS,42.0,HARD,8.0,5.0,0 days 00:01:26.239000,,,1,True,86.239,Red Bull Ring,0
RUS,43.0,HARD,9.0,5.0,0 days 00:01:25.065000,,,1,True,85.065,Red Bull Ring,0
PIA,42.0,HARD,9.0,5.0,0 days 00:01:24.583000,,,1,True,84.583,Red Bull Ring,0
PIA,43.0,HARD,10.0,5.0,0 days 00:01:23.242000,,,1,True,83.242,Red Bull Ring,0
BEA,42.0,MEDIUM,,5.0,0 days 00:01:27.603000,,,1,True,87.603,Red Bull Ring,0
BEA,43.0,MEDIUM,,5.0,0 days 00:01:31.057000,,,1,True,91.057,Red Bull Ring,0
VER,44.0,MEDIUM,3.0,3.0,0 days 00:01:35.165000,,,21,True,95.165,Silverstone,0
VER,45.0,MEDIUM,4.0,3.0,0 days 00:01:33.844000,,,1,True,93.844,Silverstone,0
VER,46.0,MEDIUM,5.0,3.0,0 days 00:01:32.960000,,,1,True,92.96,Silverstone,0
VER,47.0,MEDIUM,6.0,3.0,0 days 00:01:31.712000,,,1,True,91.712,Silverstone,0
VER,48.0,MEDIUM,7.0,3.0,0 days 00:01:30.776000,,,1,True,90.776,Silverstone,0
VER,49.0,MEDIUM,8.0,3.0,0 days 00:01:30.179000,,,1,True,90.179,Silverstone,0
VER,50.0,MEDIUM,9.0,3.0,0 days 00:01:30.290000,,,1,True,90.29,Silverstone,0
VER,51.0,MEDIUM,10.0,3.0,0 days 00:01:30.973000,,,1,True,90.973,Silverstone,0
VER,52.0,MEDIUM,11.0,3.0,0 days 00:01:31.389000,,,1,True,91.389,Silverstone,0
GAS,44.0,MEDIUM,3.0,3.0,0 days 00:01:35.699000,,,21,True,95.699,Silverstone,0
GAS,45.0,MEDIUM,4.0,3.0,0 days 00:01:33.758000,,,1,True,93.758,Silverstone,0
GAS,46.0,MEDIUM,5.0,3.0,0 days 00:01:32.701000,,,1,True,92.701,Silverstone,0
GAS,47.0,MEDIUM,6.0,3.0,0 days 00:01:31.824000,,,1,True,91.824,Silverstone,0
GAS,48.0,MEDIUM,7.0,3.0,0 days 00:01:30.751000,,,1,True,90.751,Silverstone,0
GAS,49.0,MEDIUM,8.0,3.0,0 days 00:01:30.759000,,,1,True,90.759,Silverstone,0
GAS,50.0,MEDIUM,9.0,3.0,0 days 00:01:31.002000,,,1,True,91.002,Silverstone,0
GAS,51.0,MEDIUM,10.0,3.0,0 days 00:01:31.465000,,,1,True,91.465,Silverstone,0
GAS,52.0,MEDIUM,11.0,3.0,0 days 00:01:31.884000,,,1,True,91.884,Silverstone,0
ALO,43.0,MEDIUM,7.0,3.0,0 days 00:01:37.153000,,,12,True,97.153,Silverstone,0
ALO,44.0,MEDIUM,8.0,3.0,0 days 00:01:33.635000,,,1,True,93.635,Silverstone,0
ALO,45.0,MEDIUM,9.0,3.0,0 days 00:01:33.119000,,,1,True,93.119,Silverstone,0
ALO,46.0,MEDIUM,10.0,3.0,0 days 00:01:32.400000,,,1,True,92.4,Silverstone,0
ALO,47.0,MEDIUM,11.0,3.0,0 days 00:01:31.386000,,,1,True,91.386,Silverstone,0
ALO,48.0,MEDIUM,12.0,3.0,0 days 00:01:30.669000,,,1,True,90.669,Silverstone,0
ALO,49.0,MEDIUM,13.0,3.0,0 days 00:01:30.353000,,,1,True,90.353,Silverstone,0
ALO,50.0,MEDIUM,14.0,3.0,0 days 00:01:30.943000,,,1,True,90.943,Silverstone,0
ALO,51.0,MEDIUM,15.0,3.0,0 days 00:01:30.578000,,,1,True,90.578,Silverstone,0
ALO,52.0,MEDIUM,16.0,3.0,0 days 00:01:32.745000,,,1,True,92.745,Silverstone,0
LEC,45.0,SOFT,6.0,3.0,0 days 00:01:33.731000,,,1,True,93.731,Silverstone,0
LEC,46.0,SOFT,7.0,3.0,0 days 00:01:31.961000,,,1,True,91.961,Silverstone,0
LEC,47.0,SOFT,8.0,3.0,0 days 00:01:31.557000,,,1,True,91.557,Silverstone,0
LEC,48.0,SOFT,9.0,3.0,0 days 00:01:31.274000,,,1,True,91.274,Silverstone,0
LEC,49.0,SOFT,10.0,3.0,0 days 00:01:31.170000,,,1,True,91.17,Silverstone,0
LEC,50.0,SOFT,11.0,3.0,0 days 00:01:30.819000,,,1,True,90.819,Silverstone,0
LEC,51.0,SOFT,12.0,3.0,0 days 00:01:31.240000,,,1,True,91.24,Silverstone,0
LEC,52.0,SOFT,13.0,3.0,0 days 00:01:31.629000,,,1,True,91.629,Silverstone,0
STR,43.0,SOFT,2.0,4.0,0 days 00:01:36.611000,,,12,True,96.611,Silverstone,0
STR,44.0,SOFT,3.0,4.0,0 days 00:01:37.279000,,,12,True,97.279,Silverstone,0
STR,45.0,SOFT,4.0,4.0,0 days 00:01:34.035000,,,1,True,94.035,Silverstone,0
STR,46.0,SOFT,5.0,4.0,0 days 00:01:33.059000,,,1,True,93.059,Silverstone,0
STR,47.0,SOFT,6.0,4.0,0 days 00:01:32.273000,,,1,True,92.273,Silverstone,0
STR,48.0,SOFT,7.0,4.0,0 days 00:01:32.132000,,,1,True,92.132,Silverstone,0
STR,49.0,SOFT,8.0,4.0,0 days 00:01:33.170000,,,1,True,93.17,Silverstone,0
STR,50.0,SOFT,9.0,4.0,0 days 00:01:32.088000,,,1,True,92.088,Silverstone,0
STR,51.0,SOFT,10.0,4.0,0 days 00:01:33.653000,,,1,True,93.653,Silverstone,0
STR,52.0,SOFT,11.0,4.0,0 days 00:01:33.247000,,,1,True,93.247,Silverstone,0
TSU,45.0,MEDIUM,4.0,3.0,0 days 00:01:35.637000,,,1,True,95.637,Silverstone,0
TSU,46.0,MEDIUM,5.0,3.0,0 days 00:01:34.490000,,,1,True,94.49,Silverstone,0
TSU,47.0,MEDIUM,6.0,3.0,0 days 00:01:32.976000,,,1,True,92.976,Silverstone,0
TSU,48.0,MEDIUM,7.0,3.0,0 days 00:01:31.665000,,,1,True,91.665,Silverstone,0
TSU,49.0,MEDIUM,8.0,3.0,0 days 00:01:30.873000,,,1,True,90.873,Silverstone,0
TSU,50.0,MEDIUM,9.0,3.0,0 days 00:01:31.649000,,,1,True,91.649,Silverstone,0
TSU,51.0,MEDIUM,10.0,3.0,0 days 00:01:31.565000,,,1,True,91.565,Silverstone,0
ALB,44.0,MEDIUM,2.0,3.0,0 days 00:01:35.273000,,,1,True,95.273,Silverstone,0
ALB,45.0,MEDIUM,3.0,3.0,0 days 00:01:34.663000,,,1,True,94.663,Silverstone,0
ALB,46.0,MEDIUM,4.0,3.0,0 days 00:01:32.681000,,,1,True,92.681,Silverstone,0
ALB,47.0,MEDIUM,5.0,3.0,0 days 00:01:31.309000,,,1,True,91.309,Silverstone,0
ALB,48.0,MEDIUM,6.0,3.0,0 days 00:01:30.327000,,,1,True,90.327,Silverstone,0
ALB,49.0,MEDIUM,7.0,3.0,0 days 00:01:30.148000,,,1,True,90.148,Silverstone,0
ALB,50.0,MEDIUM,8.0,3.0,0 days 00:01:30.047000,,,1,True,90.047,Silverstone,0
ALB,51.0,MEDIUM,9.0,3.0,0 days 00:01:30.120000,,,1,True,90.12,Silverstone,0
ALB,52.0,MEDIUM,10.0,3.0,0 days 00:01:30.452000,,,1,True,90.452,Silverstone,0
HUL,44.0,MEDIUM,2.0,3.0,0 days 00:01:35.665000,,,12,True,95.665,Silverstone,0
HUL,45.0,MEDIUM,3.0,3.0,0 days 00:01:33.473000,,,1,True,93.473,Silverstone,0
HUL,46.0,MEDIUM,4.0,3.0,0 days 00:01:32.695000,,,1,True,92.695,Silverstone,0
HUL,47.0,MEDIUM,5.0,3.0,0 days 00:01:31.930000,,,1,True,91.93,Silverstone,0
HUL,48.0,MEDIUM,6.0,3.0,0 days 00:01:31.468000,,,1,True,91.468,Silverstone,0
HUL,49.0,MEDIUM,7.0,3.0,0 days 00:01:31.081000,,,1,True,91.081,Silverstone,0
HUL,50.0,MEDIUM,8.0,3.0,0 days 00:01:30.983000,,,1,True,90.983,Silverstone,0
HUL,51.0,MEDIUM,9.0,3.0,0 days 00:01:30.933000,,,1,True,90.933,Silverstone,0
HUL,52.0,MEDIUM,10.0,3.0,0 days 00:01:31.705000,,,1,True,91.705,Silverstone,0
OCO,44.0,MEDIUM,2.0,3.0,0 days 00:01:36.001000,,,1,True,96.001,Silverstone,0
OCO,45.0,MEDIUM,3.0,3.0,0 days 00:01:32.673000,,,1,True,92.673,Silverstone,0
OCO,46.0,MEDIUM,4.0,3.0,0 days 00:01:32.560000,,,1,True,92.56,Silverstone,0
OCO,47.0,MEDIUM,5.0,3.0,0 days 00:01:31.422000,,,1,True,91.422,Silverstone,0
OCO,48.0,MEDIUM,6.0,3.0,0 days 00:01:30.823000,,,1,True,90.823,Silverstone,0
OCO,49.0,MEDIUM,7.0,3.0,0 days 00:01:30.948000,,,1,True,90.948,Silverstone,0
OCO,50.0,MEDIUM,8.0,3.0,0 days 00:01:31.216000,,,1,True,91.216,Silverstone,0
OCO,51.0,MEDIUM,9.0,3.0,0 days 00:01:31.029000,,,1,True,91.029,Silverstone,0
OCO,52.0,MEDIUM,10.0,3.0,0 days 00:01:30.818000,,,1,True,90.818,Silverstone,0
NOR,46.0,MEDIUM,2.0,3.0,0 days 00:01:31.777000,,,1,True,91.777,Silverstone,0
NOR,47.0,MEDIUM,3.0,3.0,0 days 00:01:30.035000,,,1,True,90.035,Silverstone,0
NOR,48.0,MEDIUM,4.0,3.0,0 days 00:01:29.734000,,,1,True,89.734,Silverstone,0
NOR,49.0,MEDIUM,5.0,3.0,0 days 00:01:30.235000,,,1,True,90.235,Silverstone,0
NOR,50.0,MEDIUM,6.0,3.0,0 days 00:01:29.921000,,,1,True,89.921,Silverstone,0
NOR,51.0,MEDIUM,7.0,3.0,0 days 00:01:30.269000,,,1,True,90.269,Silverstone,0
NOR,52.0,MEDIUM,8.0,3.0,0 days 00:01:30.690000,,,1,True,90.69,Silverstone,0
HAM,43.0,SOFT,5.0,3.0,0 days 00:01:36.929000,,,12,True,96.929,Silverstone,0
HAM,44.0,SOFT,6.0,3.0,0 days 00:01:34.874000,,,12,True,94.874,Silverstone,0
HAM,45.0,SOFT,7.0,3.0,0 days 00:01:33.938000,,,1,True,93.938,Silverstone,0
HAM,46.0,SOFT,8.0,3.0,0 days 00:01:31.328000,,,1,True,91.328,Silverstone,0
HAM,47.0,SOFT,9.0,3.0,0 days 00:01:33.108000,,,1,True,93.108,Silverstone,0
HAM,48.0,SOFT,10.0,3.0,0 days 00:01:30.785000,,,1,True,90.785,Silverstone,0
HAM,49.0,SOFT,11.0,3.0,0 days 00:01:30.016000,,,1,True,90.016,Silverstone,0
HAM,50.0,SOFT,12.0,3.0,0 days 00:01:30.775000,,,1,True,90.775,Silverstone,0
HAM,51.0,SOFT,13.0,3.0,0 days 00:01:30.664000,,,1,True,90.664,Silverstone,0
HAM,52.0,SOFT,14.0,3.0,0 days 00:01:31.662000,,,1,True,91.662,Silverstone,0
SAI,44.0,MEDIUM,3.0,3.0,0 days 00:01:36.504000,,,1,True,96.504,Silverstone,0
SAI,45.0,MEDIUM,4.0,3.0,0 days 00:01:33.517000,,,1,True,93.517,Silverstone,0
SAI,46.0,MEDIUM,5.0,3.0,0 days 00:01:34.080000,,,1,True,94.08,Silverstone,0
SAI,47.0,MEDIUM,6.0,3.0,0 days 00:01:31.822000,,,1,True,91.822,Silverstone,0
SAI,48.0,MEDIUM,7.0,3.0,0 days 00:01:31.070000,,,1,True,91.07,Silverstone,0
SAI,49.0,MEDIUM,8.0,3.0,0 days 00:01:30.952000,,,1,True,90.952,Silverstone,0
SAI,50.0,MEDIUM,9.0,3.0,0 days 00:01:31.965000,,,1,True,91.965,Silverstone,0
SAI,51.0,MEDIUM,10.0,3.0,0 days 00:01:31.017000,,,1,True,91.017,Silverstone,0
SAI,52.0,MEDIUM,11.0,3.0,0 days 00:01:30.645000,,,1,True,90.645,Silverstone,0
RUS,44.0,HARD,6.0,3.0,0 days 00:01:35.710000,,,1,True,95.71,Silverstone,0
RUS,45.0,HARD,7.0,3.0,0 days 00:01:33.795000,,,1,True,93.795,Silverstone,0
RUS,46.0,HARD,8.0,3.0,0 days 00:01:32.141000,,,1,True,92.141,Silverstone,0
RUS,47.0,HARD,9.0,3.0,0 days 00:01:31.926000,,,1,True,91.926,Silverstone,0
RUS,48.0,HARD,10.0,3.0,0 days 00:01:31.239000,,,1,True,91.239,Silverstone,0
RUS,49.0,HARD,11.0,3.0,0 days 00:01:31.315000,,,1,True,91.315,Silverstone,0
RUS,50.0,HARD,12.0,3.0,0 days 00:01:30.956000,,,1,True,90.956,Silverstone,0
RUS,51.0,HARD,13.0,3.0,0 days 00:01:30.869000,,,1,True,90.869,Silverstone,0
RUS,52.0,HARD,14.0,3.0,0 days 00:01:31.900000,,,1,True,91.9,Silverstone,0
PIA,45.0,MEDIUM,2.0,3.0,0 days 00:01:34.870000,,,1,True,94.87,Silverstone,0
PIA,46.0,MEDIUM,3.0,3.0,0 days 00:01:31.673000,,,1,True,91.673,Silverstone,0
PIA,47.0,MEDIUM,4.0,3.0,0 days 00:01:30.609000,,,1,True,90.609,Silverstone,0
PIA,48.0,MEDIUM,5.0,3.0,0 days 00:01:30.817000,,,1,True,90.817,Silverstone,0
PIA,49.0,MEDIUM,6.0,3.0,0 days 00:01:30.209000,,,1,True,90.209,Silverstone,0
PIA,50.0,MEDIUM,7.0,3.0,0 days 00:01:29.686000,,,1,True,89.686,Silverstone,0
PIA,51.0,MEDIUM,8.0,3.0,0 days 00:01:29.337000,,,1,True,89.337,Silverstone,0
PIA,52.0,MEDIUM,9.0,3.0,0 days 00:01:32.340000,,,1,True,92.34,Silverstone,0
BEA,44.0,MEDIUM,3.0,3.0,0 days 00:01:34.874000,,,1,True,94.874,Silverstone,0
BEA,45.0,MEDIUM,4.0,3.0,0 days 00:01:33.735000,,,1,True,93.735,Silverstone,0
BEA,46.0,MEDIUM,5.0,3.0,0 days 00:01:32.102000,,,1,True,92.102,Silverstone,0
BEA,47.0,MEDIUM,6.0,3.0,0 days 00:01:32.098000,,,1,True,92.098,Silverstone,0
BEA,48.0,MEDIUM,7.0,3.0,0 days 00:01:31.041000,,,1,True,91.041,Silverstone,0
BEA,49.0,MEDIUM,8.0,3.0,0 days 00:01:31.273000,,,1,True,91.273,Silverstone,0
BEA,50.0,MEDIUM,9.0,3.0,0 days 00:01:30.921000,,,1,True,90.921,Silverstone,0
BEA,51.0,MEDIUM,10.0,3.0,0 days 00:01:31.121000,,,1,True,91.121,Silverstone,0
BEA,52.0,MEDIUM,11.0,3.0,0 days 00:01:32.585000,,,1,True,92.585,Silverstone,0
VER,2.0,SOFT,5.0,1.0,0 days 00:01:20.083000,,,1,True,80.083,Spa,0
VER,3.0,SOFT,6.0,1.0,0 days 00:01:20.537000,,,1,True,80.537,Spa,0
VER,4.0,SOFT,7.0,1.0,0 days 00:01:21.032000,,,1,True,81.032,Spa,0
VER,5.0,SOFT,8.0,1.0,0 days 00:01:20.964000,,,1,True,80.964,Spa,0
VER,6.0,SOFT,9.0,1.0,0 days 00:01:20.822000,,,1,True,80.822,Spa,0
VER,7.0,SOFT,10.0,1.0,0 days 00:01:20.760000,,,1,True,80.76,Spa,0
VER,8.0,SOFT,11.0,1.0,0 days 00:01:21.019000,,,1,True,81.019,Spa,0
VER,9.0,SOFT,12.0,1.0,0 days 00:01:21.168000,,,1,True,81.168,Spa,0
VER,10.0,SOFT,13.0,1.0,0 days 00:01:21.163000,,,1,True,81.163,Spa,0
VER,11.0,SOFT,14.0,1.0,0 days 00:01:21.143000,,,1,True,81.143,Spa,0
VER,12.0,SOFT,15.0,1.0,0 days 00:01:21.623000,,,1,True,81.623,Spa,0
VER,15.0,SOFT,2.0,2.0,0 days 00:01:19.630000,,,1,True,79.63,Spa,0
VER,16.0,SOFT,3.0,2.0,0 days 00:01:19.450000,,,1,True,79.45,Spa,0
VER,17.0,SOFT,4.0,2.0,0 days 00:01:20.011000,,,1,True,80.011,Spa,0
VER,18.0,SOFT,5.0,2.0,0 days 00:01:19.786000,,,1,True,79.786,Spa,0
VER,19.0,SOFT,6.0,2.0,0 days 00:01:20.259000,,,1,True,80.259,Spa,0
VER,20.0,SOFT,7.0,2.0,0 days 00:01:19.840000,,,1,True,79.84,Spa,0
VER,21.0,SOFT,8.0,2.0,0 days 00:01:19.911000,,,1,True,79.911,Spa,0
VER,22.0,SOFT,9.0,2.0,0 days 00:01:19.640000,,,1,True,79.64,Spa,0
VER,23.0,SOFT,10.0,2.0,0 days 00:01:20.183000,,,1,True,80.183,Spa,0
VER,24.0,SOFT,11.0,2.0,0 days 00:01:19.958000,,,1,True,79.958,Spa,0
VER,25.0,SOFT,12.0,2.0,0 days 00:01:20.124000,,,1,True,80.124,Spa,0
VER,26.0,SOFT,13.0,2.0,0 days 00:01:20.382000,,,1,True,80.382,Spa,0
VER,27.0,SOFT,14.0,2.0,0 days 00:01:20.672000,,,1,True,80.672,Spa,0
VER,28.0,SOFT,15.0,2.0,0 days 00:01:20.580000,,,1,True,80.58,Spa,0
VER,31.0,MEDIUM,2.0,3.0,0 days 00:01:18.216000,,,1,True,78.216,Spa,0
VER,32.0,MEDIUM,3.0,3.0,0 days 00:01:18.455000,,,1,True,78.455,Spa,0
VER,33.0,MEDIUM,4.0,3.0,0 days 00:01:18.727000,,,1,True,78.727,Spa,0
VER,34.0,MEDIUM,5.0,3.0,0 days 00:01:18.924000,,,1,True,78.924,Spa,0
VER,35.0,MEDIUM,6.0,3.0,0 days 00:01:19.141000,,,1,True,79.141,Spa,0
VER,36.0,MEDIUM,7.0,3.0,0 days 00:01:19.218000,,,1,True,79.218,Spa,0
VER,37.0,MEDIUM,8.0,3.0,0 days 00:01:19.108000,,,1,True,79.108,Spa,0
VER,38.0,MEDIUM,9.0,3.0,0 days 00:01:19.443000,,,1,True,79.443,Spa,0
VER,39.0,MEDIUM,10.0,3.0,0 days 00:01:19.650000,,,1,True,79.65,Spa,0
VER,40.0,MEDIUM,11.0,3.0,0 days 00:01:19.726000,,,1,True,79.726,Spa,0
VER,41.0,MEDIUM,12.0,3.0,0 days 00:01:19.922000,,,1,True,79.922,Spa,0
VER,42.0,MEDIUM,13.0,3.0,0 days 00:01:19.963000,,,1,True,79.963,Spa,0
VER,43.0,MEDIUM,14.0,3.0,0 days 00:01:20.134000,,,1,True,80.134,Spa,0
VER,44.0,MEDIUM,15.0,3.0,0 days 00:01:19.840000,,,1,True,79.84,Spa,0
VER,45.0,MEDIUM,16.0,3.0,0 days 00:01:20.301000,,,1,True,80.301,Spa,0
VER,46.0,MEDIUM,17.0,3.0,0 days 00:01:20.367000,,,1,True,80.367,Spa,0
VER,49.0,SOFT,5.0,4.0,0 days 00:01:17.141000,,,1,True,77.141,Spa,0
VER,50.0,SOFT,6.0,4.0,0 days 00:01:17.997000,,,1,True,77.997,Spa,0
VER,51.0,SOFT,7.0,4.0,0 days 00:01:18.734000,,,1,True,78.734,Spa,0
VER,52.0,SOFT,8.0,4.0,0 days 00:01:18.682000,,,1,True,78.682,Spa,0
VER,53.0,SOFT,9.0,4.0,0 days 00:01:18.941000,,,1,True,78.941,Spa,0
VER,54.0,SOFT,10.0,4.0,0 days 00:01:18.584000,,,1,True,78.584,Spa,0
VER,61.0,HARD,6.0,5.0,0 days 00:01:18.862000,,,1,True,78.862,Spa,0
VER,62.0,HARD,7.0,5.0,0 days 00:01:17.019000,,,1,True,77.019,Spa,0
VER,63.0,HARD,8.0,5.0,0 days 00:01:17.608000,,,1,True,77.608,Spa,0
VER,64.0,HARD,9.0,5.0,0 days 00:01:20.060000,,,1,True,80.06,Spa,0
VER,65.0,HARD,10.0,5.0,0 days 00:01:18.122000,,,1,True,78.122,Spa,0
VER,66.0,HARD,11.0,5.0,0 days 00:01:18.081000,,,1,True,78.081,Spa,0
GAS,2.0,SOFT,4.0,1.0,0 days 00:01:22.663000,,,1,True,82.663,Spa,0
GAS,3.0,SOFT,5.0,1.0,0 days 00:01:22.133000,,,1,True,82.133,Spa,0
GAS,4.0,SOFT,6.0,1.0,0 days 00:01:21.329000,,,1,True,81.329,Spa,0
GAS,5.0,SOFT,7.0,1.0,0 days 00:01:21.681000,,,1,True,81.681,Spa,0
GAS,6.0,SOFT,8.0,1.0,0 days 00:01:21.791000,,,1,True,81.791,Spa,0
GAS,7.0,SOFT,9.0,1.0,0 days 00:01:21.964000,,,1,True,81.964,Spa,0
GAS,8.0,SOFT,10.0,1.0,0 days 00:01:22.313000,,,1,True,82.313,Spa,0
GAS,9.0,SOFT,11.0,1.0,0 days 00:01:22.160000,,,1,True,82.16,Spa,0
GAS,12.0,SOFT,5.0,2.0,0 days 00:01:21.664000,,,1,True,81.664,Spa,0
GAS,13.0,SOFT,6.0,2.0,0 days 00:01:22.252000,,,1,True,82.252,Spa,0
GAS,14.0,SOFT,7.0,2.0,0 days 00:01:22.189000,,,1,True,82.189,Spa,0
GAS,15.0,SOFT,8.0,2.0,0 days 00:01:21.939000,,,1,True,81.939,Spa,0
GAS,16.0,SOFT,9.0,2.0,0 days 00:01:21.645000,,,1,True,81.645,Spa,0
GAS,17.0,SOFT,10.0,2.0,0 days 00:01:21.636000,,,1,True,81.636,Spa,0
GAS,18.0,SOFT,11.0,2.0,0 days 00:01:22.752000,,,1,True,82.752,Spa,0
GAS,19.0,SOFT,12.0,2.0,0 days 00:01:21.937000,,,1,True,81.937,Spa,0
GAS,20.0,SOFT,13.0,2.0,0 days 00:01:21.663000,,,1,True,81.663,Spa,0
GAS,21.0,SOFT,14.0,2.0,0 days 00:01:21.802000,,,1,True,81.802,Spa,0
GAS,22.0,SOFT,15.0,2.0,0 days 00:01:21.865000,,,1,True,81.865,Spa,0
GAS,23.0,SOFT,16.0,2.0,0 days 00:01:22.333000,,,1,True,82.333,Spa,0
GAS,24.0,SOFT,17.0,2.0,0 days 00:01:23.215000,,,1,True,83.215,Spa,0
GAS,25.0,SOFT,18.0,2.0,0 days 00:01:22.755000,,,1,True,82.755,Spa,0
GAS,26.0,SOFT,19.0,2.0,0 days 00:01:22.284000,,,1,True,82.284,Spa,0
GAS,27.0,SOFT,20.0,2.0,0 days 00:01:22.195000,,,1,True,82.195,Spa,0
GAS,28.0,SOFT,21.0,2.0,0 days 00:01:23.234000,,,1,True,83.234,Spa,0
GAS,29.0,SOFT,22.0,2.0,0 days 00:01:22.303000,,,1,True,82.303,Spa,0
GAS,30.0,SOFT,23.0,2.0,0 days 00:01:22.258000,,,1,True,82.258,Spa,0
GAS,33.0,MEDIUM,2.0,3.0,0 days 00:01:21.034000,,,1,True,81.034,Spa,0
GAS,34.0,MEDIUM,3.0,3.0,0 days 00:01:21.605000,,,1,True,81.605,Spa,0
GAS,35.0,MEDIUM,4.0,3.0,0 days 00:01:21.279000,,,1,True,81.279,Spa,0
GAS,36.0,MEDIUM,5.0,3.0,0 days 00:01:22.880000,,,1,True,82.88,Spa,0
GAS,37.0,MEDIUM,6.0,3.0,0 days 00:01:21.429000,,,1,True,81.429,Spa,0
GAS,38.0,MEDIUM,7.0,3.0,0 days 00:01:22.230000,,,1,True,82.23,Spa,0
GAS,39.0,MEDIUM,8.0,3.0,0 days 00:01:21.231000,,,1,True,81.231,Spa,0
GAS,40.0,MEDIUM,9.0,3.0,0 days 00:01:22.499000,,,1,True,82.499,Spa,0
GAS,41.0,MEDIUM,10.0,3.0,0 days 00:01:21.126000,,,1,True,81.126,Spa,0
GAS,42.0,MEDIUM,11.0,3.0,0 days 00:01:20.758000,,,1,True,80.758,Spa,0
GAS,43.0,MEDIUM,12.0,3.0,0 days 00:01:20.810000,,,1,True,80.81,Spa,0
GAS,44.0,MEDIUM,13.0,3.0,0 days 00:01:21.204000,,,1,True,81.204,Spa,0
GAS,45.0,MEDIUM,14.0,3.0,0 days 00:01:20.750000,,,1,True,80.75,Spa,0
GAS,46.0,MEDIUM,15.0,3.0,0 days 00:01:20.563000,,,1,True,80.563,Spa,0
GAS,47.0,MEDIUM,16.0,3.0,0 days 00:01:20.421000,,,1,True,80.421,Spa,0
GAS,48.0,MEDIUM,17.0,3.0,0 days 00:01:20.624000,,,1,True,80.624,Spa,0
GAS,49.0,MEDIUM,18.0,3.0,0 days 00:01:20.646000,,,1,True,80.646,Spa,0
GAS,50.0,MEDIUM,19.0,3.0,0 days 00:01:20.035000,,,1,True,80.035,Spa,0
GAS,51.0,MEDIUM,20.0,3.0,0 days 00:01:21.884000,,,1,True,81.884,Spa,0
GAS,52.0,MEDIUM,21.0,3.0,0 days 00:01:22.812000,,,1,True,82.812,Spa,0
GAS,53.0,MEDIUM,22.0,3.0,0 days 00:01:20.163000,,,1,True,80.163,Spa,0
GAS,61.0,SOFT,9.0,4.0,0 days 00:01:20.103000,,,1,True,80.103,Spa,0
GAS,62.0,SOFT,10.0,4.0,0 days 00:01:18.745000,,,1,True,78.745,Spa,0
GAS,63.0,SOFT,11.0,4.0,0 days 00:01:17.896000,,,1,True,77.896,Spa,0
GAS,64.0,SOFT,12.0,4.0,0 days 00:01:18.791000,,,1,True,78.791,Spa,0
GAS,65.0,SOFT,13.0,4.0,0 days 00:01:19.102000,,,1,True,79.102,Spa,0
GAS,66.0,SOFT,14.0,4.0,0 days 00:01:19.149000,,,1,True,79.149,Spa,0
ANT,2.0,SOFT,5.0,1.0,0 days 00:01:22.112000,,,1,True,82.112,Spa,0
ANT,3.0,SOFT,6.0,1.0,0 days 00:01:21.874000,,,1,True,81.874,Spa,0
ANT,4.0,SOFT,7.0,1.0,0 days 00:01:21.374000,,,1,True,81.374,Spa,0
ANT,5.0,SOFT,8.0,1.0,0 days 00:01:21.368000,,,1,True,81.368,Spa,0
ANT,6.0,SOFT,9.0,1.0,0 days 00:01:21.477000,,,1,True,81.477,Spa,0
ANT,7.0,SOFT,10.0,1.0,0 days 00:01:21.707000,,,1,True,81.707,Spa,0
ANT,8.0,SOFT,11.0,1.0,0 days 00:01:21.857000,,,1,True,81.857,Spa,0
ANT,9.0,SOFT,12.0,1.0,0 days 00:01:21.744000,,,1,True,81.744,Spa,0
ANT,10.0,SOFT,13.0,1.0,0 days 00:01:21.991000,,,1,True,81.991,Spa,0
ANT,11.0,SOFT,14.0,1.0,0 days 00:01:22.021000,,,1,True,82.021,Spa,0
ANT,12.0,SOFT,15.0,1.0,0 days 00:01:21.736000,,,1,True,81.736,Spa,0
ANT,13.0,SOFT,16.0,1.0,0 days 00:01:21.845000,,,1,True,81.845,Spa,0
ANT,14.0,SOFT,17.0,1.0,0 days 00:01:22.313000,,,1,True,82.313,Spa,0
ANT,15.0,SOFT,18.0,1.0,0 days 00:01:22.181000,,,1,True,82.181,Spa,0
ANT,16.0,SOFT,19.0,1.0,0 days 00:01:21.899000,,,1,True,81.899,Spa,0
ANT,17.0,SOFT,20.0,1.0,0 days 00:01:22.217000,,,1,True,82.217,Spa,0
ANT,18.0,SOFT,21.0,1.0,0 days 00:01:22.441000,,,1,True,82.441,Spa,0
ANT,19.0,SOFT,22.0,1.0,0 days 00:01:22.260000,,,1,True,82.26,Spa,0
ANT,20.0,SOFT,23.0,1.0,0 days 00:01:22.540000,,,1,True,82.54,Spa,0
ANT,23.0,MEDIUM,2.0,2.0,0 days 00:01:21.650000,,,1,True,81.65,Spa,0
ANT,24.0,MEDIUM,3.0,2.0,0 days 00:01:20.507000,,,1,True,80.507,Spa,0
ANT,25.0,MEDIUM,4.0,2.0,0 days 00:01:20.894000,,,1,True,80.894,Spa,0
ANT,26.0,MEDIUM,5.0,2.0,0 days 00:01:20.774000,,,1,True,80.774,Spa,0
ANT,27.0,MEDIUM,6.0,2.0,0 days 00:01:20.696000,,,1,True,80.696,Spa,0
ANT,28.0,MEDIUM,7.0,2.0,0 days 00:01:20.485000,,,1,True,80.485,Spa,0
ANT,29.0,MEDIUM,8.0,2.0,0 days 00:01:20.518000,,,1,True,80.518,Spa,0
ANT,30.0,MEDIUM,9.0,2.0,0 days 00:01:20.395000,,,1,True,80.395,Spa,0
ANT,31.0,MEDIUM,10.0,2.0,0 days 00:01:20.529000,,,1,True,80.529,Spa,0
ANT,32.0,MEDIUM,11.0,2.0,0 days 00:01:20.475000,,,1,True,80.475,Spa,0
ANT,33.0,MEDIUM,12.0,2.0,0 days 00:01:20.549000,,,1,True,80.549,Spa,0
ANT,34.0,MEDIUM,13.0,2.0,0 days 00:01:20.924000,,,1,True,80.924,Spa,0
ANT,35.0,MEDIUM,14.0,2.0,0 days 00:01:20.728000,,,1,True,80.728,Spa,0
ANT,36.0,MEDIUM,15.0,2.0,0 days 00:01:20.730000,,,1,True,80.73,Spa,0
ANT,37.0,MEDIUM,16.0,2.0,0 days 00:01:20.752000,,,1,True,80.752,Spa,0
ANT,38.0,MEDIUM,17.0,2.0,0 days 00:01:20.581000,,,1,True,80.581,Spa,0
ANT,39.0,MEDIUM,18.0,2.0,0 days 00:01:20.371000,,,1,True,80.371,Spa,0
ANT,40.0,MEDIUM,19.0,2.0,0 days 00:01:20.456000,,,1,True,80.456,Spa,0
ANT,41.0,MEDIUM,20.0,2.0,0 days 00:01:20.705000,,,1,True,80.705,Spa,0
ANT,42.0,MEDIUM,21.0,2.0,0 days 00:01:20.713000,,,1,True,80.713,Spa,0
ANT,43.0,MEDIUM,22.0,2.0,0 days 00:01:20.711000,,,1,True,80.711,Spa,0
ANT,44.0,MEDIUM,23.0,2.0,0 days 00:01:21.604000,,,1,True,81.604,Spa,0
ANT,45.0,MEDIUM,24.0,2.0,0 days 00:01:21.289000,,,1,True,81.289,Spa,0
ANT,46.0,MEDIUM,25.0,2.0,0 days 00:01:20.941000,,,1,True,80.941,Spa,0
ANT,47.0,MEDIUM,26.0,2.0,0 days 00:01:20.622000,,,1,True,80.622,Spa,0
ANT,48.0,MEDIUM,27.0,2.0,0 days 00:01:20.434000,,,1,True,80.434,Spa,0
ANT,51.0,SOFT,5.0,3.0,0 days 00:01:18.328000,,,1,True,78.328,Spa,0
ANT,52.0,SOFT,6.0,3.0,0 days 00:01:18.255000,,,1,True,78.255,Spa,0
ANT,53.0,SOFT,7.0,3.0,0 days 00:01:19.040000,,,1,True,79.04,Spa,0
ALO,2.0,SOFT,4.0,1.0,0 days 00:01:23.387000,,,1,True,83.387,Spa,0
ALO,3.0,SOFT,5.0,1.0,0 days 00:01:22.424000,,,1,True,82.424,Spa,0
ALO,4.0,SOFT,6.0,1.0,0 days 00:01:21.965000,,,1,True,81.965,Spa,0
ALO,5.0,SOFT,7.0,1.0,0 days 00:01:21.888000,,,1,True,81.888,Spa,0
ALO,6.0,SOFT,8.0,1.0,0 days 00:01:21.670000,,,1,True,81.67,Spa,0
ALO,7.0,SOFT,9.0,1.0,0 days 00:01:22.247000,,,1,True,82.247,Spa,0
ALO,8.0,SOFT,10.0,1.0,0 days 00:01:22.421000,,,1,True,82.421,Spa,0
ALO,9.0,SOFT,11.0,1.0,0 days 00:01:22.498000,,,1,True,82.498,Spa,0
ALO,10.0,SOFT,12.0,1.0,0 days 00:01:22.313000,,,1,True,82.313,Spa,0
ALO,11.0,SOFT,13.0,1.0,0 days 00:01:22.304000,,,1,True,82.304,Spa,0
ALO,12.0,SOFT,14.0,1.0,0 days 00:01:22.469000,,,1,True,82.469,Spa,0
ALO,14.0,SOFT,16.0,1.0,0 days 00:01:24.019000,,,1,True,84.019,Spa,0
ALO,17.0,MEDIUM,3.0,2.0,0 days 00:01:20.454000,,,1,True,80.454,Spa,0
ALO,18.0,MEDIUM,4.0,2.0,0 days 00:01:21.025000,,,1,True,81.025,Spa,0
ALO,19.0,MEDIUM,5.0,2.0,0 days 00:01:21.033000,,,1,True,81.033,Spa,0
ALO,20.0,MEDIUM,6.0,2.0,0 days 00:01:20.858000,,,1,True,80.858,Spa,0
ALO,21.0,MEDIUM,7.0,2.0,0 days 00:01:20.959000,,,1,True,80.959,Spa,0
ALO,22.0,MEDIUM,8.0,2.0,0 days 00:01:21.589000,,,1,True,81.589,Spa,0
ALO,23.0,MEDIUM,9.0,2.0,0 days 00:01:21.616000,,,1,True,81.616,Spa,0
ALO,24.0,MEDIUM,10.0,2.0,0 days 00:01:22.870000,,,1,True,82.87,Spa,0
ALO,25.0,MEDIUM,11.0,2.0,0 days 00:01:21.727000,,,1,True,81.727,Spa,0
ALO,26.0,MEDIUM,12.0,2.0,0 days 00:01:21.419000,,,1,True,81.419,Spa,0
ALO,27.0,MEDIUM,13.0,2.0,0 days 00:01:21.394000,,,1,True,81.394,Spa,0
ALO,28.0,MEDIUM,14.0,2.0,0 days 00:01:21.430000,,,1,True,81.43,Spa,0
ALO,29.0,MEDIUM,15.0,2.0,0 days 00:01:21.505000,,,1,True,81.505,Spa,0
ALO,30.0,MEDIUM,16.0,2.0,0 days 00:01:21.450000,,,1,True,81.45,Spa,0
ALO,31.0,MEDIUM,17.0,2.0,0 days 00:01:22.196000,,,1,True,82.196,Spa,0
ALO,32.0,MEDIUM,18.0,2.0,0 days 00:01:22.387000,,,1,True,82.387,Spa,0
ALO,33.0,MEDIUM,19.0,2.0,0 days 00:01:21.918000,,,1,True,81.918,Spa,0
ALO,34.0,MEDIUM,20.0,2.0,0 days 00:01:22.007000,,,1,True,82.007,Spa,0
ALO,35.0,MEDIUM,21.0,2.0,0 days 00:01:22.218000,,,1,True,82.218,Spa,0
ALO,36.0,MEDIUM,22.0,2.0,0 days 00:01:21.218000,,,1,True,81.218,Spa,0
ALO,37.0,MEDIUM,23.0,2.0,0 days 00:01:21.500000,,,1,True,81.5,Spa,0
ALO,38.0,MEDIUM,24.0,2.0,0 days 00:01:21.626000,,,1,True,81.626,Spa,0
ALO,39.0,MEDIUM,25.0,2.0,0 days 00:01:21.717000,,,1,True,81.717,Spa,0
ALO,40.0,MEDIUM,26.0,2.0,0 days 00:01:21.703000,,,1,True,81.703,Spa,0
ALO,41.0,MEDIUM,27.0,2.0,0 days 00:01:21.980000,,,1,True,81.98,Spa,0
ALO,44.0,SOFT,5.0,3.0,0 days 00:01:18.997000,,,1,True,78.997,Spa,0
ALO,45.0,SOFT,6.0,3.0,0 days 00:01:19.707000,,,1,True,79.707,Spa,0
ALO,46.0,SOFT,7.0,3.0,0 days 00:01:19.703000,,,1,True,79.703,Spa,0
ALO,47.0,SOFT,8.0,3.0,0 days 00:01:19.587000,,,1,True,79.587,Spa,0
ALO,48.0,SOFT,9.0,3.0,0 days 00:01:19.931000,,,1,True,79.931,Spa,0
ALO,49.0,SOFT,10.0,3.0,0 days 00:01:21.771000,,,1,True,81.771,Spa,0
ALO,50.0,SOFT,11.0,3.0,0 days 00:01:21.378000,,,1,True,81.378,Spa,0
ALO,51.0,SOFT,12.0,3.0,0 days 00:01:22.129000,,,1,True,82.129,Spa,0
ALO,52.0,SOFT,13.0,3.0,0 days 00:01:20.232000,,,1,True,80.232,Spa,0
ALO,53.0,SOFT,14.0,3.0,0 days 00:01:20.137000,,,1,True,80.137,Spa,0
ALO,61.0,SOFT,10.0,4.0,0 days 00:01:20.638000,,,1,True,80.638,Spa,0
ALO,62.0,SOFT,11.0,4.0,0 days 00:01:19.550000,,,1,True,79.55,Spa,0
ALO,63.0,SOFT,12.0,4.0,0 days 00:01:19.886000,,,1,True,79.886,Spa,0
ALO,64.0,SOFT,13.0,4.0,0 days 00:01:19.063000,,,1,True,79.063,Spa,0
ALO,65.0,SOFT,14.0,4.0,0 days 00:01:18.494000,,,1,True,78.494,Spa,0
ALO,66.0,SOFT,15.0,4.0,0 days 00:01:18.128000,,,1,True,78.128,Spa,0
LEC,2.0,SOFT,3.0,1.0,0 days 00:01:21.421000,,,1,True,81.421,Spa,0
LEC,3.0,SOFT,4.0,1.0,0 days 00:01:20.809000,,,1,True,80.809,Spa,0
LEC,4.0,SOFT,5.0,1.0,0 days 00:01:20.725000,,,1,True,80.725,Spa,0
LEC,5.0,SOFT,6.0,1.0,0 days 00:01:20.750000,,,1,True,80.75,Spa,0
LEC,6.0,SOFT,7.0,1.0,0 days 00:01:21.368000,,,1,True,81.368,Spa,0
LEC,7.0,SOFT,8.0,1.0,0 days 00:01:21.722000,,,1,True,81.722,Spa,0
LEC,8.0,SOFT,9.0,1.0,0 days 00:01:21.841000,,,1,True,81.841,Spa,0
LEC,9.0,SOFT,10.0,1.0,0 days 00:01:22.127000,,,1,True,82.127,Spa,0
LEC,10.0,SOFT,11.0,1.0,0 days 00:01:21.028000,,,1,True,81.028,Spa,0
LEC,11.0,SOFT,12.0,1.0,0 days 00:01:21.004000,,,1,True,81.004,Spa,0
LEC,12.0,SOFT,13.0,1.0,0 days 00:01:21.086000,,,1,True,81.086,Spa,0
LEC,13.0,SOFT,14.0,1.0,0 days 00:01:21.406000,,,1,True,81.406,Spa,0
LEC,14.0,SOFT,15.0,1.0,0 days 00:01:21.341000,,,1,True,81.341,Spa,0
LEC,15.0,SOFT,16.0,1.0,0 days 00:01:21.700000,,,1,True,81.7,Spa,0
LEC,16.0,SOFT,17.0,1.0,0 days 00:01:21.481000,,,1,True,81.481,Spa,0
LEC,19.0,MEDIUM,2.0,2.0,0 days 00:01:20.585000,,,1,True,80.585,Spa,0
LEC,20.0,MEDIUM,3.0,2.0,0 days 00:01:20.775000,,,1,True,80.775,Spa,0
LEC,21.0,MEDIUM,4.0,2.0,0 days 00:01:20.107000,,,1,True,80.107,Spa,0
LEC,22.0,MEDIUM,5.0,2.0,0 days 00:01:19.918000,,,1,True,79.918,Spa,0
LEC,23.0,MEDIUM,6.0,2.0,0 days 00:01:19.467000,,,1,True,79.467,Spa,0
LEC,24.0,MEDIUM,7.0,2.0,0 days 00:01:19.578000,,,1,True,79.578,Spa,0
LEC,25.0,MEDIUM,8.0,2.0,0 days 00:01:19.611000,,,1,True,79.611,Spa,0
LEC,26.0,MEDIUM,9.0,2.0,0 days 00:01:19.983000,,,1,True,79.983,Spa,0
LEC,27.0,MEDIUM,10.0,2.0,0 days 00:01:19.981000,,,1,True,79.981,Spa,0
LEC,28.0,MEDIUM,11.0,2.0,0 days 00:01:20.061000,,,1,True,80.061,Spa,0
LEC,29.0,MEDIUM,12.0,2.0,0 days 00:01:19.979000,,,1,True,79.979,Spa,0
LEC,30.0,MEDIUM,13.0,2.0,0 days 00:01:20.088000,,,1,True,80.088,Spa,0
LEC,31.0,MEDIUM,14.0,2.0,0 days 00:01:20.085000,,,1,True,80.085,Spa,0
LEC,32.0,MEDIUM,15.0,2.0,0 days 00:01:20.007000,,,1,True,80.007,Spa,0
LEC,33.0,MEDIUM,16.0,2.0,0 days 00:01:20.240000,,,1,True,80.24,Spa,0
LEC,34.0,MEDIUM,17.0,2.0,0 days 00:01:20.338000,,,1,True,80.338,Spa,0
LEC,35.0,MEDIUM,18.0,2.0,0 days 00:01:20.399000,,,1,True,80.399,Spa,0
LEC,36.0,MEDIUM,19.0,2.0,0 days 00:01:21.159000,,,1,True,81.159,Spa,0
LEC,37.0,MEDIUM,20.0,2.0,0 days 00:01:21.111000,,,1,True,81.111,Spa,0
LEC,38.0,MEDIUM,21.0,2.0,0 days 00:01:20.825000,,,1,True,80.825,Spa,0
LEC,39.0,MEDIUM,22.0,2.0,0 days 00:01:20.912000,,,1,True,80.912,Spa,0
LEC,42.0,MEDIUM,2.0,3.0,0 days 00:01:19.354000,,,1,True,79.354,Spa,0
LEC,43.0,MEDIUM,3.0,3.0,0 days 00:01:19.570000,,,1,True,79.57,Spa,0
LEC,44.0,MEDIUM,4.0,3.0,0 days 00:01:19.321000,,,1,True,79.321,Spa,0
LEC,45.0,MEDIUM,5.0,3.0,0 days 00:01:19.181000,,,1,True,79.181,Spa,0
LEC,46.0,MEDIUM,6.0,3.0,0 days 00:01:19.877000,,,1,True,79.877,Spa,0
LEC,47.0,MEDIUM,7.0,3.0,0 days 00:01:19.806000,,,1,True,79.806,Spa,0
LEC,48.0,MEDIUM,8.0,3.0,0 days 00:01:19.304000,,,1,True,79.304,Spa,0
LEC,49.0,MEDIUM,9.0,3.0,0 days 00:01:19.735000,,,1,True,79.735,Spa,0
LEC,50.0,MEDIUM,10.0,3.0,0 days 00:01:19.697000,,,1,True,79.697,Spa,0
LEC,51.0,MEDIUM,11.0,3.0,0 days 00:01:19.815000,,,1,True,79.815,Spa,0
LEC,52.0,MEDIUM,12.0,3.0,0 days 00:01:19.831000,,,1,True,79.831,Spa,0
LEC,53.0,MEDIUM,13.0,3.0,0 days 00:01:19.674000,,,1,True,79.674,Spa,0
LEC,54.0,MEDIUM,14.0,3.0,0 days 00:01:19.826000,,,1,True,79.826,Spa,0
LEC,61.0,SOFT,9.0,4.0,0 days 00:01:17.547000,,,1,True,77.547,Spa,0
LEC,62.0,SOFT,10.0,4.0,0 days 00:01:17.259000,,,1,True,77.259,Spa,0
LEC,63.0,SOFT,11.0,4.0,0 days 00:01:17.609000,,,1,True,77.609,Spa,0
LEC,64.0,SOFT,12.0,4.0,0 days 00:01:18.130000,,,1,True,78.13,Spa,0
LEC,65.0,SOFT,13.0,4.0,0 days 00:01:18.644000,,,1,True,78.644,Spa,0
LEC,66.0,SOFT,14.0,4.0,0 days 00:01:19.137000,,,1,True,79.137,Spa,0
TSU,2.0,MEDIUM,2.0,1.0,0 days 00:01:23.482000,,,1,True,83.482,Spa,0
TSU,3.0,MEDIUM,3.0,1.0,0 days 00:01:23.005000,,,1,True,83.005,Spa,0
TSU,4.0,MEDIUM,4.0,1.0,0 days 00:01:22.585000,,,1,True,82.585,Spa,0
TSU,5.0,MEDIUM,5.0,1.0,0 days 00:01:22.249000,,,1,True,82.249,Spa,0
TSU,6.0,MEDIUM,6.0,1.0,0 days 00:01:22.860000,,,1,True,82.86,Spa,0
TSU,7.0,MEDIUM,7.0,1.0,0 days 00:01:22.950000,,,1,True,82.95,Spa,0
TSU,10.0,SOFT,2.0,2.0,0 days 00:01:19.888000,,,1,True,79.888,Spa,0
TSU,11.0,SOFT,3.0,2.0,0 days 00:01:20.645000,,,1,True,80.645,Spa,0
TSU,12.0,SOFT,4.0,2.0,0 days 00:01:21.574000,,,1,True,81.574,Spa,0
TSU,13.0,SOFT,5.0,2.0,0 days 00:01:21.933000,,,1,True,81.933,Spa,0
TSU,14.0,SOFT,6.0,2.0,0 days 00:01:21.887000,,,1,True,81.887,Spa,0
TSU,15.0,SOFT,7.0,2.0,0 days 00:01:21.715000,,,1,True,81.715,Spa,0
TSU,16.0,SOFT,8.0,2.0,0 days 00:01:21.566000,,,1,True,81.566,Spa,0
TSU,17.0,SOFT,9.0,2.0,0 days 00:01:21.943000,,,1,True,81.943,Spa,0
TSU,18.0,SOFT,10.0,2.0,0 days 00:01:21.991000,,,1,True,81.991,Spa,0
TSU,19.0,SOFT,11.0,2.0,0 days 00:01:22.216000,,,1,True,82.216,Spa,0
TSU,20.0,SOFT,12.0,2.0,0 days 00:01:22.926000,,,1,True,82.926,Spa,0
TSU,21.0,SOFT,13.0,2.0,0 days 00:01:22.496000,,,1,True,82.496,Spa,0
TSU,22.0,SOFT,14.0,2.0,0 days 00:01:22.253000,,,1,True,82.253,Spa,0
TSU,23.0,SOFT,15.0,2.0,0 days 00:01:22.452000,,,1,True,82.452,Spa,0
TSU,26.0,SOFT,2.0,3.0,0 days 00:01:20.192000,,,1,True,80.192,Spa,0
TSU,27.0,SOFT,3.0,3.0,0 days 00:01:20.381000,,,1,True,80.381,Spa,0
TSU,28.0,SOFT,4.0,3.0,0 days 00:01:21.126000,,,1,True,81.126,Spa,0
TSU,29.0,SOFT,5.0,3.0,0 days 00:01:20.380000,,,1,True,80.38,Spa,0
TSU,30.0,SOFT,6.0,3.0,0 days 00:01:20.229000,,,1,True,80.229,Spa,0
TSU,31.0,SOFT,7.0,3.0,0 days 00:01:20.678000,,,1,True,80.678,Spa,0
TSU,32.0,SOFT,8.0,3.0,0 days 00:01:20.806000,,,1,True,80.806,Spa,0
TSU,33.0,SOFT,9.0,3.0,0 days 00:01:20.949000,,,1,True,80.949,Spa,0
TSU,34.0,SOFT,10.0,3.0,0 days 00:01:21.874000,,,1,True,81.874,Spa,0
TSU,35.0,SOFT,11.0,3.0,0 days 00:01:21.452000,,,1,True,81.452,Spa,0
TSU,36.0,SOFT,12.0,3.0,0 days 00:01:21.348000,,,1,True,81.348,Spa,0
TSU,37.0,SOFT,13.0,3.0,0 days 00:01:21.355000,,,1,True,81.355,Spa,0
TSU,38.0,SOFT,14.0,3.0,0 days 00:01:20.980000,,,1,True,80.98,Spa,0
TSU,39.0,SOFT,15.0,3.0,0 days 00:01:21.082000,,,1,True,81.082,Spa,0
TSU,40.0,SOFT,16.0,3.0,0 days 00:01:20.982000,,,1,True,80.982,Spa,0
TSU,41.0,SOFT,17.0,3.0,0 days 00:01:22.859000,,,1,True,82.859,Spa,0
TSU,42.0,SOFT,18.0,3.0,0 days 00:01:22.850000,,,1,True,82.85,Spa,0
TSU,43.0,SOFT,19.0,3.0,0 days 00:01:21.433000,,,1,True,81.433,Spa,0
TSU,46.0,SOFT,2.0,4.0,0 days 00:01:17.998000,,,1,True,77.998,Spa,0
TSU,47.0,SOFT,3.0,4.0,0 days 00:01:20.209000,,,1,True,80.209,Spa,0
TSU,48.0,SOFT,4.0,4.0,0 days 00:01:19.498000,,,1,True,79.498,Spa,0
TSU,49.0,SOFT,5.0,4.0,0 days 00:01:19.133000,,,1,True,79.133,Spa,0
TSU,50.0,SOFT,6.0,4.0,0 days 00:01:19.300000,,,1,True,79.3,Spa,0
TSU,51.0,SOFT,7.0,4.0,0 days 00:01:19.954000,,,1,True,79.954,Spa,0
TSU,52.0,SOFT,8.0,4.0,0 days 00:01:20.098000,,,1,True,80.098,Spa,0
TSU,53.0,SOFT,9.0,4.0,0 days 00:01:19.718000,,,1,True,79.718,Spa,0
TSU,61.0,SOFT,10.0,5.0,0 days 00:01:21.360000,,,1,True,81.36,Spa,0
TSU,62.0,SOFT,11.0,5.0,0 days 00:01:20.396000,,,1,True,80.396,Spa,0
TSU,63.0,SOFT,12.0,5.0,0 days 00:01:20.250000,,,1,True,80.25,Spa,0
TSU,64.0,SOFT,13.0,5.0,0 days 00:01:19.526000,,,1,True,79.526,Spa,0
TSU,65.0,SOFT,14.0,5.0,0 days 00:01:20.191000,,,1,True,80.191,Spa,0
TSU,66.0,SOFT,15.0,5.0,0 days 00:01:20.110000,,,1,True,80.11,Spa,0
ALB,2.0,SOFT,5.0,1.0,0 days 00:01:23.703000,,,1,True,83.703,Spa,0
ALB,3.0,SOFT,6.0,1.0,0 days 00:01:22.585000,,,1,True,82.585,Spa,0
ALB,4.0,SOFT,7.0,1.0,0 days 00:01:22.127000,,,1,True,82.127,Spa,0
ALB,5.0,SOFT,8.0,1.0,0 days 00:01:22.537000,,,1,True,82.537,Spa,0
ALB,8.0,SOFT,2.0,2.0,0 days 00:01:20.543000,,,1,True,80.543,Spa,0
ALB,9.0,SOFT,3.0,2.0,0 days 00:01:20.508000,,,1,True,80.508,Spa,0
ALB,10.0,SOFT,4.0,2.0,0 days 00:01:21.462000,,,1,True,81.462,Spa,0
ALB,11.0,SOFT,5.0,2.0,0 days 00:01:21.011000,,,1,True,81.011,Spa,0
ALB,12.0,SOFT,6.0,2.0,0 days 00:01:21.879000,,,1,True,81.879,Spa,0
ALB,13.0,SOFT,7.0,2.0,0 days 00:01:21.932000,,,1,True,81.932,Spa,0
ALB,14.0,SOFT,8.0,2.0,0 days 00:01:21.793000,,,1,True,81.793,Spa,0
ALB,15.0,SOFT,9.0,2.0,0 days 00:01:21.738000,,,1,True,81.738,Spa,0
ALB,16.0,SOFT,10.0,2.0,0 days 00:01:21.783000,,,1,True,81.783,Spa,0
ALB,17.0,SOFT,11.0,2.0,0 days 00:01:21.649000,,,1,True,81.649,Spa,0
ALB,18.0,SOFT,12.0,2.0,0 days 00:01:21.960000,,,1,True,81.96,Spa,0
ALB,19.0,SOFT,13.0,2.0,0 days 00:01:21.963000,,,1,True,81.963,Spa,0
ALB,20.0,SOFT,14.0,2.0,0 days 00:01:22.346000,,,1,True,82.346,Spa,0
ALB,21.0,SOFT,15.0,2.0,0 days 00:01:22.440000,,,1,True,82.44,Spa,0
ALB,22.0,SOFT,16.0,2.0,0 days 00:01:22.388000,,,1,True,82.388,Spa,0
ALB,23.0,SOFT,17.0,2.0,0 days 00:01:22.522000,,,1,True,82.522,Spa,0
ALB,24.0,SOFT,18.0,2.0,0 days 00:01:23.477000,,,1,True,83.477,Spa,0
ALB,25.0,SOFT,19.0,2.0,0 days 00:01:24.407000,,,1,True,84.407,Spa,0
HUL,2.0,SOFT,2.0,1.0,0 days 00:01:22.812000,,,1,True,82.812,Spa,0
HUL,3.0,SOFT,3.0,1.0,0 days 00:01:22.138000,,,1,True,82.138,Spa,0
HUL,4.0,SOFT,4.0,1.0,0 days 00:01:21.756000,,,1,True,81.756,Spa,0
HUL,5.0,SOFT,5.0,1.0,0 days 00:01:21.710000,,,1,True,81.71,Spa,0
HUL,6.0,SOFT,6.0,1.0,0 days 00:01:21.740000,,,1,True,81.74,Spa,0
HUL,7.0,SOFT,7.0,1.0,0 days 00:01:22.315000,,,1,True,82.315,Spa,0
HUL,8.0,SOFT,8.0,1.0,0 days 00:01:22.263000,,,1,True,82.263,Spa,0
HUL,11.0,MEDIUM,2.0,2.0,0 days 00:01:21.463000,,,1,True,81.463,Spa,0
HUL,12.0,MEDIUM,3.0,2.0,0 days 00:01:21.785000,,,1,True,81.785,Spa,0
HUL,13.0,MEDIUM,4.0,2.0,0 days 00:01:22.901000,,,1,True,82.901,Spa,0
HUL,14.0,MEDIUM,5.0,2.0,0 days 00:01:22.607000,,,1,True,82.607,Spa,0
HUL,15.0,MEDIUM,6.0,2.0,0 days 00:01:21.800000,,,1,True,81.8,Spa,0
HUL,16.0,MEDIUM,7.0,2.0,0 days 00:01:21.549000,,,1,True,81.549,Spa,0
HUL,17.0,MEDIUM,8.0,2.0,0 days 00:01:21.829000,,,1,True,81.829,Spa,0
HUL,18.0,MEDIUM,9.0,2.0,0 days 00:01:22.099000,,,1,True,82.099,Spa,0
HUL,19.0,MEDIUM,10.0,2.0,0 days 00:01:22.303000,,,1,True,82.303,Spa,0
HUL,20.0,MEDIUM,11.0,2.0,0 days 00:01:21.664000,,,1,True,81.664,Spa,0
HUL,21.0,MEDIUM,12.0,2.0,0 days 00:01:21.715000,,,1,True,81.715,Spa,0
HUL,22.0,MEDIUM,13.0,2.0,0 days 00:01:22.359000,,,1,True,82.359,Spa,0
HUL,23.0,MEDIUM,14.0,2.0,0 days 00:01:21.761000,,,1,True,81.761,Spa,0
HUL,24.0,MEDIUM,15.0,2.0,0 days 00:01:23.434000,,,1,True,83.434,Spa,0
HUL,25.0,MEDIUM,16.0,2.0,0 days 00:01:22.107000,,,1,True,82.107,Spa,0
HUL,26.0,MEDIUM,17.0,2.0,0 days 00:01:21.737000,,,1,True,81.737,Spa,0
HUL,27.0,MEDIUM,18.0,2.0,0 days 00:01:21.554000,,,1,True,81.554,Spa,0
HUL,28.0,MEDIUM,19.0,2.0,0 days 00:01:20.709000,,,1,True,80.709,Spa,0
HUL,29.0,MEDIUM,20.0,2.0,0 days 00:01:21.344000,,,1,True,81.344,Spa,0
HUL,30.0,MEDIUM,21.0,2.0,0 days 00:01:21.195000,,,1,True,81.195,Spa,0
HUL,31.0,MEDIUM,22.0,2.0,0 days 00:01:21.160000,,,1,True,81.16,Spa,0
HUL,32.0,MEDIUM,23.0,2.0,0 days 00:01:21.938000,,,1,True,81.938,Spa,0
HUL,33.0,MEDIUM,24.0,2.0,0 days 00:01:21.414000,,,1,True,81.414,Spa,0
HUL,34.0,MEDIUM,25.0,2.0,0 days 00:01:21.610000,,,1,True,81.61,Spa,0
HUL,35.0,MEDIUM,26.0,2.0,0 days 00:01:21.406000,,,1,True,81.406,Spa,0
HUL,36.0,MEDIUM,27.0,2.0,0 days 00:01:21.125000,,,1,True,81.125,Spa,0
HUL,37.0,MEDIUM,28.0,2.0,0 days 00:01:21.265000,,,1,True,81.265,Spa,0
HUL,38.0,MEDIUM,29.0,2.0,0 days 00:01:21.502000,,,1,True,81.502,Spa,0
HUL,39.0,MEDIUM,30.0,2.0,0 days 00:01:21.388000,,,1,True,81.388,Spa,0
HUL,40.0,MEDIUM,31.0,2.0,0 days 00:01:21.514000,,,1,True,81.514,Spa,0
HUL,41.0,MEDIUM,32.0,2.0,0 days 00:01:21.130000,,,1,True,81.13,Spa,0
HUL,42.0,MEDIUM,33.0,2.0,0 days 00:01:21.354000,,,1,True,81.354,Spa,0
HUL,43.0,MEDIUM,34.0,2.0,0 days 00:01:21.683000,,,1,True,81.683,Spa,0
HUL,44.0,MEDIUM,35.0,2.0,0 days 00:01:22.092000,,,1,True,82.092,Spa,0
HUL,47.0,SOFT,2.0,3.0,0 days 00:01:20.811000,,,1,True,80.811,Spa,0
HUL,48.0,SOFT,3.0,3.0,0 days 00:01:20.805000,,,1,True,80.805,Spa,0
HUL,49.0,SOFT,4.0,3.0,0 days 00:01:20.699000,,,1,True,80.699,Spa,0
HUL,50.0,SOFT,5.0,3.0,0 days 00:01:19.794000,,,1,True,79.794,Spa,0
HUL,51.0,SOFT,6.0,3.0,0 days 00:01:19.936000,,,1,True,79.936,Spa,0
HUL,52.0,SOFT,7.0,3.0,0 days 00:01:19.987000,,,1,True,79.987,Spa,0
HUL,53.0,SOFT,8.0,3.0,0 days 00:01:21.133000,,,1,True,81.133,Spa,0
HUL,61.0,SOFT,5.0,4.0,0 days 00:01:19.023000,,,1,True,79.023,Spa,0
HUL,62.0,SOFT,6.0,4.0,0 days 00:01:18.282000,,,1,True,78.282,Spa,0
HUL,63.0,SOFT,7.0,4.0,0 days 00:01:17.575000,,,1,True,77.575,Spa,0
HUL,64.0,SOFT,8.0,4.0,0 days 00:01:18.615000,,,1,True,78.615,Spa,0
HUL,65.0,SOFT,9.0,4.0,0 days 00:01:18.056000,,,1,True,78.056,Spa,0
HUL,66.0,SOFT,10.0,4.0,0 days 00:01:18.496000,,,1,True,78.496,Spa,0
LAW,2.0,SOFT,2.0,1.0,0 days 00:01:23.220000,,,1,True,83.22,Spa,0
LAW,3.0,SOFT,3.0,1.0,0 days 00:01:22.634000,,,1,True,82.634,Spa,0
LAW,4.0,SOFT,4.0,1.0,0 days 00:01:22.031000,,,1,True,82.031,Spa,0
LAW,5.0,SOFT,5.0,1.0,0 days 00:01:22.423000,,,1,True,82.423,Spa,0
LAW,6.0,SOFT,6.0,1.0,0 days 00:01:22.137000,,,1,True,82.137,Spa,0
LAW,7.0,SOFT,7.0,1.0,0 days 00:01:22.695000,,,1,True,82.695,Spa,0
LAW,8.0,SOFT,8.0,1.0,0 days 00:01:22.930000,,,1,True,82.93,Spa,0
LAW,9.0,SOFT,9.0,1.0,0 days 00:01:23.238000,,,1,True,83.238,Spa,0
LAW,10.0,SOFT,10.0,1.0,0 days 00:01:22.700000,,,1,True,82.7,Spa,0
LAW,11.0,SOFT,11.0,1.0,0 days 00:01:22.485000,,,1,True,82.485,Spa,0
LAW,12.0,SOFT,12.0,1.0,0 days 00:01:22.828000,,,1,True,82.828,Spa,0
LAW,13.0,SOFT,13.0,1.0,0 days 00:01:22.277000,,,1,True,82.277,Spa,0
LAW,14.0,SOFT,14.0,1.0,0 days 00:01:22.192000,,,1,True,82.192,Spa,0
LAW,15.0,SOFT,15.0,1.0,0 days 00:01:21.968000,,,1,True,81.968,Spa,0
LAW,16.0,SOFT,16.0,1.0,0 days 00:01:21.967000,,,1,True,81.967,Spa,0
LAW,17.0,SOFT,17.0,1.0,0 days 00:01:22.308000,,,1,True,82.308,Spa,0
LAW,20.0,MEDIUM,2.0,2.0,0 days 00:01:21.344000,,,1,True,81.344,Spa,0
LAW,21.0,MEDIUM,3.0,2.0,0 days 00:01:21.187000,,,1,True,81.187,Spa,0
LAW,22.0,MEDIUM,4.0,2.0,0 days 00:01:21.720000,,,1,True,81.72,Spa,0
LAW,23.0,MEDIUM,5.0,2.0,0 days 00:01:21.854000,,,1,True,81.854,Spa,0
LAW,24.0,MEDIUM,6.0,2.0,0 days 00:01:23.531000,,,1,True,83.531,Spa,0
LAW,25.0,MEDIUM,7.0,2.0,0 days 00:01:20.771000,,,1,True,80.771,Spa,0
LAW,26.0,MEDIUM,8.0,2.0,0 days 00:01:21.013000,,,1,True,81.013,Spa,0
LAW,27.0,MEDIUM,9.0,2.0,0 days 00:01:21.360000,,,1,True,81.36,Spa,0
LAW,28.0,MEDIUM,10.0,2.0,0 days 00:01:21.489000,,,1,True,81.489,Spa,0
LAW,29.0,MEDIUM,11.0,2.0,0 days 00:01:21.494000,,,1,True,81.494,Spa,0
LAW,30.0,MEDIUM,12.0,2.0,0 days 00:01:21.473000,,,1,True,81.473,Spa,0
LAW,31.0,MEDIUM,13.0,2.0,0 days 00:01:23.075000,,,1,True,83.075,Spa,0
LAW,32.0,MEDIUM,14.0,2.0,0 days 00:01:22.393000,,,1,True,82.393,Spa,0
LAW,33.0,MEDIUM,15.0,2.0,0 days 00:01:21.716000,,,1,True,81.716,Spa,0
LAW,34.0,MEDIUM,16.0,2.0,0 days 00:01:21.387000,,,1,True,81.387,Spa,0
LAW,35.0,MEDIUM,17.0,2.0,0 days 00:01:21.043000,,,1,True,81.043,Spa,0
LAW,36.0,MEDIUM,18.0,2.0,0 days 00:01:21.467000,,,1,True,81.467,Spa,0
LAW,37.0,MEDIUM,19.0,2.0,0 days 00:01:21.384000,,,1,True,81.384,Spa,0
LAW,38.0,MEDIUM,20.0,2.0,0 days 00:01:21.202000,,,1,True,81.202,Spa,0
LAW,39.0,MEDIUM,21.0,2.0,0 days 00:01:21.143000,,,1,True,81.143,Spa,0
LAW,40.0,MEDIUM,22.0,2.0,0 days 00:01:21.321000,,,1,True,81.321,Spa,0
LAW,41.0,MEDIUM,23.0,2.0,0 days 00:01:21.400000,,,1,True,81.4,Spa,0
LAW,42.0,MEDIUM,24.0,2.0,0 days 00:01:21.036000,,,1,True,81.036,Spa,0
LAW,43.0,MEDIUM,25.0,2.0,0 days 00:01:21.110000,,,1,True,81.11,Spa,0
LAW,46.0,SOFT,5.0,3.0,0 days 00:01:19.887000,,,1,True,79.887,Spa,0
LAW,47.0,SOFT,6.0,3.0,0 days 00:01:19.611000,,,1,True,79.611,Spa,0
LAW,48.0,SOFT,7.0,3.0,0 days 00:01:19.860000,,,1,True,79.86,Spa,0
LAW,49.0,SOFT,8.0,3.0,0 days 00:01:20.784000,,,1,True,80.784,Spa,0
LAW,50.0,SOFT,9.0,3.0,0 days 00:01:21.891000,,,1,True,81.891,Spa,0
LAW,51.0,SOFT,10.0,3.0,0 days 00:01:22.974000,,,1,True,82.974,Spa,0
LAW,52.0,SOFT,11.0,3.0,0 days 00:01:19.805000,,,1,True,79.805,Spa,0
LAW,53.0,SOFT,12.0,3.0,0 days 00:01:19.986000,,,1,True,79.986,Spa,0
LAW,61.0,SOFT,20.0,3.0,0 days 00:01:20.721000,,,1,True,80.721,Spa,0
LAW,62.0,SOFT,21.0,3.0,0 days 00:01:19.424000,,,1,True,79.424,Spa,0
LAW,63.0,SOFT,22.0,3.0,0 days 00:01:19.887000,,,1,True,79.887,Spa,0
LAW,64.0,SOFT,23.0,3.0,0 days 00:01:19.834000,,,1,True,79.834,Spa,0
LAW,65.0,SOFT,24.0,3.0,0 days 00:01:20.900000,,,1,True,80.9,Spa,0
LAW,66.0,SOFT,25.0,3.0,0 days 00:01:20.015000,,,1,True,80.015,Spa,0
OCO,2.0,SOFT,2.0,1.0,0 days 00:01:23.815000,,,1,True,83.815,Spa,0
OCO,3.0,SOFT,3.0,1.0,0 days 00:01:22.636000,,,1,True,82.636,Spa,0
OCO,4.0,SOFT,4.0,1.0,0 days 00:01:22.373000,,,1,True,82.373,Spa,0
OCO,5.0,SOFT,5.0,1.0,0 days 00:01:22.484000,,,1,True,82.484,Spa,0
OCO,6.0,SOFT,6.0,1.0,0 days 00:01:22.586000,,,1,True,82.586,Spa,0
OCO,7.0,SOFT,7.0,1.0,0 days 00:01:22.280000,,,1,True,82.28,Spa,0
OCO,8.0,SOFT,8.0,1.0,0 days 00:01:22.643000,,,1,True,82.643,Spa,0
OCO,9.0,SOFT,9.0,1.0,0 days 00:01:22.814000,,,1,True,82.814,Spa,0
OCO,10.0,SOFT,10.0,1.0,0 days 00:01:22.833000,,,1,True,82.833,Spa,0
OCO,11.0,SOFT,11.0,1.0,0 days 00:01:22.770000,,,1,True,82.77,Spa,0
OCO,12.0,SOFT,12.0,1.0,0 days 00:01:22.916000,,,1,True,82.916,Spa,0
OCO,13.0,SOFT,13.0,1.0,0 days 00:01:24.063000,,,1,True,84.063,Spa,0
OCO,14.0,SOFT,14.0,1.0,0 days 00:01:24.388000,,,1,True,84.388,Spa,0
OCO,15.0,SOFT,15.0,1.0,0 days 00:01:23.590000,,,1,True,83.59,Spa,0
OCO,16.0,SOFT,16.0,1.0,0 days 00:01:22.357000,,,1,True,82.357,Spa,0
OCO,17.0,SOFT,17.0,1.0,0 days 00:01:23.264000,,,1,True,83.264,Spa,0
OCO,18.0,SOFT,18.0,1.0,0 days 00:01:23.040000,,,1,True,83.04,Spa,0
OCO,19.0,SOFT,19.0,1.0,0 days 00:01:24.345000,,,1,True,84.345,Spa,0
OCO,22.0,MEDIUM,2.0,2.0,0 days 00:01:20.553000,,,1,True,80.553,Spa,0
OCO,23.0,MEDIUM,3.0,2.0,0 days 00:01:20.793000,,,1,True,80.793,Spa,0
OCO,24.0,MEDIUM,4.0,2.0,0 days 00:01:21.025000,,,1,True,81.025,Spa,0
OCO,25.0,MEDIUM,5.0,2.0,0 days 00:01:22.556000,,,1,True,82.556,Spa,0
OCO,26.0,MEDIUM,6.0,2.0,0 days 00:01:21.239000,,,1,True,81.239,Spa,0
OCO,27.0,MEDIUM,7.0,2.0,0 days 00:01:21.248000,,,1,True,81.248,Spa,0
OCO,28.0,MEDIUM,8.0,2.0,0 days 00:01:20.959000,,,1,True,80.959,Spa,0
OCO,29.0,MEDIUM,9.0,2.0,0 days 00:01:21.229000,,,1,True,81.229,Spa,0
OCO,30.0,MEDIUM,10.0,2.0,0 days 00:01:21.122000,,,1,True,81.122,Spa,0
OCO,31.0,MEDIUM,11.0,2.0,0 days 00:01:21.692000,,,1,True,81.692,Spa,0
OCO,32.0,MEDIUM,12.0,2.0,0 days 00:01:21.617000,,,1,True,81.617,Spa,0
OCO,33.0,MEDIUM,13.0,2.0,0 days 00:01:21.600000,,,1,True,81.6,Spa,0
OCO,34.0,MEDIUM,14.0,2.0,0 days 00:01:22.657000,,,1,True,82.657,Spa,0
OCO,35.0,MEDIUM,15.0,2.0,0 days 00:01:21.466000,,,1,True,81.466,Spa,0
OCO,36.0,MEDIUM,16.0,2.0,0 days 00:01:21.311000,,,1,True,81.311,Spa,0
OCO,37.0,MEDIUM,17.0,2.0,0 days 00:01:21.480000,,,1,True,81.48,Spa,0
OCO,38.0,MEDIUM,18.0,2.0,0 days 00:01:22.832000,,,1,True,82.832,Spa,0
OCO,39.0,MEDIUM,19.0,2.0,0 days 00:01:23.090000,,,1,True,83.09,Spa,0
OCO,40.0,MEDIUM,20.0,2.0,0 days 00:01:22.804000,,,1,True,82.804,Spa,0
OCO,41.0,MEDIUM,21.0,2.0,0 days 00:01:21.214000,,,1,True,81.214,Spa,0
OCO,42.0,MEDIUM,22.0,2.0,0 days 00:01:21.688000,,,1,True,81.688,Spa,0
OCO,45.0,MEDIUM,2.0,3.0,0 days 00:01:20.252000,,,1,True,80.252,Spa,0
OCO,46.0,MEDIUM,3.0,3.0,0 days 00:01:18.624000,,,1,True,78.624,Spa,0
OCO,47.0,MEDIUM,4.0,3.0,0 days 00:01:21.418000,,,1,True,81.418,Spa,0
OCO,48.0,MEDIUM,5.0,3.0,0 days 00:01:19.540000,,,1,True,79.54,Spa,0
OCO,49.0,MEDIUM,6.0,3.0,0 days 00:01:19.294000,,,1,True,79.294,Spa,0
OCO,50.0,MEDIUM,7.0,3.0,0 days 00:01:19.549000,,,1,True,79.549,Spa,0
OCO,51.0,MEDIUM,8.0,3.0,0 days 00:01:19.826000,,,1,True,79.826,Spa,0
OCO,52.0,MEDIUM,9.0,3.0,0 days 00:01:19.897000,,,1,True,79.897,Spa,0
OCO,53.0,MEDIUM,10.0,3.0,0 days 00:01:19.950000,,,1,True,79.95,Spa,0
OCO,61.0,MEDIUM,18.0,3.0,0 days 00:01:22.116000,,,1,True,82.116,Spa,0
OCO,62.0,MEDIUM,19.0,3.0,0 days 00:01:20.164000,,,1,True,80.164,Spa,0
OCO,63.0,MEDIUM,20.0,3.0,0 days 00:01:20.781000,,,1,True,80.781,Spa,0
OCO,64.0,MEDIUM,21.0,3.0,0 days 00:01:21.171000,,,1,True,81.171,Spa,0
OCO,65.0,MEDIUM,22.0,3.0,0 days 00:01:21.445000,,,1,True,81.445,Spa,0
OCO,66.0,MEDIUM,23.0,3.0,0 days 00:01:21.201000,,,1,True,81.201,Spa,0
NOR,2.0,SOFT,2.0,1.0,0 days 00:01:20.904000,,,1,True,80.904,Spa,0
NOR,3.0,SOFT,3.0,1.0,0 days 00:01:20.690000,,,1,True,80.69,Spa,0
NOR,4.0,SOFT,4.0,1.0,0 days 00:01:20.800000,,,1,True,80.8,Spa,0
NOR,5.0,SOFT,5.0,1.0,0 days 00:01:20.644000,,,1,True,80.644,Spa,0
NOR,6.0,SOFT,6.0,1.0,0 days 00:01:20.713000,,,1,True,80.713,Spa,0
NOR,7.0,SOFT,7.0,1.0,0 days 00:01:20.837000,,,1,True,80.837,Spa,0
NOR,8.0,SOFT,8.0,1.0,0 days 00:01:20.902000,,,1,True,80.902,Spa,0
NOR,9.0,SOFT,9.0,1.0,0 days 00:01:20.950000,,,1,True,80.95,Spa,0
NOR,10.0,SOFT,10.0,1.0,0 days 00:01:20.929000,,,1,True,80.929,Spa,0
NOR,11.0,SOFT,11.0,1.0,0 days 00:01:20.959000,,,1,True,80.959,Spa,0
NOR,12.0,SOFT,12.0,1.0,0 days 00:01:21.461000,,,1,True,81.461,Spa,0
NOR,13.0,SOFT,13.0,1.0,0 days 00:01:20.531000,,,1,True,80.531,Spa,0
NOR,14.0,SOFT,14.0,1.0,0 days 00:01:20.658000,,,1,True,80.658,Spa,0
NOR,15.0,SOFT,15.0,1.0,0 days 00:01:20.926000,,,1,True,80.926,Spa,0
NOR,16.0,SOFT,16.0,1.0,0 days 00:01:20.666000,,,1,True,80.666,Spa,0
NOR,17.0,SOFT,17.0,1.0,0 days 00:01:20.846000,,,1,True,80.846,Spa,0
NOR,18.0,SOFT,18.0,1.0,0 days 00:01:20.918000,,,1,True,80.918,Spa,0
NOR,19.0,SOFT,19.0,1.0,0 days 00:01:21.089000,,,1,True,81.089,Spa,0
NOR,20.0,SOFT,20.0,1.0,0 days 00:01:21.578000,,,1,True,81.578,Spa,0
NOR,23.0,MEDIUM,2.0,2.0,0 days 00:01:19.844000,,,1,True,79.844,Spa,0
NOR,24.0,MEDIUM,3.0,2.0,0 days 00:01:19.841000,,,1,True,79.841,Spa,0
NOR,25.0,MEDIUM,4.0,2.0,0 days 00:01:19.917000,,,1,True,79.917,Spa,0
NOR,26.0,MEDIUM,5.0,2.0,0 days 00:01:19.912000,,,1,True,79.912,Spa,0
NOR,27.0,MEDIUM,6.0,2.0,0 days 00:01:19.968000,,,1,True,79.968,Spa,0
NOR,28.0,MEDIUM,7.0,2.0,0 days 00:01:19.799000,,,1,True,79.799,Spa,0
NOR,29.0,MEDIUM,8.0,2.0,0 days 00:01:20.016000,,,1,True,80.016,Spa,0
NOR,30.0,MEDIUM,9.0,2.0,0 days 00:01:19.989000,,,1,True,79.989,Spa,0
NOR,31.0,MEDIUM,10.0,2.0,0 days 00:01:20.318000,,,1,True,80.318,Spa,0
NOR,32.0,MEDIUM,11.0,2.0,0 days 00:01:20.066000,,,1,True,80.066,Spa,0
NOR,33.0,MEDIUM,12.0,2.0,0 days 00:01:19.902000,,,1,True,79.902,Spa,0
NOR,34.0,MEDIUM,13.0,2.0,0 days 00:01:19.913000,,,1,True,79.913,Spa,0
NOR,35.0,MEDIUM,14.0,2.0,0 days 00:01:19.854000,,,1,True,79.854,Spa,0
NOR,36.0,MEDIUM,15.0,2.0,0 days 00:01:19.612000,,,1,True,79.612,Spa,0
NOR,37.0,MEDIUM,16.0,2.0,0 days 00:01:19.650000,,,1,True,79.65,Spa,0
NOR,38.0,MEDIUM,17.0,2.0,0 days 00:01:20.101000,,,1,True,80.101,Spa,0
NOR,39.0,MEDIUM,18.0,2.0,0 days 00:01:19.449000,,,1,True,79.449,Spa,0
NOR,40.0,MEDIUM,19.0,2.0,0 days 00:01:19.851000,,,1,True,79.851,Spa,0
NOR,41.0,MEDIUM,20.0,2.0,0 days 00:01:20.568000,,,1,True,80.568,Spa,0
NOR,42.0,MEDIUM,21.0,2.0,0 days 00:01:19.941000,,,1,True,79.941,Spa,0
NOR,43.0,MEDIUM,22.0,2.0,0 days 00:01:19.824000,,,1,True,79.824,Spa,0
NOR,44.0,MEDIUM,23.0,2.0,0 days 00:01:19.984000,,,1,True,79.984,Spa,0
NOR,45.0,MEDIUM,24.0,2.0,0 days 00:01:20.426000,,,1,True,80.426,Spa,0
NOR,46.0,MEDIUM,25.0,2.0,0 days 00:01:20.027000,,,1,True,80.027,Spa,0
NOR,47.0,MEDIUM,26.0,2.0,0 days 00:01:20.082000,,,1,True,80.082,Spa,0
NOR,50.0,SOFT,5.0,3.0,0 days 00:01:17.304000,,,1,True,77.304,Spa,0
NOR,51.0,SOFT,6.0,3.0,0 days 00:01:18.315000,,,1,True,78.315,Spa,0
NOR,52.0,SOFT,7.0,3.0,0 days 00:01:19.034000,,,1,True,79.034,Spa,0
NOR,53.0,SOFT,8.0,3.0,0 days 00:01:18.345000,,,1,True,78.345,Spa,0
NOR,54.0,SOFT,9.0,3.0,0 days 00:01:18.114000,,,1,True,78.114,Spa,0
NOR,61.0,SOFT,9.0,4.0,0 days 00:01:16.187000,,,1,True,76.187,Spa,0
NOR,62.0,SOFT,10.0,4.0,0 days 00:01:16.214000,,,1,True,76.214,Spa,0
NOR,63.0,SOFT,11.0,4.0,0 days 00:01:16.716000,,,1,True,76.716,Spa,0
NOR,64.0,SOFT,12.0,4.0,0 days 00:01:16.863000,,,1,True,76.863,Spa,0
NOR,65.0,SOFT,13.0,4.0,0 days 00:01:17.505000,,,1,True,77.505,Spa,0
NOR,66.0,SOFT,14.0,4.0,0 days 00:01:17.519000,,,1,True,77.519,Spa,0
COL,2.0,SOFT,2.0,1.0,0 days 00:01:23.993000,,,1,True,83.993,Spa,0
COL,3.0,SOFT,3.0,1.0,0 days 00:01:23.061000,,,1,True,83.061,Spa,0
COL,4.0,SOFT,4.0,1.0,0 days 00:01:22.402000,,,1,True,82.402,Spa,0
COL,5.0,SOFT,5.0,1.0,0 days 00:01:22.336000,,,1,True,82.336,Spa,0
COL,6.0,SOFT,6.0,1.0,0 days 00:01:22.776000,,,1,True,82.776,Spa,0
COL,7.0,SOFT,7.0,1.0,0 days 00:01:23.079000,,,1,True,83.079,Spa,0
COL,8.0,SOFT,8.0,1.0,0 days 00:01:23.385000,,,1,True,83.385,Spa,0
COL,9.0,SOFT,9.0,1.0,0 days 00:01:23.094000,,,1,True,83.094,Spa,0
COL,10.0,SOFT,10.0,1.0,0 days 00:01:22.147000,,,1,True,82.147,Spa,0
COL,11.0,SOFT,11.0,1.0,0 days 00:01:23.044000,,,1,True,83.044,Spa,0
COL,12.0,SOFT,12.0,1.0,0 days 00:01:23.037000,,,1,True,83.037,Spa,0
COL,13.0,SOFT,13.0,1.0,0 days 00:01:23.742000,,,1,True,83.742,Spa,0
COL,16.0,MEDIUM,2.0,2.0,0 days 00:01:21.386000,,,1,True,81.386,Spa,0
COL,17.0,MEDIUM,3.0,2.0,0 days 00:01:21.625000,,,1,True,81.625,Spa,0
COL,18.0,MEDIUM,4.0,2.0,0 days 00:01:22.805000,,,1,True,82.805,Spa,0
COL,19.0,MEDIUM,5.0,2.0,0 days 00:01:22.359000,,,1,True,82.359,Spa,0
COL,20.0,MEDIUM,6.0,2.0,0 days 00:01:22.388000,,,1,True,82.388,Spa,0
COL,21.0,MEDIUM,7.0,2.0,0 days 00:01:22.649000,,,1,True,82.649,Spa,0
COL,22.0,MEDIUM,8.0,2.0,0 days 00:01:22.541000,,,1,True,82.541,Spa,0
COL,23.0,MEDIUM,9.0,2.0,0 days 00:01:22.562000,,,1,True,82.562,Spa,0
COL,24.0,MEDIUM,10.0,2.0,0 days 00:01:22.707000,,,1,True,82.707,Spa,0
COL,25.0,MEDIUM,11.0,2.0,0 days 00:01:23.729000,,,1,True,83.729,Spa,0
COL,26.0,MEDIUM,12.0,2.0,0 days 00:01:23.997000,,,1,True,83.997,Spa,0
COL,27.0,MEDIUM,13.0,2.0,0 days 00:01:22.766000,,,1,True,82.766,Spa,0
COL,28.0,MEDIUM,14.0,2.0,0 days 00:01:22.499000,,,1,True,82.499,Spa,0
COL,29.0,MEDIUM,15.0,2.0,0 days 00:01:23.503000,,,1,True,83.503,Spa,0
COL,30.0,MEDIUM,16.0,2.0,0 days 00:01:22.645000,,,1,True,82.645,Spa,0
COL,31.0,MEDIUM,17.0,2.0,0 days 00:01:22.593000,,,1,True,82.593,Spa,0
COL,32.0,MEDIUM,18.0,2.0,0 days 00:01:23.257000,,,1,True,83.257,Spa,0
COL,33.0,MEDIUM,19.0,2.0,0 days 00:01:24.241000,,,1,True,84.241,Spa,0
COL,34.0,MEDIUM,20.0,2.0,0 days 00:01:23.956000,,,1,True,83.956,Spa,0
COL,35.0,MEDIUM,21.0,2.0,0 days 00:01:22.315000,,,1,True,82.315,Spa,0
COL,36.0,MEDIUM,22.0,2.0,0 days 00:01:25.365000,,,1,True,85.365,Spa,0
COL,37.0,MEDIUM,23.0,2.0,0 days 00:01:23.395000,,,1,True,83.395,Spa,0
COL,38.0,MEDIUM,24.0,2.0,0 days 00:01:22.679000,,,1,True,82.679,Spa,0
COL,41.0,SOFT,2.0,3.0,0 days 00:01:18.353000,,,1,True,78.353,Spa,0
COL,42.0,SOFT,3.0,3.0,0 days 00:01:22.116000,,,1,True,82.116,Spa,0
COL,43.0,SOFT,4.0,3.0,0 days 00:01:20.805000,,,1,True,80.805,Spa,0
COL,44.0,SOFT,5.0,3.0,0 days 00:01:21.025000,,,1,True,81.025,Spa,0
COL,45.0,SOFT,6.0,3.0,0 days 00:01:21.050000,,,1,True,81.05,Spa,0
COL,46.0,SOFT,7.0,3.0,0 days 00:01:20.728000,,,1,True,80.728,Spa,0
COL,47.0,SOFT,8.0,3.0,0 days 00:01:20.273000,,,1,True,80.273,Spa,0
COL,48.0,SOFT,9.0,3.0,0 days 00:01:22.164000,,,1,True,82.164,Spa,0
COL,49.0,SOFT,10.0,3.0,0 days 00:01:20.105000,,,1,True,80.105,Spa,0
COL,50.0,SOFT,11.0,3.0,0 days 00:01:20.056000,,,1,True,80.056,Spa,0
COL,51.0,SOFT,12.0,3.0,0 days 00:01:20.076000,,,1,True,80.076,Spa,0
COL,52.0,SOFT,13.0,3.0,0 days 00:01:20.120000,,,1,True,80.12,Spa,0
COL,53.0,SOFT,14.0,3.0,0 days 00:01:20.080000,,,12,True,80.08,Spa,0
COL,61.0,SOFT,8.0,4.0,0 days 00:01:22.072000,,,1,True,82.072,Spa,0
COL,62.0,SOFT,9.0,4.0,0 days 00:01:20.401000,,,1,True,80.401,Spa,0
COL,63.0,SOFT,10.0,4.0,0 days 00:01:20.276000,,,1,True,80.276,Spa,0
COL,64.0,SOFT,11.0,4.0,0 days 00:01:20.536000,,,1,True,80.536,Spa,0
COL,65.0,SOFT,12.0,4.0,0 days 00:01:20.343000,,,1,True,80.343,Spa,0
COL,66.0,SOFT,13.0,4.0,0 days 00:01:19.978000,,,1,True,79.978,Spa,0
HAM,2.0,SOFT,5.0,1.0,0 days 00:01:21.368000,,,1,True,81.368,Spa,0
HAM,3.0,SOFT,6.0,1.0,0 days 00:01:20.753000,,,1,True,80.753,Spa,0
HAM,4.0,SOFT,7.0,1.0,0 days 00:01:20.639000,,,1,True,80.639,Spa,0
HAM,5.0,SOFT,8.0,1.0,0 days 00:01:21.109000,,,1,True,81.109,Spa,0
HAM,6.0,SOFT,9.0,1.0,0 days 00:01:21.565000,,,1,True,81.565,Spa,0
HAM,7.0,SOFT,10.0,1.0,0 days 00:01:21.623000,,,1,True,81.623,Spa,0
HAM,8.0,SOFT,11.0,1.0,0 days 00:01:21.929000,,,1,True,81.929,Spa,0
HAM,9.0,SOFT,12.0,1.0,0 days 00:01:21.974000,,,1,True,81.974,Spa,0
HAM,10.0,SOFT,13.0,1.0,0 days 00:01:23.068000,,,1,True,83.068,Spa,0
HAM,11.0,SOFT,14.0,1.0,0 days 00:01:21.552000,,,1,True,81.552,Spa,0
HAM,12.0,SOFT,15.0,1.0,0 days 00:01:21.615000,,,1,True,81.615,Spa,0
HAM,13.0,SOFT,16.0,1.0,0 days 00:01:21.828000,,,1,True,81.828,Spa,0
HAM,14.0,SOFT,17.0,1.0,0 days 00:01:22.320000,,,1,True,82.32,Spa,0
HAM,15.0,SOFT,18.0,1.0,0 days 00:01:21.869000,,,1,True,81.869,Spa,0
HAM,18.0,MEDIUM,2.0,2.0,0 days 00:01:20.948000,,,1,True,80.948,Spa,0
HAM,19.0,MEDIUM,3.0,2.0,0 days 00:01:21.348000,,,1,True,81.348,Spa,0
HAM,20.0,MEDIUM,4.0,2.0,0 days 00:01:20.755000,,,1,True,80.755,Spa,0
HAM,21.0,MEDIUM,5.0,2.0,0 days 00:01:20.545000,,,1,True,80.545,Spa,0
HAM,22.0,MEDIUM,6.0,2.0,0 days 00:01:20.280000,,,1,True,80.28,Spa,0
HAM,23.0,MEDIUM,7.0,2.0,0 days 00:01:20.030000,,,1,True,80.03,Spa,0
HAM,24.0,MEDIUM,8.0,2.0,0 days 00:01:20.304000,,,1,True,80.304,Spa,0
HAM,25.0,MEDIUM,9.0,2.0,0 days 00:01:20.509000,,,1,True,80.509,Spa,0
HAM,26.0,MEDIUM,10.0,2.0,0 days 00:01:20.648000,,,1,True,80.648,Spa,0
HAM,27.0,MEDIUM,11.0,2.0,0 days 00:01:20.426000,,,1,True,80.426,Spa,0
HAM,28.0,MEDIUM,12.0,2.0,0 days 00:01:20.480000,,,1,True,80.48,Spa,0
HAM,29.0,MEDIUM,13.0,2.0,0 days 00:01:20.206000,,,1,True,80.206,Spa,0
HAM,30.0,MEDIUM,14.0,2.0,0 days 00:01:21.183000,,,1,True,81.183,Spa,0
HAM,31.0,MEDIUM,15.0,2.0,0 days 00:01:20.343000,,,1,True,80.343,Spa,0
HAM,32.0,MEDIUM,16.0,2.0,0 days 00:01:20.317000,,,1,True,80.317,Spa,0
HAM,33.0,MEDIUM,17.0,2.0,0 days 00:01:20.257000,,,1,True,80.257,Spa,0
HAM,34.0,MEDIUM,18.0,2.0,0 days 00:01:20.286000,,,1,True,80.286,Spa,0
HAM,35.0,MEDIUM,19.0,2.0,0 days 00:01:20.283000,,,1,True,80.283,Spa,0
HAM,36.0,MEDIUM,20.0,2.0,0 days 00:01:20.452000,,,1,True,80.452,Spa,0
HAM,37.0,MEDIUM,21.0,2.0,0 days 00:01:20.784000,,,1,True,80.784,Spa,0
HAM,38.0,MEDIUM,22.0,2.0,0 days 00:01:20.512000,,,1,True,80.512,Spa,0
HAM,39.0,MEDIUM,23.0,2.0,0 days 00:01:20.699000,,,1,True,80.699,Spa,0
HAM,40.0,MEDIUM,24.0,2.0,0 days 00:01:20.770000,,,1,True,80.77,Spa,0
HAM,41.0,MEDIUM,25.0,2.0,0 days 00:01:20.553000,,,1,True,80.553,Spa,0
HAM,42.0,MEDIUM,26.0,2.0,0 days 00:01:20.849000,,,1,True,80.849,Spa,0
HAM,43.0,MEDIUM,27.0,2.0,0 days 00:01:21.029000,,,1,True,81.029,Spa,0
HAM,44.0,MEDIUM,28.0,2.0,0 days 00:01:20.930000,,,1,True,80.93,Spa,0
HAM,45.0,MEDIUM,29.0,2.0,0 days 00:01:21.412000,,,1,True,81.412,Spa,0
HAM,48.0,SOFT,5.0,3.0,0 days 00:01:18.335000,,,1,True,78.335,Spa,0
HAM,49.0,SOFT,6.0,3.0,0 days 00:01:18.598000,,,1,True,78.598,Spa,0
HAM,50.0,SOFT,7.0,3.0,0 days 00:01:18.344000,,,1,True,78.344,Spa,0
HAM,51.0,SOFT,8.0,3.0,0 days 00:01:18.722000,,,1,True,78.722,Spa,0
HAM,52.0,SOFT,9.0,3.0,0 days 00:01:18.645000,,,1,True,78.645,Spa,0
HAM,53.0,SOFT,10.0,3.0,0 days 00:01:19.160000,,,1,True,79.16,Spa,0
HAM,54.0,SOFT,11.0,3.0,0 days 00:01:19.257000,,,1,True,79.257,Spa,0
HAM,61.0,SOFT,9.0,4.0,0 days 00:01:19.362000,,,1,True,79.362,Spa,0
HAM,62.0,SOFT,10.0,4.0,0 days 00:01:17.706000,,,1,True,77.706,Spa,0
HAM,63.0,SOFT,11.0,4.0,0 days 00:01:17.939000,,,1,True,77.939,Spa,0
HAM,64.0,SOFT,12.0,4.0,0 days 00:01:18.833000,,,1,True,78.833,Spa,0
HAM,65.0,SOFT,13.0,4.0,0 days 00:01:19.738000,,,1,True,79.738,Spa,0
HAM,66.0,SOFT,14.0,4.0,0 days 00:01:19.034000,,,1,True,79.034,Spa,0
BOR,2.0,SOFT,5.0,1.0,0 days 00:01:23.275000,,,1,True,83.275,Spa,0
BOR,3.0,SOFT,6.0,1.0,0 days 00:01:22.493000,,,1,True,82.493,Spa,0
BOR,4.0,SOFT,7.0,1.0,0 days 00:01:22.114000,,,1,True,82.114,Spa,0
BOR,5.0,SOFT,8.0,1.0,0 days 00:01:22.130000,,,1,True,82.13,Spa,0
BOR,6.0,SOFT,9.0,1.0,0 days 00:01:22.166000,,,1,True,82.166,Spa,0
BOR,7.0,SOFT,10.0,1.0,0 days 00:01:22.531000,,,1,True,82.531,Spa,0
BOR,8.0,SOFT,11.0,1.0,0 days 00:01:23.133000,,,1,True,83.133,Spa,0
BOR,9.0,SOFT,12.0,1.0,0 days 00:01:23.248000,,,1,True,83.248,Spa,0
BOR,10.0,SOFT,13.0,1.0,0 days 00:01:22.659000,,,1,True,82.659,Spa,0
BOR,11.0,SOFT,14.0,1.0,0 days 00:01:22.506000,,,1,True,82.506,Spa,0
BOR,12.0,SOFT,15.0,1.0,0 days 00:01:23.318000,,,1,True,83.318,Spa,0
BOR,13.0,SOFT,16.0,1.0,0 days 00:01:24.556000,,,1,True,84.556,Spa,0
BOR,14.0,SOFT,17.0,1.0,0 days 00:01:23.066000,,,1,True,83.066,Spa,0
BOR,15.0,SOFT,18.0,1.0,0 days 00:01:23.295000,,,1,True,83.295,Spa,0
BOR,16.0,SOFT,19.0,1.0,0 days 00:01:23.056000,,,1,True,83.056,Spa,0
BOR,17.0,SOFT,20.0,1.0,0 days 00:01:24.138000,,,1,True,84.138,Spa,0
BOR,18.0,SOFT,21.0,1.0,0 days 00:01:23.443000,,,1,True,83.443,Spa,0
BOR,21.0,MEDIUM,2.0,2.0,0 days 00:01:21.974000,,,1,True,81.974,Spa,0
BOR,22.0,MEDIUM,3.0,2.0,0 days 00:01:21.164000,,,1,True,81.164,Spa,0
BOR,23.0,MEDIUM,4.0,2.0,0 days 00:01:21.452000,,,1,True,81.452,Spa,0
BOR,24.0,MEDIUM,5.0,2.0,0 days 00:01:21.483000,,,1,True,81.483,Spa,0
BOR,25.0,MEDIUM,6.0,2.0,0 days 00:01:21.192000,,,1,True,81.192,Spa,0
BOR,26.0,MEDIUM,7.0,2.0,0 days 00:01:21.225000,,,1,True,81.225,Spa,0
BOR,27.0,MEDIUM,8.0,2.0,0 days 00:01:20.999000,,,1,True,80.999,Spa,0
BOR,28.0,MEDIUM,9.0,2.0,0 days 00:01:21.159000,,,1,True,81.159,Spa,0
BOR,29.0,MEDIUM,10.0,2.0,0 days 00:01:21.540000,,,1,True,81.54,Spa,0
BOR,30.0,MEDIUM,11.0,2.0,0 days 00:01:21.448000,,,1,True,81.448,Spa,0
BOR,31.0,MEDIUM,12.0,2.0,0 days 00:01:21.612000,,,1,True,81.612,Spa,0
BOR,32.0,MEDIUM,13.0,2.0,0 days 00:01:22.119000,,,1,True,82.119,Spa,0
BOR,33.0,MEDIUM,14.0,2.0,0 days 00:01:21.904000,,,1,True,81.904,Spa,0
BOR,34.0,MEDIUM,15.0,2.0,0 days 00:01:21.874000,,,1,True,81.874,Spa,0
BOR,35.0,MEDIUM,16.0,2.0,0 days 00:01:21.666000,,,1,True,81.666,Spa,0
BOR,36.0,MEDIUM,17.0,2.0,0 days 00:01:21.104000,,,1,True,81.104,Spa,0
BOR,37.0,MEDIUM,18.0,2.0,0 days 00:01:21.163000,,,1,True,81.163,Spa,0
BOR,38.0,MEDIUM,19.0,2.0,0 days 00:01:21.432000,,,1,True,81.432,Spa,0
BOR,39.0,MEDIUM,20.0,2.0,0 days 00:01:21.004000,,,1,True,81.004,Spa,0
BOR,40.0,MEDIUM,21.0,2.0,0 days 00:01:20.881000,,,1,True,80.881,Spa,0
BOR,41.0,MEDIUM,22.0,2.0,0 days 00:01:21.106000,,,1,True,81.106,Spa,0
BOR,42.0,MEDIUM,23.0,2.0,0 days 00:01:21.291000,,,1,True,81.291,Spa,0
BOR,43.0,MEDIUM,24.0,2.0,0 days 00:01:23.179000,,,1,True,83.179,Spa,0
BOR,44.0,MEDIUM,25.0,2.0,0 days 00:01:23.274000,,,1,True,83.274,Spa,0
BOR,45.0,MEDIUM,26.0,2.0,0 days 00:01:21.547000,,,1,True,81.547,Spa,0
BOR,46.0,MEDIUM,27.0,2.0,0 days 00:01:24.398000,,,1,True,84.398,Spa,0
BOR,47.0,MEDIUM,28.0,2.0,0 days 00:01:21.519000,,,1,True,81.519,Spa,0
BOR,48.0,MEDIUM,29.0,2.0,0 days 00:01:21.264000,,,1,True,81.264,Spa,0
BOR,51.0,SOFT,2.0,3.0,0 days 00:01:18.297000,,,1,True,78.297,Spa,0
BOR,52.0,SOFT,3.0,3.0,0 days 00:01:19.386000,,,1,True,79.386,Spa,0
BOR,53.0,SOFT,4.0,3.0,0 days 00:01:19.454000,,,1,True,79.454,Spa,0
BOR,61.0,SOFT,12.0,3.0,0 days 00:01:20.362000,,,1,True,80.362,Spa,0
BOR,62.0,SOFT,13.0,3.0,0 days 00:01:19.563000,,,1,True,79.563,Spa,0
BOR,63.0,SOFT,14.0,3.0,0 days 00:01:19.979000,,,1,True,79.979,Spa,0
BOR,64.0,SOFT,15.0,3.0,0 days 00:01:20.544000,,,1,True,80.544,Spa,0
BOR,65.0,SOFT,16.0,3.0,0 days 00:01:20.291000,,,1,True,80.291,Spa,0
BOR,66.0,SOFT,17.0,3.0,0 days 00:01:19.685000,,,1,True,79.685,Spa,0
SAI,2.0,SOFT,2.0,1.0,0 days 00:01:23.851000,,,1,True,83.851,Spa,0
SAI,3.0,SOFT,3.0,1.0,0 days 00:01:22.905000,,,1,True,82.905,Spa,0
SAI,4.0,SOFT,4.0,1.0,0 days 00:01:22.370000,,,1,True,82.37,Spa,0
SAI,5.0,SOFT,5.0,1.0,0 days 00:01:22.470000,,,1,True,82.47,Spa,0
SAI,6.0,SOFT,6.0,1.0,0 days 00:01:22.836000,,,1,True,82.836,Spa,0
SAI,7.0,SOFT,7.0,1.0,0 days 00:01:22.908000,,,1,True,82.908,Spa,0
SAI,8.0,SOFT,8.0,1.0,0 days 00:01:23.405000,,,1,True,83.405,Spa,0
SAI,11.0,SOFT,2.0,2.0,0 days 00:01:21.101000,,,1,True,81.101,Spa,0
SAI,12.0,SOFT,3.0,2.0,0 days 00:01:21.020000,,,1,True,81.02,Spa,0
SAI,13.0,SOFT,4.0,2.0,0 days 00:01:21.568000,,,1,True,81.568,Spa,0
SAI,14.0,SOFT,5.0,2.0,0 days 00:01:21.456000,,,1,True,81.456,Spa,0
SAI,15.0,SOFT,6.0,2.0,0 days 00:01:21.298000,,,1,True,81.298,Spa,0
SAI,16.0,SOFT,7.0,2.0,0 days 00:01:21.320000,,,1,True,81.32,Spa,0
SAI,17.0,SOFT,8.0,2.0,0 days 00:01:21.579000,,,1,True,81.579,Spa,0
SAI,18.0,SOFT,9.0,2.0,0 days 00:01:23.128000,,,1,True,83.128,Spa,0
SAI,19.0,SOFT,10.0,2.0,0 days 00:01:22.008000,,,1,True,82.008,Spa,0
SAI,20.0,SOFT,11.0,2.0,0 days 00:01:21.894000,,,1,True,81.894,Spa,0
SAI,21.0,SOFT,12.0,2.0,0 days 00:01:21.853000,,,1,True,81.853,Spa,0
SAI,22.0,SOFT,13.0,2.0,0 days 00:01:21.938000,,,1,True,81.938,Spa,0
SAI,23.0,SOFT,14.0,2.0,0 days 00:01:21.862000,,,1,True,81.862,Spa,0
SAI,24.0,SOFT,15.0,2.0,0 days 00:01:21.697000,,,1,True,81.697,Spa,0
SAI,25.0,SOFT,16.0,2.0,0 days 00:01:21.867000,,,1,True,81.867,Spa,0
SAI,26.0,SOFT,17.0,2.0,0 days 00:01:21.915000,,,1,True,81.915,Spa,0
SAI,27.0,SOFT,18.0,2.0,0 days 00:01:21.686000,,,1,True,81.686,Spa,0
SAI,28.0,SOFT,19.0,2.0,0 days 00:01:21.877000,,,1,True,81.877,Spa,0
SAI,29.0,SOFT,20.0,2.0,0 days 00:01:22.105000,,,1,True,82.105,Spa,0
SAI,30.0,SOFT,21.0,2.0,0 days 00:01:21.918000,,,1,True,81.918,Spa,0
SAI,31.0,SOFT,22.0,2.0,0 days 00:01:22.026000,,,1,True,82.026,Spa,0
SAI,32.0,SOFT,23.0,2.0,0 days 00:01:21.993000,,,1,True,81.993,Spa,0
SAI,33.0,SOFT,24.0,2.0,0 days 00:01:22.290000,,,1,True,82.29,Spa,0
SAI,36.0,MEDIUM,2.0,3.0,0 days 00:01:21.478000,,,1,True,81.478,Spa,0
SAI,37.0,MEDIUM,3.0,3.0,0 days 00:01:20.724000,,,1,True,80.724,Spa,0
SAI,38.0,MEDIUM,4.0,3.0,0 days 00:01:20.961000,,,1,True,80.961,Spa,0
SAI,39.0,MEDIUM,5.0,3.0,0 days 00:01:21.112000,,,1,True,81.112,Spa,0
SAI,40.0,MEDIUM,6.0,3.0,0 days 00:01:20.557000,,,1,True,80.557,Spa,0
SAI,41.0,MEDIUM,7.0,3.0,0 days 00:01:20.485000,,,1,True,80.485,Spa,0
SAI,42.0,MEDIUM,8.0,3.0,0 days 00:01:20.583000,,,1,True,80.583,Spa,0
SAI,43.0,MEDIUM,9.0,3.0,0 days 00:01:21.481000,,,1,True,81.481,Spa,0
SAI,44.0,MEDIUM,10.0,3.0,0 days 00:01:20.821000,,,1,True,80.821,Spa,0
SAI,45.0,MEDIUM,11.0,3.0,0 days 00:01:20.673000,,,1,True,80.673,Spa,0
SAI,46.0,MEDIUM,12.0,3.0,0 days 00:01:20.588000,,,1,True,80.588,Spa,0
SAI,47.0,MEDIUM,13.0,3.0,0 days 00:01:20.378000,,,1,True,80.378,Spa,0
SAI,48.0,MEDIUM,14.0,3.0,0 days 00:01:20.500000,,,1,True,80.5,Spa,0
SAI,49.0,MEDIUM,15.0,3.0,0 days 00:01:21.614000,,,1,True,81.614,Spa,0
SAI,50.0,MEDIUM,16.0,3.0,0 days 00:01:20.402000,,,1,True,80.402,Spa,0
SAI,51.0,MEDIUM,17.0,3.0,0 days 00:01:20.494000,,,1,True,80.494,Spa,0
SAI,52.0,MEDIUM,18.0,3.0,0 days 00:01:20.603000,,,1,True,80.603,Spa,0
SAI,53.0,MEDIUM,19.0,3.0,0 days 00:01:20.417000,,,1,True,80.417,Spa,0
SAI,61.0,SOFT,6.0,4.0,0 days 00:01:21.632000,,,1,True,81.632,Spa,0
SAI,62.0,SOFT,7.0,4.0,0 days 00:01:20.530000,,,1,True,80.53,Spa,0
SAI,63.0,SOFT,8.0,4.0,0 days 00:01:20.214000,,,1,True,80.214,Spa,0
SAI,64.0,SOFT,9.0,4.0,0 days 00:01:20.650000,,,1,True,80.65,Spa,0
SAI,65.0,SOFT,10.0,4.0,0 days 00:01:19.317000,,,1,True,79.317,Spa,0
SAI,66.0,SOFT,11.0,4.0,0 days 00:01:19.899000,,,1,True,79.899,Spa,0
HAD,2.0,SOFT,5.0,1.0,0 days 00:01:22.858000,,,1,True,82.858,Spa,0
HAD,3.0,SOFT,6.0,1.0,0 days 00:01:21.972000,,,1,True,81.972,Spa,0
HAD,4.0,SOFT,7.0,1.0,0 days 00:01:21.781000,,,1,True,81.781,Spa,0
HAD,5.0,SOFT,8.0,1.0,0 days 00:01:21.647000,,,1,True,81.647,Spa,0
HAD,6.0,SOFT,9.0,1.0,0 days 00:01:21.820000,,,1,True,81.82,Spa,0
HAD,7.0,SOFT,10.0,1.0,0 days 00:01:22.164000,,,1,True,82.164,Spa,0
HAD,8.0,SOFT,11.0,1.0,0 days 00:01:22.317000,,,1,True,82.317,Spa,0
HAD,9.0,SOFT,12.0,1.0,0 days 00:01:22.106000,,,1,True,82.106,Spa,0
HAD,10.0,SOFT,13.0,1.0,0 days 00:01:22.171000,,,1,True,82.171,Spa,0
HAD,11.0,SOFT,14.0,1.0,0 days 00:01:21.893000,,,1,True,81.893,Spa,0
HAD,12.0,SOFT,15.0,1.0,0 days 00:01:21.966000,,,1,True,81.966,Spa,0
HAD,13.0,SOFT,16.0,1.0,0 days 00:01:22.176000,,,1,True,82.176,Spa,0
HAD,14.0,SOFT,17.0,1.0,0 days 00:01:22.235000,,,1,True,82.235,Spa,0
HAD,15.0,SOFT,18.0,1.0,0 days 00:01:22.539000,,,1,True,82.539,Spa,0
HAD,16.0,SOFT,19.0,1.0,0 days 00:01:22.316000,,,1,True,82.316,Spa,0
HAD,17.0,SOFT,20.0,1.0,0 days 00:01:22.553000,,,1,True,82.553,Spa,0
HAD,18.0,SOFT,21.0,1.0,0 days 00:01:22.581000,,,1,True,82.581,Spa,0
HAD,21.0,MEDIUM,2.0,2.0,0 days 00:01:20.720000,,,1,True,80.72,Spa,0
HAD,22.0,MEDIUM,3.0,2.0,0 days 00:01:21.418000,,,1,True,81.418,Spa,0
HAD,23.0,MEDIUM,4.0,2.0,0 days 00:01:21.467000,,,1,True,81.467,Spa,0
HAD,24.0,MEDIUM,5.0,2.0,0 days 00:01:21.367000,,,1,True,81.367,Spa,0
HAD,25.0,MEDIUM,6.0,2.0,0 days 00:01:21.183000,,,1,True,81.183,Spa,0
HAD,26.0,MEDIUM,7.0,2.0,0 days 00:01:21.315000,,,1,True,81.315,Spa,0
HAD,27.0,MEDIUM,8.0,2.0,0 days 00:01:20.979000,,,1,True,80.979,Spa,0
HAD,28.0,MEDIUM,9.0,2.0,0 days 00:01:21.005000,,,1,True,81.005,Spa,0
HAD,29.0,MEDIUM,10.0,2.0,0 days 00:01:20.651000,,,1,True,80.651,Spa,0
HAD,30.0,MEDIUM,11.0,2.0,0 days 00:01:20.858000,,,1,True,80.858,Spa,0
HAD,31.0,MEDIUM,12.0,2.0,0 days 00:01:20.909000,,,1,True,80.909,Spa,0
HAD,32.0,MEDIUM,13.0,2.0,0 days 00:01:20.781000,,,1,True,80.781,Spa,0
HAD,33.0,MEDIUM,14.0,2.0,0 days 00:01:20.907000,,,1,True,80.907,Spa,0
HAD,34.0,MEDIUM,15.0,2.0,0 days 00:01:20.954000,,,1,True,80.954,Spa,0
HAD,35.0,MEDIUM,16.0,2.0,0 days 00:01:21.023000,,,1,True,81.023,Spa,0
HAD,36.0,MEDIUM,17.0,2.0,0 days 00:01:21.135000,,,1,True,81.135,Spa,0
HAD,37.0,MEDIUM,18.0,2.0,0 days 00:01:21.070000,,,1,True,81.07,Spa,0
HAD,38.0,MEDIUM,19.0,2.0,0 days 00:01:20.912000,,,1,True,80.912,Spa,0
HAD,39.0,MEDIUM,20.0,2.0,0 days 00:01:20.738000,,,1,True,80.738,Spa,0
HAD,40.0,MEDIUM,21.0,2.0,0 days 00:01:20.977000,,,1,True,80.977,Spa,0
HAD,41.0,MEDIUM,22.0,2.0,0 days 00:01:20.989000,,,1,True,80.989,Spa,0
HAD,42.0,MEDIUM,23.0,2.0,0 days 00:01:21.110000,,,1,True,81.11,Spa,0
HAD,43.0,MEDIUM,24.0,2.0,0 days 00:01:21.033000,,,1,True,81.033,Spa,0
HAD,44.0,MEDIUM,25.0,2.0,0 days 00:01:20.842000,,,1,True,80.842,Spa,0
HAD,45.0,MEDIUM,26.0,2.0,0 days 00:01:20.882000,,,1,True,80.882,Spa,0
HAD,46.0,MEDIUM,27.0,2.0,0 days 00:01:20.875000,,,1,True,80.875,Spa,0
HAD,47.0,MEDIUM,28.0,2.0,0 days 00:01:21.963000,,,1,True,81.963,Spa,0
HAD,50.0,SOFT,5.0,3.0,0 days 00:01:20.047000,,,1,True,80.047,Spa,0
HAD,51.0,SOFT,6.0,3.0,0 days 00:01:19.611000,,,1,True,79.611,Spa,0
HAD,52.0,SOFT,7.0,3.0,0 days 00:01:19.702000,,,1,True,79.702,Spa,0
HAD,53.0,SOFT,8.0,3.0,0 days 00:01:19.595000,,,1,True,79.595,Spa,0
HAD,61.0,SOFT,9.0,4.0,0 days 00:01:20.227000,,,1,True,80.227,Spa,0
HAD,62.0,SOFT,10.0,4.0,0 days 00:01:18.376000,,,1,True,78.376,Spa,0
HAD,63.0,SOFT,11.0,4.0,0 days 00:01:17.770000,,,1,True,77.77,Spa,0
HAD,64.0,SOFT,12.0,4.0,0 days 00:01:18.511000,,,1,True,78.511,Spa,0
HAD,65.0,SOFT,13.0,4.0,0 days 00:01:18.801000,,,1,True,78.801,Spa,0
HAD,66.0,SOFT,14.0,4.0,0 days 00:01:18.961000,,,1,True,78.961,Spa,0
RUS,2.0,SOFT,5.0,1.0,0 days 00:01:21.564000,,,1,True,81.564,Spa,0
RUS,3.0,SOFT,6.0,1.0,0 days 00:01:21.385000,,,1,True,81.385,Spa,0
RUS,4.0,SOFT,7.0,1.0,0 days 00:01:21.126000,,,1,True,81.126,Spa,0
RUS,5.0,SOFT,8.0,1.0,0 days 00:01:21.130000,,,1,True,81.13,Spa,0
RUS,6.0,SOFT,9.0,1.0,0 days 00:01:21.383000,,,1,True,81.383,Spa,0
RUS,7.0,SOFT,10.0,1.0,0 days 00:01:21.684000,,,1,True,81.684,Spa,0
RUS,8.0,SOFT,11.0,1.0,0 days 00:01:21.738000,,,1,True,81.738,Spa,0
RUS,9.0,SOFT,12.0,1.0,0 days 00:01:22.136000,,,1,True,82.136,Spa,0
RUS,10.0,SOFT,13.0,1.0,0 days 00:01:22.081000,,,1,True,82.081,Spa,0
RUS,11.0,SOFT,14.0,1.0,0 days 00:01:21.472000,,,1,True,81.472,Spa,0
RUS,12.0,SOFT,15.0,1.0,0 days 00:01:21.625000,,,1,True,81.625,Spa,0
RUS,13.0,SOFT,16.0,1.0,0 days 00:01:22.055000,,,1,True,82.055,Spa,0
RUS,14.0,SOFT,17.0,1.0,0 days 00:01:22.339000,,,1,True,82.339,Spa,0
RUS,15.0,SOFT,18.0,1.0,0 days 00:01:21.968000,,,1,True,81.968,Spa,0
RUS,16.0,SOFT,19.0,1.0,0 days 00:01:21.547000,,,1,True,81.547,Spa,0
RUS,17.0,SOFT,20.0,1.0,0 days 00:01:21.382000,,,1,True,81.382,Spa,0
RUS,18.0,SOFT,21.0,1.0,0 days 00:01:21.732000,,,1,True,81.732,Spa,0
RUS,19.0,SOFT,22.0,1.0,0 days 00:01:22.971000,,,1,True,82.971,Spa,0
RUS,22.0,MEDIUM,2.0,2.0,0 days 00:01:19.163000,,,1,True,79.163,Spa,0
RUS,23.0,MEDIUM,3.0,2.0,0 days 00:01:19.512000,,,1,True,79.512,Spa,0
RUS,24.0,MEDIUM,4.0,2.0,0 days 00:01:20.074000,,,1,True,80.074,Spa,0
RUS,25.0,MEDIUM,5.0,2.0,0 days 00:01:20.411000,,,1,True,80.411,Spa,0
RUS,26.0,MEDIUM,6.0,2.0,0 days 00:01:20.592000,,,1,True,80.592,Spa,0
RUS,27.0,MEDIUM,7.0,2.0,0 days 00:01:20.311000,,,1,True,80.311,Spa,0
RUS,28.0,MEDIUM,8.0,2.0,0 days 00:01:20.726000,,,1,True,80.726,Spa,0
RUS,29.0,MEDIUM,9.0,2.0,0 days 00:01:20.349000,,,1,True,80.349,Spa,0
RUS,30.0,MEDIUM,10.0,2.0,0 days 00:01:20.427000,,,1,True,80.427,Spa,0
RUS,31.0,MEDIUM,11.0,2.0,0 days 00:01:20.421000,,,1,True,80.421,Spa,0
RUS,32.0,MEDIUM,12.0,2.0,0 days 00:01:20.533000,,,1,True,80.533,Spa,0
RUS,33.0,MEDIUM,13.0,2.0,0 days 00:01:20.669000,,,1,True,80.669,Spa,0
RUS,34.0,MEDIUM,14.0,2.0,0 days 00:01:20.421000,,,1,True,80.421,Spa,0
RUS,35.0,MEDIUM,15.0,2.0,0 days 00:01:20.619000,,,1,True,80.619,Spa,0
RUS,36.0,MEDIUM,16.0,2.0,0 days 00:01:20.368000,,,1,True,80.368,Spa,0
RUS,37.0,MEDIUM,17.0,2.0,0 days 00:01:20.537000,,,1,True,80.537,Spa,0
RUS,38.0,MEDIUM,18.0,2.0,0 days 00:01:20.524000,,,1,True,80.524,Spa,0
RUS,39.0,MEDIUM,19.0,2.0,0 days 00:01:20.499000,,,1,True,80.499,Spa,0
RUS,40.0,MEDIUM,20.0,2.0,0 days 00:01:20.888000,,,1,True,80.888,Spa,0
RUS,43.0,SOFT,2.0,3.0,0 days 00:01:18.437000,,,1,True,78.437,Spa,0
RUS,44.0,SOFT,3.0,3.0,0 days 00:01:19.079000,,,1,True,79.079,Spa,0
RUS,45.0,SOFT,4.0,3.0,0 days 00:01:19.176000,,,1,True,79.176,Spa,0
RUS,46.0,SOFT,5.0,3.0,0 days 00:01:19.351000,,,1,True,79.351,Spa,0
RUS,47.0,SOFT,6.0,3.0,0 days 00:01:19.393000,,,1,True,79.393,Spa,0
RUS,48.0,SOFT,7.0,3.0,0 days 00:01:19.047000,,,1,True,79.047,Spa,0
RUS,49.0,SOFT,8.0,3.0,0 days 00:01:19.121000,,,1,True,79.121,Spa,0
RUS,50.0,SOFT,9.0,3.0,0 days 00:01:19.416000,,,1,True,79.416,Spa,0
RUS,51.0,SOFT,10.0,3.0,0 days 00:01:19.471000,,,1,True,79.471,Spa,0
RUS,52.0,SOFT,11.0,3.0,0 days 00:01:19.280000,,,1,True,79.28,Spa,0
RUS,53.0,SOFT,12.0,3.0,0 days 00:01:19.426000,,,1,True,79.426,Spa,0
RUS,54.0,SOFT,13.0,3.0,0 days 00:01:19.578000,,,1,True,79.578,Spa,0
RUS,61.0,SOFT,9.0,4.0,0 days 00:01:18.843000,,,1,True,78.843,Spa,0
RUS,62.0,SOFT,10.0,4.0,0 days 00:01:17.244000,,,1,True,77.244,Spa,0
RUS,63.0,SOFT,11.0,4.0,0 days 00:01:17.594000,,,1,True,77.594,Spa,0
RUS,64.0,SOFT,12.0,4.0,0 days 00:01:18.793000,,,1,True,78.793,Spa,0
RUS,65.0,SOFT,13.0,4.0,0 days 00:01:17.749000,,,1,True,77.749,Spa,0
RUS,66.0,SOFT,14.0,4.0,0 days 00:01:18.569000,,,1,True,78.569,Spa,0
PIA,2.0,SOFT,2.0,1.0,0 days 00:01:20.211000,,,1,True,80.211,Spa,0
PIA,3.0,SOFT,3.0,1.0,0 days 00:01:19.866000,,,1,True,79.866,Spa,0
PIA,4.0,SOFT,4.0,1.0,0 days 00:01:20.359000,,,1,True,80.359,Spa,0
PIA,5.0,SOFT,5.0,1.0,0 days 00:01:20.467000,,,1,True,80.467,Spa,0
PIA,6.0,SOFT,6.0,1.0,0 days 00:01:20.254000,,,1,True,80.254,Spa,0
PIA,7.0,SOFT,7.0,1.0,0 days 00:01:20.931000,,,1,True,80.931,Spa,0
PIA,8.0,SOFT,8.0,1.0,0 days 00:01:20.828000,,,1,True,80.828,Spa,0
PIA,9.0,SOFT,9.0,1.0,0 days 00:01:20.767000,,,1,True,80.767,Spa,0
PIA,10.0,SOFT,10.0,1.0,0 days 00:01:20.890000,,,1,True,80.89,Spa,0
PIA,11.0,SOFT,11.0,1.0,0 days 00:01:21.136000,,,1,True,81.136,Spa,0
PIA,12.0,SOFT,12.0,1.0,0 days 00:01:21.091000,,,1,True,81.091,Spa,0
PIA,13.0,SOFT,13.0,1.0,0 days 00:01:21.033000,,,1,True,81.033,Spa,0
PIA,14.0,SOFT,14.0,1.0,0 days 00:01:20.780000,,,1,True,80.78,Spa,0
PIA,15.0,SOFT,15.0,1.0,0 days 00:01:20.804000,,,1,True,80.804,Spa,0
PIA,16.0,SOFT,16.0,1.0,0 days 00:01:20.659000,,,1,True,80.659,Spa,0
PIA,17.0,SOFT,17.0,1.0,0 days 00:01:20.657000,,,1,True,80.657,Spa,0
PIA,18.0,SOFT,18.0,1.0,0 days 00:01:20.693000,,,1,True,80.693,Spa,0
PIA,19.0,SOFT,19.0,1.0,0 days 00:01:20.850000,,,1,True,80.85,Spa,0
PIA,20.0,SOFT,20.0,1.0,0 days 00:01:21.126000,,,1,True,81.126,Spa,0
PIA,21.0,SOFT,21.0,1.0,0 days 00:01:21.471000,,,1,True,81.471,Spa,0
PIA,24.0,MEDIUM,2.0,2.0,0 days 00:01:19.985000,,,1,True,79.985,Spa,0
PIA,25.0,MEDIUM,3.0,2.0,0 days 00:01:19.850000,,,1,True,79.85,Spa,0
PIA,26.0,MEDIUM,4.0,2.0,0 days 00:01:19.913000,,,1,True,79.913,Spa,0
PIA,27.0,MEDIUM,5.0,2.0,0 days 00:01:19.749000,,,1,True,79.749,Spa,0
PIA,28.0,MEDIUM,6.0,2.0,0 days 00:01:19.904000,,,1,True,79.904,Spa,0
PIA,29.0,MEDIUM,7.0,2.0,0 days 00:01:19.919000,,,1,True,79.919,Spa,0
PIA,30.0,MEDIUM,8.0,2.0,0 days 00:01:19.807000,,,1,True,79.807,Spa,0
PIA,31.0,MEDIUM,9.0,2.0,0 days 00:01:19.719000,,,1,True,79.719,Spa,0
PIA,32.0,MEDIUM,10.0,2.0,0 days 00:01:19.983000,,,1,True,79.983,Spa,0
PIA,33.0,MEDIUM,11.0,2.0,0 days 00:01:20.387000,,,1,True,80.387,Spa,0
PIA,34.0,MEDIUM,12.0,2.0,0 days 00:01:20.474000,,,1,True,80.474,Spa,0
PIA,35.0,MEDIUM,13.0,2.0,0 days 00:01:20.150000,,,1,True,80.15,Spa,0
PIA,36.0,MEDIUM,14.0,2.0,0 days 00:01:20.129000,,,1,True,80.129,Spa,0
PIA,37.0,MEDIUM,15.0,2.0,0 days 00:01:20.457000,,,1,True,80.457,Spa,0
PIA,38.0,MEDIUM,16.0,2.0,0 days 00:01:19.681000,,,1,True,79.681,Spa,0
PIA,39.0,MEDIUM,17.0,2.0,0 days 00:01:19.945000,,,1,True,79.945,Spa,0
PIA,40.0,MEDIUM,18.0,2.0,0 days 00:01:20.293000,,,1,True,80.293,Spa,0
PIA,41.0,MEDIUM,19.0,2.0,0 days 00:01:20.125000,,,1,True,80.125,Spa,0
PIA,42.0,MEDIUM,20.0,2.0,0 days 00:01:20.141000,,,1,True,80.141,Spa,0
PIA,43.0,MEDIUM,21.0,2.0,0 days 00:01:19.489000,,,1,True,79.489,Spa,0
PIA,44.0,MEDIUM,22.0,2.0,0 days 00:01:19.694000,,,1,True,79.694,Spa,0
PIA,45.0,MEDIUM,23.0,2.0,0 days 00:01:19.438000,,,1,True,79.438,Spa,0
PIA,46.0,MEDIUM,24.0,2.0,0 days 00:01:19.235000,,,1,True,79.235,Spa,0
PIA,47.0,MEDIUM,25.0,2.0,0 days 00:01:19.630000,,,1,True,79.63,Spa,0
PIA,48.0,MEDIUM,26.0,2.0,0 days 00:01:19.378000,,,1,True,79.378,Spa,0
PIA,51.0,SOFT,5.0,3.0,0 days 00:01:18.780000,,,1,True,78.78,Spa,0
PIA,52.0,SOFT,6.0,3.0,0 days 00:01:18.796000,,,1,True,78.796,Spa,0
PIA,53.0,SOFT,7.0,3.0,0 days 00:01:17.885000,,,1,True,77.885,Spa,0
PIA,54.0,SOFT,8.0,3.0,0 days 00:01:17.766000,,,1,True,77.766,Spa,0
PIA,61.0,SOFT,9.0,4.0,0 days 00:01:15.743000,,,1,True,75.743,Spa,0
PIA,62.0,SOFT,10.0,4.0,0 days 00:01:15.933000,,,1,True,75.933,Spa,0
PIA,63.0,SOFT,11.0,4.0,0 days 00:01:16.377000,,,1,True,76.377,Spa,0
PIA,64.0,SOFT,12.0,4.0,0 days 00:01:16.580000,,,1,True,76.58,Spa,0
PIA,65.0,SOFT,13.0,4.0,0 days 00:01:16.994000,,,1,True,76.994,Spa,0
PIA,66.0,SOFT,14.0,4.0,0 days 00:01:17.445000,,,1,True,77.445,Spa,0
BEA,2.0,SOFT,2.0,1.0,0 days 00:01:23.868000,,,1,True,83.868,Spa,0
BEA,3.0,SOFT,3.0,1.0,0 days 00:01:22.603000,,,1,True,82.603,Spa,0
BEA,4.0,SOFT,4.0,1.0,0 days 00:01:22.344000,,,1,True,82.344,Spa,0
BEA,5.0,SOFT,5.0,1.0,0 days 00:01:22.177000,,,1,True,82.177,Spa,0
BEA,6.0,SOFT,6.0,1.0,0 days 00:01:22.587000,,,1,True,82.587,Spa,0
BEA,7.0,SOFT,7.0,1.0,0 days 00:01:22.068000,,,1,True,82.068,Spa,0
BEA,10.0,MEDIUM,2.0,2.0,0 days 00:01:20.386000,,,1,True,80.386,Spa,0
BEA,11.0,MEDIUM,3.0,2.0,0 days 00:01:21.715000,,,1,True,81.715,Spa,0
BEA,12.0,MEDIUM,4.0,2.0,0 days 00:01:22.380000,,,1,True,82.38,Spa,0
BEA,13.0,MEDIUM,5.0,2.0,0 days 00:01:22.327000,,,1,True,82.327,Spa,0
BEA,14.0,MEDIUM,6.0,2.0,0 days 00:01:22.444000,,,1,True,82.444,Spa,0
BEA,15.0,MEDIUM,7.0,2.0,0 days 00:01:22.126000,,,1,True,82.126,Spa,0
BEA,16.0,MEDIUM,8.0,2.0,0 days 00:01:21.646000,,,1,True,81.646,Spa,0
BEA,17.0,MEDIUM,9.0,2.0,0 days 00:01:21.777000,,,1,True,81.777,Spa,0
BEA,18.0,MEDIUM,10.0,2.0,0 days 00:01:22.312000,,,1,True,82.312,Spa,0
BEA,19.0,MEDIUM,11.0,2.0,0 days 00:01:22.410000,,,1,True,82.41,Spa,0
BEA,20.0,MEDIUM,12.0,2.0,0 days 00:01:23.758000,,,1,True,83.758,Spa,0
BEA,21.0,MEDIUM,13.0,2.0,0 days 00:01:22.287000,,,1,True,82.287,Spa,0
BEA,22.0,MEDIUM,14.0,2.0,0 days 00:01:22.339000,,,1,True,82.339,Spa,0
BEA,23.0,MEDIUM,15.0,2.0,0 days 00:01:22.529000,,,1,True,82.529,Spa,0
BEA,24.0,MEDIUM,16.0,2.0,0 days 00:01:22.515000,,,1,True,82.515,Spa,0
BEA,25.0,MEDIUM,17.0,2.0,0 days 00:01:21.911000,,,1,True,81.911,Spa,0
BEA,26.0,MEDIUM,18.0,2.0,0 days 00:01:22.059000,,,1,True,82.059,Spa,0
BEA,27.0,MEDIUM,19.0,2.0,0 days 00:01:21.802000,,,1,True,81.802,Spa,0
BEA,28.0,MEDIUM,20.0,2.0,0 days 00:01:21.671000,,,1,True,81.671,Spa,0
BEA,29.0,MEDIUM,21.0,2.0,0 days 00:01:21.576000,,,1,True,81.576,Spa,0
BEA,30.0,MEDIUM,22.0,2.0,0 days 00:01:21.748000,,,1,True,81.748,Spa,0
BEA,31.0,MEDIUM,23.0,2.0,0 days 00:01:23.130000,,,1,True,83.13,Spa,0
BEA,32.0,MEDIUM,24.0,2.0,0 days 00:01:21.870000,,,1,True,81.87,Spa,0
BEA,33.0,MEDIUM,25.0,2.0,0 days 00:01:21.860000,,,1,True,81.86,Spa,0
BEA,34.0,MEDIUM,26.0,2.0,0 days 00:01:21.902000,,,1,True,81.902,Spa,0
BEA,37.0,MEDIUM,2.0,3.0,0 days 00:01:22.683000,,,1,True,82.683,Spa,0
BEA,38.0,MEDIUM,3.0,3.0,0 days 00:01:20.856000,,,1,True,80.856,Spa,0
BEA,39.0,MEDIUM,4.0,3.0,0 days 00:01:20.508000,,,1,True,80.508,Spa,0
BEA,40.0,MEDIUM,5.0,3.0,0 days 00:01:20.849000,,,1,True,80.849,Spa,0
BEA,41.0,MEDIUM,6.0,3.0,0 days 00:01:20.615000,,,1,True,80.615,Spa,0
BEA,42.0,MEDIUM,7.0,3.0,0 days 00:01:20.455000,,,1,True,80.455,Spa,0
BEA,43.0,MEDIUM,8.0,3.0,0 days 00:01:20.747000,,,1,True,80.747,Spa,0
BEA,44.0,MEDIUM,9.0,3.0,0 days 00:01:20.529000,,,1,True,80.529,Spa,0
BEA,45.0,MEDIUM,10.0,3.0,0 days 00:01:20.579000,,,1,True,80.579,Spa,0
BEA,46.0,MEDIUM,11.0,3.0,0 days 00:01:20.236000,,,1,True,80.236,Spa,0
BEA,47.0,MEDIUM,12.0,3.0,0 days 00:01:20.017000,,,1,True,80.017,Spa,0
BEA,48.0,MEDIUM,13.0,3.0,0 days 00:01:20.963000,,,1,True,80.963,Spa,0
BEA,49.0,MEDIUM,14.0,3.0,0 days 00:01:20.718000,,,1,True,80.718,Spa,0
BEA,50.0,MEDIUM,15.0,3.0,0 days 00:01:21.975000,,,1,True,81.975,Spa,0
BEA,51.0,MEDIUM,16.0,3.0,0 days 00:01:22.963000,,,1,True,82.963,Spa,0
BEA,52.0,MEDIUM,17.0,3.0,0 days 00:01:22.704000,,,1,True,82.704,Spa,0
BEA,53.0,MEDIUM,18.0,3.0,0 days 00:01:20.958000,,,1,True,80.958,Spa,0
BEA,61.0,SOFT,13.0,4.0,0 days 00:01:21.477000,,,1,True,81.477,Spa,0
BEA,62.0,SOFT,14.0,4.0,0 days 00:01:20.255000,,,1,True,80.255,Spa,0
BEA,63.0,SOFT,15.0,4.0,0 days 00:01:18.907000,,,1,True,78.907,Spa,0
BEA,64.0,SOFT,16.0,4.0,0 days 00:01:20.300000,,,1,True,80.3,Spa,0
BEA,65.0,SOFT,17.0,4.0,0 days 00:01:20.082000,,,1,True,80.082,Spa,0
BEA,66.0,SOFT,18.0,4.0,0 days 00:01:19.675000,,,1,True,79.675,Spa,0
VER,2.0,MEDIUM,2.0,1.0,0 days 00:01:33.943000,,,1,True,93.943,Suzuka,0
VER,3.0,MEDIUM,3.0,1.0,0 days 00:01:33.639000,,,1,True,93.639,Suzuka,0
VER,4.0,MEDIUM,4.0,1.0,0 days 00:01:33.744000,,,1,True,93.744,Suzuka,0
VER,5.0,MEDIUM,5.0,1.0,0 days 00:01:33.776000,,,1,True,93.776,Suzuka,0
VER,6.0,MEDIUM,6.0,1.0,0 days 00:01:33.646000,,,1,True,93.646,Suzuka,0
VER,7.0,MEDIUM,7.0,1.0,0 days 00:01:33.526000,,,1,True,93.526,Suzuka,0
VER,8.0,MEDIUM,8.0,1.0,0 days 00:01:33.536000,,,1,True,93.536,Suzuka,0
VER,9.0,MEDIUM,9.0,1.0,0 days 00:01:33.529000,,,1,True,93.529,Suzuka,0
VER,10.0,MEDIUM,10.0,1.0,0 days 00:01:33.555000,,,1,True,93.555,Suzuka,0
VER,11.0,MEDIUM,11.0,1.0,0 days 00:01:33.498000,,,1,True,93.498,Suzuka,0
VER,12.0,MEDIUM,12.0,1.0,0 days 00:01:33.643000,,,1,True,93.643,Suzuka,0
VER,13.0,MEDIUM,13.0,1.0,0 days 00:01:33.640000,,,1,True,93.64,Suzuka,0
VER,14.0,MEDIUM,14.0,1.0,0 days 00:01:33.380000,,,1,True,93.38,Suzuka,0
VER,15.0,MEDIUM,15.0,1.0,0 days 00:01:33.368000,,,1,True,93.368,Suzuka,0
VER,16.0,MEDIUM,16.0,1.0,0 days 00:01:33.431000,,,1,True,93.431,Suzuka,0
VER,17.0,MEDIUM,17.0,1.0,0 days 00:01:33.542000,,,1,True,93.542,Suzuka,0
VER,18.0,MEDIUM,18.0,1.0,0 days 00:01:33.353000,,,1,True,93.353,Suzuka,0
VER,19.0,MEDIUM,19.0,1.0,0 days 00:01:33.358000,,,1,True,93.358,Suzuka,0
VER,20.0,MEDIUM,20.0,1.0,0 days 00:01:33.064000,,,1,True,93.064,Suzuka,0
VER,23.0,HARD,2.0,2.0,0 days 00:01:32.682000,,,1,True,92.682,Suzuka,0
VER,24.0,HARD,3.0,2.0,0 days 00:01:32.291000,,,1,True,92.291,Suzuka,0
VER,25.0,HARD,4.0,2.0,0 days 00:01:32.506000,,,1,True,92.506,Suzuka,0
VER,26.0,HARD,5.0,2.0,0 days 00:01:32.448000,,,1,True,92.448,Suzuka,0
VER,27.0,HARD,6.0,2.0,0 days 00:01:32.346000,,,1,True,92.346,Suzuka,0
VER,28.0,HARD,7.0,2.0,0 days 00:01:32.463000,,,1,True,92.463,Suzuka,0
VER,29.0,HARD,8.0,2.0,0 days 00:01:32.148000,,,1,True,92.148,Suzuka,0
VER,30.0,HARD,9.0,2.0,0 days 00:01:32.646000,,,1,True,92.646,Suzuka,0
VER,31.0,HARD,10.0,2.0,0 days 00:01:31.734000,,,1,True,91.734,Suzuka,0
VER,32.0,HARD,11.0,2.0,0 days 00:01:32.033000,,,1,True,92.033,Suzuka,0
VER,33.0,HARD,12.0,2.0,0 days 00:01:31.814000,,,1,True,91.814,Suzuka,0
VER,34.0,HARD,13.0,2.0,0 days 00:01:31.782000,,,1,True,91.782,Suzuka,0
VER,35.0,HARD,14.0,2.0,0 days 00:01:32.010000,,,1,True,92.01,Suzuka,0
VER,36.0,HARD,15.0,2.0,0 days 00:01:31.758000,,,1,True,91.758,Suzuka,0
VER,37.0,HARD,16.0,2.0,0 days 00:01:31.739000,,,1,True,91.739,Suzuka,0
VER,38.0,HARD,17.0,2.0,0 days 00:01:31.788000,,,1,True,91.788,Suzuka,0
VER,39.0,HARD,18.0,2.0,0 days 00:01:31.779000,,,1,True,91.779,Suzuka,0
VER,40.0,HARD,19.0,2.0,0 days 00:01:31.513000,,,1,True,91.513,Suzuka,0
VER,41.0,HARD,20.0,2.0,0 days 00:01:31.580000,,,1,True,91.58,Suzuka,0
VER,42.0,HARD,21.0,2.0,0 days 00:01:31.468000,,,1,True,91.468,Suzuka,0
VER,43.0,HARD,22.0,2.0,0 days 00:01:31.441000,,,1,True,91.441,Suzuka,0
VER,44.0,HARD,23.0,2.0,0 days 00:01:31.601000,,,1,True,91.601,Suzuka,0
VER,45.0,HARD,24.0,2.0,0 days 00:01:31.604000,,,1,True,91.604,Suzuka,0
VER,46.0,HARD,25.0,2.0,0 days 00:01:31.467000,,,1,True,91.467,Suzuka,0
VER,47.0,HARD,26.0,2.0,0 days 00:01:31.377000,,,1,True,91.377,Suzuka,0
VER,48.0,HARD,27.0,2.0,0 days 00:01:31.358000,,,1,True,91.358,Suzuka,0
VER,49.0,HARD,28.0,2.0,0 days 00:01:31.275000,,,1,True,91.275,Suzuka,0
VER,50.0,HARD,29.0,2.0,0 days 00:01:31.364000,,,1,True,91.364,Suzuka,0
VER,51.0,HARD,30.0,2.0,0 days 00:01:31.185000,,,1,True,91.185,Suzuka,0
VER,52.0,HARD,31.0,2.0,0 days 00:01:31.041000,,,1,True,91.041,Suzuka,0
VER,53.0,HARD,32.0,2.0,0 days 00:01:31.548000,,,1,True,91.548,Suzuka,0
NOR,2.0,MEDIUM,2.0,1.0,0 days 00:01:33.947000,,,1,True,93.947,Suzuka,0
NOR,3.0,MEDIUM,3.0,1.0,0 days 00:01:33.789000,,,1,True,93.789,Suzuka,0
NOR,4.0,MEDIUM,4.0,1.0,0 days 00:01:33.838000,,,1,True,93.838,Suzuka,0
NOR,5.0,MEDIUM,5.0,1.0,0 days 00:01:33.947000,,,1,True,93.947,Suzuka,0
NOR,6.0,MEDIUM,6.0,1.0,0 days 00:01:33.936000,,,1,True,93.936,Suzuka,0
NOR,7.0,MEDIUM,7.0,1.0,0 days 00:01:33.820000,,,1,True,93.82,Suzuka,0
NOR,8.0,MEDIUM,8.0,1.0,0 days 00:01:33.588000,,,1,True,93.588,Suzuka,0
NOR,9.0,MEDIUM,9.0,1.0,0 days 00:01:33.512000,,,1,True,93.512,Suzuka,0
NOR,10.0,MEDIUM,10.0,1.0,0 days 00:01:33.648000,,,1,True,93.648,Suzuka,0
NOR,11.0,MEDIUM,11.0,1.0,0 days 00:01:33.574000,,,1,True,93.574,Suzuka,0
NOR,12.0,MEDIUM,12.0,1.0,0 days 00:01:33.465000,,,1,True,93.465,Suzuka,0
NOR,13.0,MEDIUM,13.0,1.0,0 days 00:01:33.466000,,,1,True,93.466,Suzuka,0
NOR,14.0,MEDIUM,14.0,1.0,0 days 00:01:33.513000,,,1,True,93.513,Suzuka,0
NOR,15.0,MEDIUM,15.0,1.0,0 days 00:01:33.510000,,,1,True,93.51,Suzuka,0
NOR,16.0,MEDIUM,16.0,1.0,0 days 00:01:33.401000,,,1,True,93.401,Suzuka,0
NOR,17.0,MEDIUM,17.0,1.0,0 days 00:01:33.328000,,,1,True,93.328,Suzuka,0
NOR,18.0,MEDIUM,18.0,1.0,0 days 00:01:33.261000,,,1,True,93.261,Suzuka,0
NOR,19.0,MEDIUM,19.0,1.0,0 days 00:01:32.988000,,,1,True,92.988,Suzuka,0
NOR,20.0,MEDIUM,20.0,1.0,0 days 00:01:33.119000,,,1,True,93.119,Suzuka,0
NOR,23.0,HARD,2.0,2.0,0 days 00:01:32.719000,,,1,True,92.719,Suzuka,0
NOR,24.0,HARD,3.0,2.0,0 days 00:01:32.717000,,,1,True,92.717,Suzuka,0
NOR,25.0,HARD,4.0,2.0,0 days 00:01:32.238000,,,1,True,92.238,Suzuka,0
NOR,26.0,HARD,5.0,2.0,0 days 00:01:32.567000,,,1,True,92.567,Suzuka,0
NOR,27.0,HARD,6.0,2.0,0 days 00:01:32.303000,,,1,True,92.303,Suzuka,0
NOR,28.0,HARD,7.0,2.0,0 days 00:01:32.084000,,,1,True,92.084,Suzuka,0
NOR,29.0,HARD,8.0,2.0,0 days 00:01:32.176000,,,1,True,92.176,Suzuka,0
NOR,30.0,HARD,9.0,2.0,0 days 00:01:32.106000,,,1,True,92.106,Suzuka,0
NOR,31.0,HARD,10.0,2.0,0 days 00:01:31.760000,,,1,True,91.76,Suzuka,0
NOR,32.0,HARD,11.0,2.0,0 days 00:01:31.911000,,,1,True,91.911,Suzuka,0
NOR,33.0,HARD,12.0,2.0,0 days 00:01:31.906000,,,1,True,91.906,Suzuka,0
NOR,34.0,HARD,13.0,2.0,0 days 00:01:31.901000,,,1,True,91.901,Suzuka,0
NOR,35.0,HARD,14.0,2.0,0 days 00:01:31.976000,,,1,True,91.976,Suzuka,0
NOR,36.0,HARD,15.0,2.0,0 days 00:01:31.627000,,,1,True,91.627,Suzuka,0
NOR,37.0,HARD,16.0,2.0,0 days 00:01:31.736000,,,1,True,91.736,Suzuka,0
NOR,38.0,HARD,17.0,2.0,0 days 00:01:31.658000,,,1,True,91.658,Suzuka,0
NOR,39.0,HARD,18.0,2.0,0 days 00:01:31.963000,,,1,True,91.963,Suzuka,0
NOR,40.0,HARD,19.0,2.0,0 days 00:01:31.586000,,,1,True,91.586,Suzuka,0
NOR,41.0,HARD,20.0,2.0,0 days 00:01:31.521000,,,1,True,91.521,Suzuka,0
NOR,42.0,HARD,21.0,2.0,0 days 00:01:31.456000,,,1,True,91.456,Suzuka,0
NOR,43.0,HARD,22.0,2.0,0 days 00:01:31.573000,,,1,True,91.573,Suzuka,0
NOR,44.0,HARD,23.0,2.0,0 days 00:01:31.408000,,,1,True,91.408,Suzuka,0
NOR,45.0,HARD,24.0,2.0,0 days 00:01:31.524000,,,1,True,91.524,Suzuka,0
NOR,46.0,HARD,25.0,2.0,0 days 00:01:31.383000,,,1,True,91.383,Suzuka,0
NOR,47.0,HARD,26.0,2.0,0 days 00:01:31.364000,,,1,True,91.364,Suzuka,0
NOR,48.0,HARD,27.0,2.0,0 days 00:01:31.402000,,,1,True,91.402,Suzuka,0
NOR,49.0,HARD,28.0,2.0,0 days 00:01:31.461000,,,1,True,91.461,Suzuka,0
NOR,50.0,HARD,29.0,2.0,0 days 00:01:31.153000,,,1,True,91.153,Suzuka,0
NOR,51.0,HARD,30.0,2.0,0 days 00:01:31.116000,,,1,True,91.116,Suzuka,0
NOR,52.0,HARD,31.0,2.0,0 days 00:01:31.446000,,,1,True,91.446,Suzuka,0
NOR,53.0,HARD,32.0,2.0,0 days 00:01:31.423000,,,1,True,91.423,Suzuka,0
PIA,2.0,MEDIUM,2.0,1.0,0 days 00:01:34.084000,,,1,True,94.084,Suzuka,0
PIA,3.0,MEDIUM,3.0,1.0,0 days 00:01:34.042000,,,1,True,94.042,Suzuka,0
PIA,4.0,MEDIUM,4.0,1.0,0 days 00:01:33.699000,,,1,True,93.699,Suzuka,0
PIA,5.0,MEDIUM,5.0,1.0,0 days 00:01:33.967000,,,1,True,93.967,Suzuka,0
PIA,6.0,MEDIUM,6.0,1.0,0 days 00:01:33.831000,,,1,True,93.831,Suzuka,0
PIA,7.0,MEDIUM,7.0,1.0,0 days 00:01:33.849000,,,1,True,93.849,Suzuka,0
PIA,8.0,MEDIUM,8.0,1.0,0 days 00:01:33.772000,,,1,True,93.772,Suzuka,0
PIA,9.0,MEDIUM,9.0,1.0,0 days 00:01:33.590000,,,1,True,93.59,Suzuka,0
PIA,10.0,MEDIUM,10.0,1.0,0 days 00:01:34.175000,,,1,True,94.175,Suzuka,0
PIA,11.0,MEDIUM,11.0,1.0,0 days 00:01:33.479000,,,1,True,93.479,Suzuka,0
PIA,12.0,MEDIUM,12.0,1.0,0 days 00:01:33.334000,,,1,True,93.334,Suzuka,0
PIA,13.0,MEDIUM,13.0,1.0,0 days 00:01:33.253000,,,1,True,93.253,Suzuka,0
PIA,14.0,MEDIUM,14.0,1.0,0 days 00:01:33.560000,,,1,True,93.56,Suzuka,0
PIA,15.0,MEDIUM,15.0,1.0,0 days 00:01:33.361000,,,1,True,93.361,Suzuka,0
PIA,16.0,MEDIUM,16.0,1.0,0 days 00:01:33.572000,,,1,True,93.572,Suzuka,0
PIA,17.0,MEDIUM,17.0,1.0,0 days 00:01:33.667000,,,1,True,93.667,Suzuka,0
PIA,18.0,MEDIUM,18.0,1.0,0 days 00:01:33.660000,,,1,True,93.66,Suzuka,0
PIA,19.0,MEDIUM,19.0,1.0,0 days 00:01:33.435000,,,1,True,93.435,Suzuka,0
PIA,22.0,HARD,2.0,2.0,0 days 00:01:33.844000,,,1,True,93.844,Suzuka,0
PIA,23.0,HARD,3.0,2.0,0 days 00:01:33.017000,,,1,True,93.017,Suzuka,0
PIA,24.0,HARD,4.0,2.0,0 days 00:01:32.386000,,,1,True,92.386,Suzuka,0
PIA,25.0,HARD,5.0,2.0,0 days 00:01:32.399000,,,1,True,92.399,Suzuka,0
PIA,26.0,HARD,6.0,2.0,0 days 00:01:32.440000,,,1,True,92.44,Suzuka,0
PIA,27.0,HARD,7.0,2.0,0 days 00:01:32.435000,,,1,True,92.435,Suzuka,0
PIA,28.0,HARD,8.0,2.0,0 days 00:01:32.142000,,,1,True,92.142,Suzuka,0
PIA,29.0,HARD,9.0,2.0,0 days 00:01:32.181000,,,1,True,92.181,Suzuka,0
PIA,30.0,HARD,10.0,2.0,0 days 00:01:32.047000,,,1,True,92.047,Suzuka,0
PIA,31.0,HARD,11.0,2.0,0 days 00:01:32.001000,,,1,True,92.001,Suzuka,0
PIA,32.0,HARD,12.0,2.0,0 days 00:01:31.828000,,,1,True,91.828,Suzuka,0
PIA,33.0,HARD,13.0,2.0,0 days 00:01:31.432000,,,1,True,91.432,Suzuka,0
PIA,34.0,HARD,14.0,2.0,0 days 00:01:31.681000,,,1,True,91.681,Suzuka,0
PIA,35.0,HARD,15.0,2.0,0 days 00:01:31.854000,,,1,True,91.854,Suzuka,0
PIA,36.0,HARD,16.0,2.0,0 days 00:01:31.615000,,,1,True,91.615,Suzuka,0
PIA,37.0,HARD,17.0,2.0,0 days 00:01:31.616000,,,1,True,91.616,Suzuka,0
PIA,38.0,HARD,18.0,2.0,0 days 00:01:31.762000,,,1,True,91.762,Suzuka,0
PIA,39.0,HARD,19.0,2.0,0 days 00:01:31.631000,,,1,True,91.631,Suzuka,0
PIA,40.0,HARD,20.0,2.0,0 days 00:01:31.475000,,,1,True,91.475,Suzuka,0
PIA,41.0,HARD,21.0,2.0,0 days 00:01:31.565000,,,1,True,91.565,Suzuka,0
PIA,42.0,HARD,22.0,2.0,0 days 00:01:31.330000,,,1,True,91.33,Suzuka,0
PIA,43.0,HARD,23.0,2.0,0 days 00:01:31.420000,,,1,True,91.42,Suzuka,0
PIA,44.0,HARD,24.0,2.0,0 days 00:01:31.875000,,,1,True,91.875,Suzuka,0
PIA,45.0,HARD,25.0,2.0,0 days 00:01:31.551000,,,1,True,91.551,Suzuka,0
PIA,46.0,HARD,26.0,2.0,0 days 00:01:31.284000,,,1,True,91.284,Suzuka,0
PIA,47.0,HARD,27.0,2.0,0 days 00:01:31.222000,,,1,True,91.222,Suzuka,0
PIA,48.0,HARD,28.0,2.0,0 days 00:01:31.109000,,,1,True,91.109,Suzuka,0
PIA,49.0,HARD,29.0,2.0,0 days 00:01:31.841000,,,1,True,91.841,Suzuka,0
PIA,50.0,HARD,30.0,2.0,0 days 00:01:31.544000,,,1,True,91.544,Suzuka,0
PIA,51.0,HARD,31.0,2.0,0 days 00:01:31.139000,,,1,True,91.139,Suzuka,0
PIA,52.0,HARD,32.0,2.0,0 days 00:01:31.201000,,,1,True,91.201,Suzuka,0
PIA,53.0,HARD,33.0,2.0,0 days 00:01:31.039000,,,1,True,91.039,Suzuka,0
LEC,2.0,MEDIUM,2.0,1.0,0 days 00:01:34.121000,,,1,True,94.121,Suzuka,0
LEC,3.0,MEDIUM,3.0,1.0,0 days 00:01:34.129000,,,1,True,94.129,Suzuka,0
LEC,4.0,MEDIUM,4.0,1.0,0 days 00:01:33.954000,,,1,True,93.954,Suzuka,0
LEC,5.0,MEDIUM,5.0,1.0,0 days 00:01:33.878000,,,1,True,93.878,Suzuka,0
LEC,6.0,MEDIUM,6.0,1.0,0 days 00:01:33.879000,,,1,True,93.879,Suzuka,0
LEC,7.0,MEDIUM,7.0,1.0,0 days 00:01:33.897000,,,1,True,93.897,Suzuka,0
LEC,8.0,MEDIUM,8.0,1.0,0 days 00:01:33.787000,,,1,True,93.787,Suzuka,0
LEC,9.0,MEDIUM,9.0,1.0,0 days 00:01:34.055000,,,1,True,94.055,Suzuka,0
LEC,10.0,MEDIUM,10.0,1.0,0 days 00:01:33.827000,,,1,True,93.827,Suzuka,0
LEC,11.0,MEDIUM,11.0,1.0,0 days 00:01:33.664000,,,1,True,93.664,Suzuka,0
LEC,12.0,MEDIUM,12.0,1.0,0 days 00:01:33.777000,,,1,True,93.777,Suzuka,0
LEC,13.0,MEDIUM,13.0,1.0,0 days 00:01:33.413000,,,1,True,93.413,Suzuka,0
LEC,14.0,MEDIUM,14.0,1.0,0 days 00:01:33.699000,,,1,True,93.699,Suzuka,0
LEC,15.0,MEDIUM,15.0,1.0,0 days 00:01:33.475000,,,1,True,93.475,Suzuka,0
LEC,16.0,MEDIUM,16.0,1.0,0 days 00:01:33.665000,,,1,True,93.665,Suzuka,0
LEC,17.0,MEDIUM,17.0,1.0,0 days 00:01:33.809000,,,1,True,93.809,Suzuka,0
LEC,18.0,MEDIUM,18.0,1.0,0 days 00:01:33.648000,,,1,True,93.648,Suzuka,0
LEC,19.0,MEDIUM,19.0,1.0,0 days 00:01:33.545000,,,1,True,93.545,Suzuka,0
LEC,20.0,MEDIUM,20.0,1.0,0 days 00:01:33.628000,,,1,True,93.628,Suzuka,0
LEC,23.0,HARD,2.0,2.0,0 days 00:01:33.950000,,,1,True,93.95,Suzuka,0
LEC,24.0,HARD,3.0,2.0,0 days 00:01:33.124000,,,1,True,93.124,Suzuka,0
LEC,25.0,HARD,4.0,2.0,0 days 00:01:32.679000,,,1,True,92.679,Suzuka,0
LEC,26.0,HARD,5.0,2.0,0 days 00:01:32.503000,,,1,True,92.503,Suzuka,0
LEC,27.0,HARD,6.0,2.0,0 days 00:01:32.539000,,,1,True,92.539,Suzuka,0
LEC,28.0,HARD,7.0,2.0,0 days 00:01:32.300000,,,1,True,92.3,Suzuka,0
LEC,29.0,HARD,8.0,2.0,0 days 00:01:32.312000,,,1,True,92.312,Suzuka,0
LEC,30.0,HARD,9.0,2.0,0 days 00:01:32.063000,,,1,True,92.063,Suzuka,0
LEC,31.0,HARD,10.0,2.0,0 days 00:01:32.013000,,,1,True,92.013,Suzuka,0
LEC,32.0,HARD,11.0,2.0,0 days 00:01:32.025000,,,1,True,92.025,Suzuka,0
LEC,33.0,HARD,12.0,2.0,0 days 00:01:31.772000,,,1,True,91.772,Suzuka,0
LEC,34.0,HARD,13.0,2.0,0 days 00:01:32.134000,,,1,True,92.134,Suzuka,0
LEC,35.0,HARD,14.0,2.0,0 days 00:01:31.957000,,,1,True,91.957,Suzuka,0
LEC,36.0,HARD,15.0,2.0,0 days 00:01:31.905000,,,1,True,91.905,Suzuka,0
LEC,37.0,HARD,16.0,2.0,0 days 00:01:32.137000,,,1,True,92.137,Suzuka,0
LEC,38.0,HARD,17.0,2.0,0 days 00:01:31.819000,,,1,True,91.819,Suzuka,0
LEC,39.0,HARD,18.0,2.0,0 days 00:01:32.222000,,,1,True,92.222,Suzuka,0
LEC,40.0,HARD,19.0,2.0,0 days 00:01:31.813000,,,1,True,91.813,Suzuka,0
LEC,41.0,HARD,20.0,2.0,0 days 00:01:31.900000,,,1,True,91.9,Suzuka,0
LEC,42.0,HARD,21.0,2.0,0 days 00:01:31.961000,,,1,True,91.961,Suzuka,0
LEC,43.0,HARD,22.0,2.0,0 days 00:01:31.940000,,,1,True,91.94,Suzuka,0
LEC,44.0,HARD,23.0,2.0,0 days 00:01:31.838000,,,1,True,91.838,Suzuka,0
LEC,45.0,HARD,24.0,2.0,0 days 00:01:31.661000,,,1,True,91.661,Suzuka,0
LEC,46.0,HARD,25.0,2.0,0 days 00:01:32.121000,,,1,True,92.121,Suzuka,0
LEC,47.0,HARD,26.0,2.0,0 days 00:01:31.469000,,,1,True,91.469,Suzuka,0
LEC,48.0,HARD,27.0,2.0,0 days 00:01:31.769000,,,1,True,91.769,Suzuka,0
LEC,49.0,HARD,28.0,2.0,0 days 00:01:31.791000,,,1,True,91.791,Suzuka,0
LEC,50.0,HARD,29.0,2.0,0 days 00:01:31.779000,,,1,True,91.779,Suzuka,0
LEC,51.0,HARD,30.0,2.0,0 days 00:01:31.908000,,,1,True,91.908,Suzuka,0
LEC,52.0,HARD,31.0,2.0,0 days 00:01:31.676000,,,1,True,91.676,Suzuka,0
LEC,53.0,HARD,32.0,2.0,0 days 00:01:31.745000,,,1,True,91.745,Suzuka,0
RUS,2.0,MEDIUM,2.0,1.0,0 days 00:01:34.191000,,,1,True,94.191,Suzuka,0
RUS,3.0,MEDIUM,3.0,1.0,0 days 00:01:34.204000,,,1,True,94.204,Suzuka,0
RUS,4.0,MEDIUM,4.0,1.0,0 days 00:01:34.057000,,,1,True,94.057,Suzuka,0
RUS,5.0,MEDIUM,5.0,1.0,0 days 00:01:33.795000,,,1,True,93.795,Suzuka,0
RUS,6.0,MEDIUM,6.0,1.0,0 days 00:01:33.922000,,,1,True,93.922,Suzuka,0
RUS,7.0,MEDIUM,7.0,1.0,0 days 00:01:34.181000,,,1,True,94.181,Suzuka,0
RUS,8.0,MEDIUM,8.0,1.0,0 days 00:01:33.798000,,,1,True,93.798,Suzuka,0
RUS,9.0,MEDIUM,9.0,1.0,0 days 00:01:33.816000,,,1,True,93.816,Suzuka,0
RUS,10.0,MEDIUM,10.0,1.0,0 days 00:01:33.603000,,,1,True,93.603,Suzuka,0
RUS,11.0,MEDIUM,11.0,1.0,0 days 00:01:33.883000,,,1,True,93.883,Suzuka,0
RUS,12.0,MEDIUM,12.0,1.0,0 days 00:01:33.864000,,,1,True,93.864,Suzuka,0
RUS,13.0,MEDIUM,13.0,1.0,0 days 00:01:33.815000,,,1,True,93.815,Suzuka,0
RUS,14.0,MEDIUM,14.0,1.0,0 days 00:01:33.658000,,,1,True,93.658,Suzuka,0
RUS,15.0,MEDIUM,15.0,1.0,0 days 00:01:33.707000,,,1,True,93.707,Suzuka,0
RUS,16.0,MEDIUM,16.0,1.0,0 days 00:01:33.860000,,,1,True,93.86,Suzuka,0
RUS,17.0,MEDIUM,17.0,1.0,0 days 00:01:33.834000,,,1,True,93.834,Suzuka,0
RUS,18.0,MEDIUM,18.0,1.0,0 days 00:01:33.966000,,,1,True,93.966,Suzuka,0
RUS,21.0,HARD,2.0,2.0,0 days 00:01:33.237000,,,1,True,93.237,Suzuka,0
RUS,22.0,HARD,3.0,2.0,0 days 00:01:34.123000,,,1,True,94.123,Suzuka,0
RUS,23.0,HARD,4.0,2.0,0 days 00:01:33.278000,,,1,True,93.278,Suzuka,0
RUS,24.0,HARD,5.0,2.0,0 days 00:01:34.340000,,,1,True,94.34,Suzuka,0
RUS,25.0,HARD,6.0,2.0,0 days 00:01:32.913000,,,1,True,92.913,Suzuka,0
RUS,26.0,HARD,7.0,2.0,0 days 00:01:32.411000,,,1,True,92.411,Suzuka,0
RUS,27.0,HARD,8.0,2.0,0 days 00:01:32.611000,,,1,True,92.611,Suzuka,0
RUS,28.0,HARD,9.0,2.0,0 days 00:01:32.488000,,,1,True,92.488,Suzuka,0
RUS,29.0,HARD,10.0,2.0,0 days 00:01:32.407000,,,1,True,92.407,Suzuka,0
RUS,30.0,HARD,11.0,2.0,0 days 00:01:32.359000,,,1,True,92.359,Suzuka,0
RUS,31.0,HARD,12.0,2.0,0 days 00:01:32.143000,,,1,True,92.143,Suzuka,0
RUS,32.0,HARD,13.0,2.0,0 days 00:01:32.031000,,,1,True,92.031,Suzuka,0
RUS,33.0,HARD,14.0,2.0,0 days 00:01:32.080000,,,1,True,92.08,Suzuka,0
RUS,34.0,HARD,15.0,2.0,0 days 00:01:32.219000,,,1,True,92.219,Suzuka,0
RUS,35.0,HARD,16.0,2.0,0 days 00:01:31.936000,,,1,True,91.936,Suzuka,0
RUS,36.0,HARD,17.0,2.0,0 days 00:01:31.823000,,,1,True,91.823,Suzuka,0
RUS,37.0,HARD,18.0,2.0,0 days 00:01:31.868000,,,1,True,91.868,Suzuka,0
RUS,38.0,HARD,19.0,2.0,0 days 00:01:31.840000,,,1,True,91.84,Suzuka,0
RUS,39.0,HARD,20.0,2.0,0 days 00:01:32.073000,,,1,True,92.073,Suzuka,0
RUS,40.0,HARD,21.0,2.0,0 days 00:01:31.915000,,,1,True,91.915,Suzuka,0
RUS,41.0,HARD,22.0,2.0,0 days 00:01:31.895000,,,1,True,91.895,Suzuka,0
RUS,42.0,HARD,23.0,2.0,0 days 00:01:32.135000,,,1,True,92.135,Suzuka,0
RUS,43.0,HARD,24.0,2.0,0 days 00:01:31.923000,,,1,True,91.923,Suzuka,0
RUS,44.0,HARD,25.0,2.0,0 days 00:01:31.778000,,,1,True,91.778,Suzuka,0
RUS,45.0,HARD,26.0,2.0,0 days 00:01:31.625000,,,1,True,91.625,Suzuka,0
RUS,46.0,HARD,27.0,2.0,0 days 00:01:31.552000,,,1,True,91.552,Suzuka,0
RUS,47.0,HARD,28.0,2.0,0 days 00:01:31.598000,,,1,True,91.598,Suzuka,0
RUS,48.0,HARD,29.0,2.0,0 days 00:01:31.543000,,,1,True,91.543,Suzuka,0
RUS,49.0,HARD,30.0,2.0,0 days 00:01:31.609000,,,1,True,91.609,Suzuka,0
RUS,50.0,HARD,31.0,2.0,0 days 00:01:31.370000,,,1,True,91.37,Suzuka,0
RUS,51.0,HARD,32.0,2.0,0 days 00:01:31.357000,,,1,True,91.357,Suzuka,0
RUS,52.0,HARD,33.0,2.0,0 days 00:01:31.627000,,,1,True,91.627,Suzuka,0
RUS,53.0,HARD,34.0,2.0,0 days 00:01:31.431000,,,1,True,91.431,Suzuka,0
ANT,2.0,MEDIUM,2.0,1.0,0 days 00:01:34.531000,,,1,True,94.531,Suzuka,0
ANT,3.0,MEDIUM,3.0,1.0,0 days 00:01:34.123000,,,1,True,94.123,Suzuka,0
ANT,4.0,MEDIUM,4.0,1.0,0 days 00:01:34.260000,,,1,True,94.26,Suzuka,0
ANT,5.0,MEDIUM,5.0,1.0,0 days 00:01:33.790000,,,1,True,93.79,Suzuka,0
ANT,6.0,MEDIUM,6.0,1.0,0 days 00:01:34.057000,,,1,True,94.057,Suzuka,0
ANT,7.0,MEDIUM,7.0,1.0,0 days 00:01:33.841000,,,1,True,93.841,Suzuka,0
ANT,8.0,MEDIUM,8.0,1.0,0 days 00:01:34.018000,,,1,True,94.018,Suzuka,0
ANT,9.0,MEDIUM,9.0,1.0,0 days 00:01:33.882000,,,1,True,93.882,Suzuka,0
ANT,10.0,MEDIUM,10.0,1.0,0 days 00:01:33.721000,,,1,True,93.721,Suzuka,0
ANT,11.0,MEDIUM,11.0,1.0,0 days 00:01:34.220000,,,1,True,94.22,Suzuka,0
ANT,12.0,MEDIUM,12.0,1.0,0 days 00:01:34.182000,,,1,True,94.182,Suzuka,0
ANT,13.0,MEDIUM,13.0,1.0,0 days 00:01:33.768000,,,1,True,93.768,Suzuka,0
ANT,14.0,MEDIUM,14.0,1.0,0 days 00:01:33.973000,,,1,True,93.973,Suzuka,0
ANT,15.0,MEDIUM,15.0,1.0,0 days 00:01:33.774000,,,1,True,93.774,Suzuka,0
ANT,16.0,MEDIUM,16.0,1.0,0 days 00:01:33.861000,,,1,True,93.861,Suzuka,0
ANT,17.0,MEDIUM,17.0,1.0,0 days 00:01:33.912000,,,1,True,93.912,Suzuka,0
ANT,18.0,MEDIUM,18.0,1.0,0 days 00:01:33.861000,,,1,True,93.861,Suzuka,0
ANT,19.0,MEDIUM,19.0,1.0,0 days 00:01:33.754000,,,1,True,93.754,Suzuka,0
ANT,20.0,MEDIUM,20.0,1.0,0 days 00:01:33.556000,,,1,True,93.556,Suzuka,0
ANT,21.0,MEDIUM,21.0,1.0,0 days 00:01:33.147000,,,1,True,93.147,Suzuka,0
ANT,22.0,MEDIUM,22.0,1.0,0 days 00:01:33.185000,,,1,True,93.185,Suzuka,0
ANT,23.0,MEDIUM,23.0,1.0,0 days 00:01:33.152000,,,1,True,93.152,Suzuka,0
ANT,24.0,MEDIUM,24.0,1.0,0 days 00:01:33.055000,,,1,True,93.055,Suzuka,0
ANT,25.0,MEDIUM,25.0,1.0,0 days 00:01:33.097000,,,1,True,93.097,Suzuka,0
ANT,26.0,MEDIUM,26.0,1.0,0 days 00:01:33.126000,,,1,True,93.126,Suzuka,0
ANT,27.0,MEDIUM,27.0,1.0,0 days 00:01:33.347000,,,1,True,93.347,Suzuka,0
ANT,28.0,MEDIUM,28.0,1.0,0 days 00:01:33.196000,,,1,True,93.196,Suzuka,0
ANT,29.0,MEDIUM,29.0,1.0,0 days 00:01:32.961000,,,1,True,92.961,Suzuka,0
ANT,30.0,MEDIUM,30.0,1.0,0 days 00:01:33.059000,,,1,True,93.059,Suzuka,0
ANT,33.0,HARD,2.0,2.0,0 days 00:01:31.400000,,,1,True,91.4,Suzuka,0
ANT,34.0,HARD,3.0,2.0,0 days 00:01:31.486000,,,1,True,91.486,Suzuka,0
ANT,35.0,HARD,4.0,2.0,0 days 00:01:31.540000,,,1,True,91.54,Suzuka,0
ANT,36.0,HARD,5.0,2.0,0 days 00:01:31.571000,,,1,True,91.571,Suzuka,0
ANT,37.0,HARD,6.0,2.0,0 days 00:01:31.697000,,,1,True,91.697,Suzuka,0
ANT,38.0,HARD,7.0,2.0,0 days 00:01:31.784000,,,1,True,91.784,Suzuka,0
ANT,39.0,HARD,8.0,2.0,0 days 00:01:31.844000,,,1,True,91.844,Suzuka,0
ANT,40.0,HARD,9.0,2.0,0 days 00:01:31.609000,,,1,True,91.609,Suzuka,0
ANT,41.0,HARD,10.0,2.0,0 days 00:01:31.357000,,,1,True,91.357,Suzuka,0
ANT,42.0,HARD,11.0,2.0,0 days 00:01:31.486000,,,1,True,91.486,Suzuka,0
ANT,43.0,HARD,12.0,2.0,0 days 00:01:31.495000,,,1,True,91.495,Suzuka,0
ANT,44.0,HARD,13.0,2.0,0 days 00:01:31.340000,,,1,True,91.34,Suzuka,0
ANT,45.0,HARD,14.0,2.0,0 days 00:01:31.307000,,,1,True,91.307,Suzuka,0
ANT,46.0,HARD,15.0,2.0,0 days 00:01:31.072000,,,1,True,91.072,Suzuka,0
ANT,47.0,HARD,16.0,2.0,0 days 00:01:31.238000,,,1,True,91.238,Suzuka,0
ANT,48.0,HARD,17.0,2.0,0 days 00:01:31.145000,,,1,True,91.145,Suzuka,0
ANT,49.0,HARD,18.0,2.0,0 days 00:01:31.154000,,,1,True,91.154,Suzuka,0
ANT,50.0,HARD,19.0,2.0,0 days 00:01:30.965000,,,1,True,90.965,Suzuka,0
ANT,51.0,HARD,20.0,2.0,0 days 00:01:31.053000,,,1,True,91.053,Suzuka,0
ANT,52.0,HARD,21.0,2.0,0 days 00:01:31.058000,,,1,True,91.058,Suzuka,0
ANT,53.0,HARD,22.0,2.0,0 days 00:01:31.696000,,,1,True,91.696,Suzuka,0
HAM,2.0,HARD,2.0,1.0,0 days 00:01:35.275000,,,1,True,95.275,Suzuka,0
HAM,3.0,HARD,3.0,1.0,0 days 00:01:34.254000,,,1,True,94.254,Suzuka,0
HAM,4.0,HARD,4.0,1.0,0 days 00:01:34.147000,,,1,True,94.147,Suzuka,0
HAM,5.0,HARD,5.0,1.0,0 days 00:01:33.820000,,,1,True,93.82,Suzuka,0
HAM,6.0,HARD,6.0,1.0,0 days 00:01:33.941000,,,1,True,93.941,Suzuka,0
HAM,7.0,HARD,7.0,1.0,0 days 00:01:34.139000,,,1,True,94.139,Suzuka,0
HAM,8.0,HARD,8.0,1.0,0 days 00:01:33.912000,,,1,True,93.912,Suzuka,0
HAM,9.0,HARD,9.0,1.0,0 days 00:01:33.812000,,,1,True,93.812,Suzuka,0
HAM,10.0,HARD,10.0,1.0,0 days 00:01:33.522000,,,1,True,93.522,Suzuka,0
HAM,11.0,HARD,11.0,1.0,0 days 00:01:33.956000,,,1,True,93.956,Suzuka,0
HAM,12.0,HARD,12.0,1.0,0 days 00:01:34.033000,,,1,True,94.033,Suzuka,0
HAM,13.0,HARD,13.0,1.0,0 days 00:01:33.926000,,,1,True,93.926,Suzuka,0
HAM,14.0,HARD,14.0,1.0,0 days 00:01:33.985000,,,1,True,93.985,Suzuka,0
HAM,15.0,HARD,15.0,1.0,0 days 00:01:33.888000,,,1,True,93.888,Suzuka,0
HAM,16.0,HARD,16.0,1.0,0 days 00:01:34.068000,,,1,True,94.068,Suzuka,0
HAM,17.0,HARD,17.0,1.0,0 days 00:01:33.760000,,,1,True,93.76,Suzuka,0
HAM,18.0,HARD,18.0,1.0,0 days 00:01:34.034000,,,1,True,94.034,Suzuka,0
HAM,19.0,HARD,19.0,1.0,0 days 00:01:34.077000,,,1,True,94.077,Suzuka,0
HAM,20.0,HARD,20.0,1.0,0 days 00:01:33.747000,,,1,True,93.747,Suzuka,0
HAM,21.0,HARD,21.0,1.0,0 days 00:01:33.729000,,,1,True,93.729,Suzuka,0
HAM,22.0,HARD,22.0,1.0,0 days 00:01:33.698000,,,1,True,93.698,Suzuka,0
HAM,23.0,HARD,23.0,1.0,0 days 00:01:33.177000,,,1,True,93.177,Suzuka,0
HAM,24.0,HARD,24.0,1.0,0 days 00:01:33.548000,,,1,True,93.548,Suzuka,0
HAM,25.0,HARD,25.0,1.0,0 days 00:01:33.387000,,,1,True,93.387,Suzuka,0
HAM,26.0,HARD,26.0,1.0,0 days 00:01:33.204000,,,1,True,93.204,Suzuka,0
HAM,27.0,HARD,27.0,1.0,0 days 00:01:33.152000,,,1,True,93.152,Suzuka,0
HAM,28.0,HARD,28.0,1.0,0 days 00:01:33.040000,,,1,True,93.04,Suzuka,0
HAM,29.0,HARD,29.0,1.0,0 days 00:01:33.215000,,,1,True,93.215,Suzuka,0
HAM,32.0,MEDIUM,2.0,2.0,0 days 00:01:31.803000,,,1,True,91.803,Suzuka,0
HAM,33.0,MEDIUM,3.0,2.0,0 days 00:01:31.589000,,,1,True,91.589,Suzuka,0
HAM,34.0,MEDIUM,4.0,2.0,0 days 00:01:31.884000,,,1,True,91.884,Suzuka,0
HAM,35.0,MEDIUM,5.0,2.0,0 days 00:01:32.385000,,,1,True,92.385,Suzuka,0
HAM,36.0,MEDIUM,6.0,2.0,0 days 00:01:31.915000,,,1,True,91.915,Suzuka,0
HAM,37.0,MEDIUM,7.0,2.0,0 days 00:01:31.889000,,,1,True,91.889,Suzuka,0
HAM,38.0,MEDIUM,8.0,2.0,0 days 00:01:31.869000,,,1,True,91.869,Suzuka,0
HAM,39.0,MEDIUM,9.0,2.0,0 days 00:01:31.978000,,,1,True,91.978,Suzuka,0
HAM,40.0,MEDIUM,10.0,2.0,0 days 00:01:31.663000,,,1,True,91.663,Suzuka,0
HAM,41.0,MEDIUM,11.0,2.0,0 days 00:01:31.569000,,,1,True,91.569,Suzuka,0
HAM,42.0,MEDIUM,12.0,2.0,0 days 00:01:31.517000,,,1,True,91.517,Suzuka,0
HAM,43.0,MEDIUM,13.0,2.0,0 days 00:01:32.634000,,,1,True,92.634,Suzuka,0
HAM,44.0,MEDIUM,14.0,2.0,0 days 00:01:32.185000,,,1,True,92.185,Suzuka,0
HAM,45.0,MEDIUM,15.0,2.0,0 days 00:01:32.668000,,,1,True,92.668,Suzuka,0
HAM,46.0,MEDIUM,16.0,2.0,0 days 00:01:31.792000,,,1,True,91.792,Suzuka,0
HAM,47.0,MEDIUM,17.0,2.0,0 days 00:01:31.603000,,,1,True,91.603,Suzuka,0
HAM,48.0,MEDIUM,18.0,2.0,0 days 00:01:31.502000,,,1,True,91.502,Suzuka,0
HAM,49.0,MEDIUM,19.0,2.0,0 days 00:01:31.944000,,,1,True,91.944,Suzuka,0
HAM,50.0,MEDIUM,20.0,2.0,0 days 00:01:31.832000,,,1,True,91.832,Suzuka,0
HAM,51.0,MEDIUM,21.0,2.0,0 days 00:01:31.406000,,,1,True,91.406,Suzuka,0
HAM,52.0,MEDIUM,22.0,2.0,0 days 00:01:31.842000,,,1,True,91.842,Suzuka,0
HAM,53.0,MEDIUM,23.0,2.0,0 days 00:01:31.423000,,,1,True,91.423,Suzuka,0
HAD,2.0,MEDIUM,2.0,1.0,0 days 00:01:34.750000,,,1,True,94.75,Suzuka,0
HAD,3.0,MEDIUM,3.0,1.0,0 days 00:01:34.166000,,,1,True,94.166,Suzuka,0
HAD,4.0,MEDIUM,4.0,1.0,0 days 00:01:34.277000,,,1,True,94.277,Suzuka,0
HAD,5.0,MEDIUM,5.0,1.0,0 days 00:01:34.296000,,,1,True,94.296,Suzuka,0
HAD,6.0,MEDIUM,6.0,1.0,0 days 00:01:35.455000,,,1,True,95.455,Suzuka,0
HAD,7.0,MEDIUM,7.0,1.0,0 days 00:01:34.427000,,,1,True,94.427,Suzuka,0
HAD,8.0,MEDIUM,8.0,1.0,0 days 00:01:33.990000,,,1,True,93.99,Suzuka,0
HAD,9.0,MEDIUM,9.0,1.0,0 days 00:01:34.164000,,,1,True,94.164,Suzuka,0
HAD,10.0,MEDIUM,10.0,1.0,0 days 00:01:33.959000,,,1,True,93.959,Suzuka,0
HAD,11.0,MEDIUM,11.0,1.0,0 days 00:01:34.239000,,,1,True,94.239,Suzuka,0
HAD,12.0,MEDIUM,12.0,1.0,0 days 00:01:34.085000,,,1,True,94.085,Suzuka,0
HAD,13.0,MEDIUM,13.0,1.0,0 days 00:01:34.027000,,,1,True,94.027,Suzuka,0
HAD,14.0,MEDIUM,14.0,1.0,0 days 00:01:33.941000,,,1,True,93.941,Suzuka,0
HAD,15.0,MEDIUM,15.0,1.0,0 days 00:01:33.891000,,,1,True,93.891,Suzuka,0
HAD,16.0,MEDIUM,16.0,1.0,0 days 00:01:34.046000,,,1,True,94.046,Suzuka,0
HAD,17.0,MEDIUM,17.0,1.0,0 days 00:01:34.055000,,,1,True,94.055,Suzuka,0
HAD,18.0,MEDIUM,18.0,1.0,0 days 00:01:33.886000,,,1,True,93.886,Suzuka,0
HAD,19.0,MEDIUM,19.0,1.0,0 days 00:01:33.831000,,,1,True,93.831,Suzuka,0
HAD,20.0,MEDIUM,20.0,1.0,0 days 00:01:33.890000,,,1,True,93.89,Suzuka,0
HAD,21.0,MEDIUM,21.0,1.0,0 days 00:01:33.703000,,,1,True,93.703,Suzuka,0
HAD,22.0,MEDIUM,22.0,1.0,0 days 00:01:33.753000,,,1,True,93.753,Suzuka,0
HAD,23.0,MEDIUM,23.0,1.0,0 days 00:01:33.691000,,,1,True,93.691,Suzuka,0
HAD,24.0,MEDIUM,24.0,1.0,0 days 00:01:33.637000,,,1,True,93.637,Suzuka,0
HAD,27.0,HARD,2.0,2.0,0 days 00:01:33.198000,,,1,True,93.198,Suzuka,0
HAD,28.0,HARD,3.0,2.0,0 days 00:01:33.202000,,,1,True,93.202,Suzuka,0
HAD,29.0,HARD,4.0,2.0,0 days 00:01:34.109000,,,1,True,94.109,Suzuka,0
HAD,30.0,HARD,5.0,2.0,0 days 00:01:33.239000,,,1,True,93.239,Suzuka,0
HAD,31.0,HARD,6.0,2.0,0 days 00:01:33.033000,,,1,True,93.033,Suzuka,0
HAD,32.0,HARD,7.0,2.0,0 days 00:01:32.588000,,,1,True,92.588,Suzuka,0
HAD,33.0,HARD,8.0,2.0,0 days 00:01:32.359000,,,1,True,92.359,Suzuka,0
HAD,34.0,HARD,9.0,2.0,0 days 00:01:32.160000,,,1,True,92.16,Suzuka,0
HAD,35.0,HARD,10.0,2.0,0 days 00:01:32.172000,,,1,True,92.172,Suzuka,0
HAD,36.0,HARD,11.0,2.0,0 days 00:01:32.081000,,,1,True,92.081,Suzuka,0
HAD,37.0,HARD,12.0,2.0,0 days 00:01:32.124000,,,1,True,92.124,Suzuka,0
HAD,38.0,HARD,13.0,2.0,0 days 00:01:31.986000,,,1,True,91.986,Suzuka,0
HAD,39.0,HARD,14.0,2.0,0 days 00:01:31.965000,,,1,True,91.965,Suzuka,0
HAD,40.0,HARD,15.0,2.0,0 days 00:01:32.001000,,,1,True,92.001,Suzuka,0
HAD,41.0,HARD,16.0,2.0,0 days 00:01:32.057000,,,1,True,92.057,Suzuka,0
HAD,42.0,HARD,17.0,2.0,0 days 00:01:32.027000,,,1,True,92.027,Suzuka,0
HAD,43.0,HARD,18.0,2.0,0 days 00:01:31.811000,,,1,True,91.811,Suzuka,0
HAD,44.0,HARD,19.0,2.0,0 days 00:01:31.919000,,,1,True,91.919,Suzuka,0
HAD,45.0,HARD,20.0,2.0,0 days 00:01:31.726000,,,1,True,91.726,Suzuka,0
HAD,46.0,HARD,21.0,2.0,0 days 00:01:31.729000,,,1,True,91.729,Suzuka,0
HAD,47.0,HARD,22.0,2.0,0 days 00:01:31.778000,,,1,True,91.778,Suzuka,0
HAD,48.0,HARD,23.0,2.0,0 days 00:01:31.678000,,,1,True,91.678,Suzuka,0
HAD,49.0,HARD,24.0,2.0,0 days 00:01:31.627000,,,1,True,91.627,Suzuka,0
HAD,50.0,HARD,25.0,2.0,0 days 00:01:31.386000,,,1,True,91.386,Suzuka,0
HAD,51.0,HARD,26.0,2.0,0 days 00:01:31.458000,,,1,True,91.458,Suzuka,0
HAD,52.0,HARD,27.0,2.0,0 days 00:01:31.317000,,,1,True,91.317,Suzuka,0
HAD,53.0,HARD,28.0,2.0,0 days 00:01:31.500000,,,1,True,91.5,Suzuka,0
ALB,2.0,MEDIUM,2.0,1.0,0 days 00:01:35.445000,,,1,True,95.445,Suzuka,0
ALB,3.0,MEDIUM,3.0,1.0,0 days 00:01:34.501000,,,1,True,94.501,Suzuka,0
ALB,4.0,MEDIUM,4.0,1.0,0 days 00:01:34.317000,,,1,True,94.317,Suzuka,0
ALB,5.0,MEDIUM,5.0,1.0,0 days 00:01:34.138000,,,1,True,94.138,Suzuka,0
ALB,6.0,MEDIUM,6.0,1.0,0 days 00:01:34.448000,,,1,True,94.448,Suzuka,0
ALB,7.0,MEDIUM,7.0,1.0,0 days 00:01:34.442000,,,1,True,94.442,Suzuka,0
ALB,8.0,MEDIUM,8.0,1.0,0 days 00:01:34.490000,,,1,True,94.49,Suzuka,0
ALB,9.0,MEDIUM,9.0,1.0,0 days 00:01:34.194000,,,1,True,94.194,Suzuka,0
ALB,10.0,MEDIUM,10.0,1.0,0 days 00:01:34.124000,,,1,True,94.124,Suzuka,0
ALB,11.0,MEDIUM,11.0,1.0,0 days 00:01:34.225000,,,1,True,94.225,Suzuka,0
ALB,12.0,MEDIUM,12.0,1.0,0 days 00:01:34.001000,,,1,True,94.001,Suzuka,0
ALB,13.0,MEDIUM,13.0,1.0,0 days 00:01:33.942000,,,1,True,93.942,Suzuka,0
ALB,14.0,MEDIUM,14.0,1.0,0 days 00:01:34.155000,,,1,True,94.155,Suzuka,0
ALB,15.0,MEDIUM,15.0,1.0,0 days 00:01:33.805000,,,1,True,93.805,Suzuka,0
ALB,16.0,MEDIUM,16.0,1.0,0 days 00:01:34.359000,,,1,True,94.359,Suzuka,0
ALB,17.0,MEDIUM,17.0,1.0,0 days 00:01:34.223000,,,1,True,94.223,Suzuka,0
ALB,18.0,MEDIUM,18.0,1.0,0 days 00:01:34.077000,,,1,True,94.077,Suzuka,0
ALB,19.0,MEDIUM,19.0,1.0,0 days 00:01:34.213000,,,1,True,94.213,Suzuka,0
ALB,20.0,MEDIUM,20.0,1.0,0 days 00:01:33.993000,,,1,True,93.993,Suzuka,0
ALB,21.0,MEDIUM,21.0,1.0,0 days 00:01:33.823000,,,1,True,93.823,Suzuka,0
ALB,22.0,MEDIUM,22.0,1.0,0 days 00:01:33.861000,,,1,True,93.861,Suzuka,0
ALB,23.0,MEDIUM,23.0,1.0,0 days 00:01:34.013000,,,1,True,94.013,Suzuka,0
ALB,26.0,HARD,2.0,2.0,0 days 00:01:33.103000,,,1,True,93.103,Suzuka,0
ALB,27.0,HARD,3.0,2.0,0 days 00:01:33.821000,,,1,True,93.821,Suzuka,0
ALB,28.0,HARD,4.0,2.0,0 days 00:01:32.624000,,,1,True,92.624,Suzuka,0
ALB,29.0,HARD,5.0,2.0,0 days 00:01:32.648000,,,1,True,92.648,Suzuka,0
ALB,30.0,HARD,6.0,2.0,0 days 00:01:33.229000,,,1,True,93.229,Suzuka,0
ALB,31.0,HARD,7.0,2.0,0 days 00:01:33.067000,,,1,True,93.067,Suzuka,0
ALB,32.0,HARD,8.0,2.0,0 days 00:01:33.693000,,,1,True,93.693,Suzuka,0
ALB,33.0,HARD,9.0,2.0,0 days 00:01:32.592000,,,1,True,92.592,Suzuka,0
ALB,34.0,HARD,10.0,2.0,0 days 00:01:32.763000,,,1,True,92.763,Suzuka,0
ALB,35.0,HARD,11.0,2.0,0 days 00:01:32.479000,,,1,True,92.479,Suzuka,0
ALB,36.0,HARD,12.0,2.0,0 days 00:01:32.228000,,,1,True,92.228,Suzuka,0
ALB,37.0,HARD,13.0,2.0,0 days 00:01:32.297000,,,1,True,92.297,Suzuka,0
ALB,38.0,HARD,14.0,2.0,0 days 00:01:32.201000,,,1,True,92.201,Suzuka,0
ALB,39.0,HARD,15.0,2.0,0 days 00:01:32.181000,,,1,True,92.181,Suzuka,0
ALB,40.0,HARD,16.0,2.0,0 days 00:01:32.131000,,,1,True,92.131,Suzuka,0
ALB,41.0,HARD,17.0,2.0,0 days 00:01:32.087000,,,1,True,92.087,Suzuka,0
ALB,42.0,HARD,18.0,2.0,0 days 00:01:31.979000,,,1,True,91.979,Suzuka,0
ALB,43.0,HARD,19.0,2.0,0 days 00:01:31.836000,,,1,True,91.836,Suzuka,0
ALB,44.0,HARD,20.0,2.0,0 days 00:01:31.622000,,,1,True,91.622,Suzuka,0
ALB,45.0,HARD,21.0,2.0,0 days 00:01:31.644000,,,1,True,91.644,Suzuka,0
ALB,46.0,HARD,22.0,2.0,0 days 00:01:31.708000,,,1,True,91.708,Suzuka,0
ALB,47.0,HARD,23.0,2.0,0 days 00:01:31.608000,,,1,True,91.608,Suzuka,0
ALB,48.0,HARD,24.0,2.0,0 days 00:01:31.335000,,,1,True,91.335,Suzuka,0
ALB,49.0,HARD,25.0,2.0,0 days 00:01:31.253000,,,1,True,91.253,Suzuka,0
ALB,50.0,HARD,26.0,2.0,0 days 00:01:31.391000,,,1,True,91.391,Suzuka,0
ALB,51.0,HARD,27.0,2.0,0 days 00:01:31.293000,,,1,True,91.293,Suzuka,0
ALB,52.0,HARD,28.0,2.0,0 days 00:01:31.125000,,,1,True,91.125,Suzuka,0
ALB,53.0,HARD,29.0,2.0,0 days 00:01:31.154000,,,1,True,91.154,Suzuka,0
BEA,2.0,MEDIUM,2.0,1.0,0 days 00:01:35.553000,,,1,True,95.553,Suzuka,0
BEA,3.0,MEDIUM,3.0,1.0,0 days 00:01:34.435000,,,1,True,94.435,Suzuka,0
BEA,4.0,MEDIUM,4.0,1.0,0 days 00:01:34.466000,,,1,True,94.466,Suzuka,0
BEA,5.0,MEDIUM,5.0,1.0,0 days 00:01:34.126000,,,1,True,94.126,Suzuka,0
BEA,6.0,MEDIUM,6.0,1.0,0 days 00:01:34.535000,,,1,True,94.535,Suzuka,0
BEA,7.0,MEDIUM,7.0,1.0,0 days 00:01:34.751000,,,1,True,94.751,Suzuka,0
BEA,8.0,MEDIUM,8.0,1.0,0 days 00:01:34.731000,,,1,True,94.731,Suzuka,0
BEA,9.0,MEDIUM,9.0,1.0,0 days 00:01:34.408000,,,1,True,94.408,Suzuka,0
BEA,10.0,MEDIUM,10.0,1.0,0 days 00:01:34.217000,,,1,True,94.217,Suzuka,0
BEA,11.0,MEDIUM,11.0,1.0,0 days 00:01:34.423000,,,1,True,94.423,Suzuka,0
BEA,12.0,MEDIUM,12.0,1.0,0 days 00:01:34.244000,,,1,True,94.244,Suzuka,0
BEA,13.0,MEDIUM,13.0,1.0,0 days 00:01:34.235000,,,1,True,94.235,Suzuka,0
BEA,14.0,MEDIUM,14.0,1.0,0 days 00:01:34.327000,,,1,True,94.327,Suzuka,0
BEA,15.0,MEDIUM,15.0,1.0,0 days 00:01:34.034000,,,1,True,94.034,Suzuka,0
BEA,16.0,MEDIUM,16.0,1.0,0 days 00:01:34.425000,,,1,True,94.425,Suzuka,0
BEA,17.0,MEDIUM,17.0,1.0,0 days 00:01:34.437000,,,1,True,94.437,Suzuka,0
BEA,18.0,MEDIUM,18.0,1.0,0 days 00:01:34.381000,,,1,True,94.381,Suzuka,0
BEA,19.0,MEDIUM,19.0,1.0,0 days 00:01:34.248000,,,1,True,94.248,Suzuka,0
BEA,20.0,MEDIUM,20.0,1.0,0 days 00:01:34.061000,,,1,True,94.061,Suzuka,0
BEA,21.0,MEDIUM,21.0,1.0,0 days 00:01:33.986000,,,1,True,93.986,Suzuka,0
BEA,22.0,MEDIUM,22.0,1.0,0 days 00:01:36.628000,,,1,True,96.628,Suzuka,0
BEA,25.0,HARD,3.0,2.0,0 days 00:01:33.130000,,,1,True,93.13,Suzuka,0
BEA,26.0,HARD,4.0,2.0,0 days 00:01:33.333000,,,1,True,93.333,Suzuka,0
BEA,27.0,HARD,5.0,2.0,0 days 00:01:33.390000,,,1,True,93.39,Suzuka,0
BEA,28.0,HARD,6.0,2.0,0 days 00:01:33.375000,,,1,True,93.375,Suzuka,0
BEA,29.0,HARD,7.0,2.0,0 days 00:01:33.079000,,,1,True,93.079,Suzuka,0
BEA,30.0,HARD,8.0,2.0,0 days 00:01:32.922000,,,1,True,92.922,Suzuka,0
BEA,31.0,HARD,9.0,2.0,0 days 00:01:33.375000,,,1,True,93.375,Suzuka,0
BEA,32.0,HARD,10.0,2.0,0 days 00:01:33.240000,,,1,True,93.24,Suzuka,0
BEA,33.0,HARD,11.0,2.0,0 days 00:01:33.558000,,,1,True,93.558,Suzuka,0
BEA,34.0,HARD,12.0,2.0,0 days 00:01:32.174000,,,1,True,92.174,Suzuka,0
BEA,35.0,HARD,13.0,2.0,0 days 00:01:32.348000,,,1,True,92.348,Suzuka,0
BEA,36.0,HARD,14.0,2.0,0 days 00:01:32.211000,,,1,True,92.211,Suzuka,0
BEA,37.0,HARD,15.0,2.0,0 days 00:01:32.333000,,,1,True,92.333,Suzuka,0
BEA,38.0,HARD,16.0,2.0,0 days 00:01:32.467000,,,1,True,92.467,Suzuka,0
BEA,39.0,HARD,17.0,2.0,0 days 00:01:32.302000,,,1,True,92.302,Suzuka,0
BEA,40.0,HARD,18.0,2.0,0 days 00:01:32.096000,,,1,True,92.096,Suzuka,0
BEA,41.0,HARD,19.0,2.0,0 days 00:01:32.219000,,,1,True,92.219,Suzuka,0
BEA,42.0,HARD,20.0,2.0,0 days 00:01:32.109000,,,1,True,92.109,Suzuka,0
BEA,43.0,HARD,21.0,2.0,0 days 00:01:32.072000,,,1,True,92.072,Suzuka,0
BEA,44.0,HARD,22.0,2.0,0 days 00:01:33.009000,,,1,True,93.009,Suzuka,0
BEA,45.0,HARD,23.0,2.0,0 days 00:01:32.459000,,,1,True,92.459,Suzuka,0
BEA,46.0,HARD,24.0,2.0,0 days 00:01:32.499000,,,1,True,92.499,Suzuka,0
BEA,47.0,HARD,25.0,2.0,0 days 00:01:32.051000,,,1,True,92.051,Suzuka,0
BEA,48.0,HARD,26.0,2.0,0 days 00:01:32.090000,,,1,True,92.09,Suzuka,0
BEA,49.0,HARD,27.0,2.0,0 days 00:01:32.006000,,,1,True,92.006,Suzuka,0
BEA,50.0,HARD,28.0,2.0,0 days 00:01:32.214000,,,1,True,92.214,Suzuka,0
BEA,51.0,HARD,29.0,2.0,0 days 00:01:32.048000,,,1,True,92.048,Suzuka,0
BEA,52.0,HARD,30.0,2.0,0 days 00:01:32.081000,,,1,True,92.081,Suzuka,0
BEA,53.0,HARD,31.0,2.0,0 days 00:01:32.549000,,,1,True,92.549,Suzuka,0
ALO,2.0,MEDIUM,3.0,1.0,0 days 00:01:35.686000,,,1,True,95.686,Suzuka,0
ALO,3.0,MEDIUM,4.0,1.0,0 days 00:01:34.761000,,,1,True,94.761,Suzuka,0
ALO,4.0,MEDIUM,5.0,1.0,0 days 00:01:34.610000,,,1,True,94.61,Suzuka,0
ALO,5.0,MEDIUM,6.0,1.0,0 days 00:01:34.599000,,,1,True,94.599,Suzuka,0
ALO,6.0,MEDIUM,7.0,1.0,0 days 00:01:34.719000,,,1,True,94.719,Suzuka,0
ALO,7.0,MEDIUM,8.0,1.0,0 days 00:01:34.397000,,,1,True,94.397,Suzuka,0
ALO,8.0,MEDIUM,9.0,1.0,0 days 00:01:34.497000,,,1,True,94.497,Suzuka,0
ALO,9.0,MEDIUM,10.0,1.0,0 days 00:01:34.479000,,,1,True,94.479,Suzuka,0
ALO,10.0,MEDIUM,11.0,1.0,0 days 00:01:34.498000,,,1,True,94.498,Suzuka,0
ALO,11.0,MEDIUM,12.0,1.0,0 days 00:01:34.482000,,,1,True,94.482,Suzuka,0
ALO,12.0,MEDIUM,13.0,1.0,0 days 00:01:34.514000,,,1,True,94.514,Suzuka,0
ALO,13.0,MEDIUM,14.0,1.0,0 days 00:01:34.327000,,,1,True,94.327,Suzuka,0
ALO,14.0,MEDIUM,15.0,1.0,0 days 00:01:34.546000,,,1,True,94.546,Suzuka,0
ALO,15.0,MEDIUM,16.0,1.0,0 days 00:01:34.311000,,,1,True,94.311,Suzuka,0
ALO,16.0,MEDIUM,17.0,1.0,0 days 00:01:34.456000,,,1,True,94.456,Suzuka,0
ALO,17.0,MEDIUM,18.0,1.0,0 days 00:01:34.439000,,,1,True,94.439,Suzuka,0
ALO,18.0,MEDIUM,19.0,1.0,0 days 00:01:34.369000,,,1,True,94.369,Suzuka,0
ALO,19.0,MEDIUM,20.0,1.0,0 days 00:01:34.111000,,,1,True,94.111,Suzuka,0
ALO,20.0,MEDIUM,21.0,1.0,0 days 00:01:34.166000,,,1,True,94.166,Suzuka,0
ALO,21.0,MEDIUM,22.0,1.0,0 days 00:01:35.187000,,,1,True,95.187,Suzuka,0
ALO,22.0,MEDIUM,23.0,1.0,0 days 00:01:34.399000,,,1,True,94.399,Suzuka,0
ALO,23.0,MEDIUM,24.0,1.0,0 days 00:01:34.468000,,,1,True,94.468,Suzuka,0
ALO,26.0,HARD,3.0,2.0,0 days 00:01:32.858000,,,1,True,92.858,Suzuka,0
ALO,27.0,HARD,4.0,2.0,0 days 00:01:33.081000,,,1,True,93.081,Suzuka,0
ALO,28.0,HARD,5.0,2.0,0 days 00:01:33.018000,,,1,True,93.018,Suzuka,0
ALO,29.0,HARD,6.0,2.0,0 days 00:01:32.865000,,,1,True,92.865,Suzuka,0
ALO,30.0,HARD,7.0,2.0,0 days 00:01:32.984000,,,1,True,92.984,Suzuka,0
ALO,31.0,HARD,8.0,2.0,0 days 00:01:32.854000,,,1,True,92.854,Suzuka,0
ALO,32.0,HARD,9.0,2.0,0 days 00:01:32.703000,,,1,True,92.703,Suzuka,0
ALO,33.0,HARD,10.0,2.0,0 days 00:01:32.512000,,,1,True,92.512,Suzuka,0
ALO,34.0,HARD,11.0,2.0,0 days 00:01:32.343000,,,1,True,92.343,Suzuka,0
ALO,35.0,HARD,12.0,2.0,0 days 00:01:32.665000,,,1,True,92.665,Suzuka,0
ALO,36.0,HARD,13.0,2.0,0 days 00:01:32.603000,,,1,True,92.603,Suzuka,0
ALO,37.0,HARD,14.0,2.0,0 days 00:01:32.474000,,,1,True,92.474,Suzuka,0
ALO,38.0,HARD,15.0,2.0,0 days 00:01:32.543000,,,1,True,92.543,Suzuka,0
ALO,39.0,HARD,16.0,2.0,0 days 00:01:32.780000,,,1,True,92.78,Suzuka,0
ALO,40.0,HARD,17.0,2.0,0 days 00:01:32.313000,,,1,True,92.313,Suzuka,0
ALO,41.0,HARD,18.0,2.0,0 days 00:01:32.476000,,,1,True,92.476,Suzuka,0
ALO,42.0,HARD,19.0,2.0,0 days 00:01:32.261000,,,1,True,92.261,Suzuka,0
ALO,43.0,HARD,20.0,2.0,0 days 00:01:32.153000,,,1,True,92.153,Suzuka,0
ALO,44.0,HARD,21.0,2.0,0 days 00:01:32.131000,,,1,True,92.131,Suzuka,0
ALO,45.0,HARD,22.0,2.0,0 days 00:01:32.248000,,,1,True,92.248,Suzuka,0
ALO,46.0,HARD,23.0,2.0,0 days 00:01:31.907000,,,1,True,91.907,Suzuka,0
ALO,47.0,HARD,24.0,2.0,0 days 00:01:32.271000,,,1,True,92.271,Suzuka,0
ALO,48.0,HARD,25.0,2.0,0 days 00:01:32.060000,,,1,True,92.06,Suzuka,0
ALO,49.0,HARD,26.0,2.0,0 days 00:01:31.932000,,,1,True,91.932,Suzuka,0
ALO,50.0,HARD,27.0,2.0,0 days 00:01:32.060000,,,1,True,92.06,Suzuka,0
ALO,51.0,HARD,28.0,2.0,0 days 00:01:31.770000,,,1,True,91.77,Suzuka,0
ALO,52.0,HARD,29.0,2.0,0 days 00:01:32.019000,,,1,True,92.019,Suzuka,0
ALO,53.0,HARD,30.0,2.0,0 days 00:01:32.280000,,,1,True,92.28,Suzuka,0
TSU,2.0,MEDIUM,2.0,1.0,0 days 00:01:36.076000,,,1,True,96.076,Suzuka,0
TSU,3.0,MEDIUM,3.0,1.0,0 days 00:01:35.057000,,,1,True,95.057,Suzuka,0
TSU,4.0,MEDIUM,4.0,1.0,0 days 00:01:34.771000,,,1,True,94.771,Suzuka,0
TSU,5.0,MEDIUM,5.0,1.0,0 days 00:01:34.569000,,,1,True,94.569,Suzuka,0
TSU,6.0,MEDIUM,6.0,1.0,0 days 00:01:34.760000,,,1,True,94.76,Suzuka,0
TSU,7.0,MEDIUM,7.0,1.0,0 days 00:01:34.655000,,,1,True,94.655,Suzuka,0
TSU,8.0,MEDIUM,8.0,1.0,0 days 00:01:34.818000,,,1,True,94.818,Suzuka,0
TSU,9.0,MEDIUM,9.0,1.0,0 days 00:01:34.552000,,,1,True,94.552,Suzuka,0
TSU,10.0,MEDIUM,10.0,1.0,0 days 00:01:34.598000,,,1,True,94.598,Suzuka,0
TSU,11.0,MEDIUM,11.0,1.0,0 days 00:01:34.668000,,,1,True,94.668,Suzuka,0
TSU,12.0,MEDIUM,12.0,1.0,0 days 00:01:34.427000,,,1,True,94.427,Suzuka,0
TSU,13.0,MEDIUM,13.0,1.0,0 days 00:01:34.357000,,,1,True,94.357,Suzuka,0
TSU,14.0,MEDIUM,14.0,1.0,0 days 00:01:34.600000,,,1,True,94.6,Suzuka,0
TSU,15.0,MEDIUM,15.0,1.0,0 days 00:01:34.020000,,,1,True,94.02,Suzuka,0
TSU,16.0,MEDIUM,16.0,1.0,0 days 00:01:34.717000,,,1,True,94.717,Suzuka,0
TSU,17.0,MEDIUM,17.0,1.0,0 days 00:01:34.595000,,,1,True,94.595,Suzuka,0
TSU,18.0,MEDIUM,18.0,1.0,0 days 00:01:34.606000,,,1,True,94.606,Suzuka,0
TSU,19.0,MEDIUM,19.0,1.0,0 days 00:01:34.439000,,,1,True,94.439,Suzuka,0
TSU,20.0,MEDIUM,20.0,1.0,0 days 00:01:34.326000,,,1,True,94.326,Suzuka,0
TSU,21.0,MEDIUM,21.0,1.0,0 days 00:01:34.975000,,,1,True,94.975,Suzuka,0
TSU,22.0,MEDIUM,22.0,1.0,0 days 00:01:35.661000,,,1,True,95.661,Suzuka,0
TSU,25.0,HARD,2.0,2.0,0 days 00:01:33.618000,,,1,True,93.618,Suzuka,0
TSU,26.0,HARD,3.0,2.0,0 days 00:01:33.745000,,,1,True,93.745,Suzuka,0
TSU,27.0,HARD,4.0,2.0,0 days 00:01:32.893000,,,1,True,92.893,Suzuka,0
TSU,28.0,HARD,5.0,2.0,0 days 00:01:33.036000,,,1,True,93.036,Suzuka,0
TSU,29.0,HARD,6.0,2.0,0 days 00:01:32.955000,,,1,True,92.955,Suzuka,0
TSU,30.0,HARD,7.0,2.0,0 days 00:01:32.925000,,,1,True,92.925,Suzuka,0
TSU,31.0,HARD,8.0,2.0,0 days 00:01:33.125000,,,1,True,93.125,Suzuka,0
TSU,32.0,HARD,9.0,2.0,0 days 00:01:32.735000,,,1,True,92.735,Suzuka,0
TSU,33.0,HARD,10.0,2.0,0 days 00:01:32.533000,,,1,True,92.533,Suzuka,0
TSU,34.0,HARD,11.0,2.0,0 days 00:01:32.609000,,,1,True,92.609,Suzuka,0
TSU,35.0,HARD,12.0,2.0,0 days 00:01:32.424000,,,1,True,92.424,Suzuka,0
TSU,36.0,HARD,13.0,2.0,0 days 00:01:32.350000,,,1,True,92.35,Suzuka,0
TSU,37.0,HARD,14.0,2.0,0 days 00:01:32.354000,,,1,True,92.354,Suzuka,0
TSU,38.0,HARD,15.0,2.0,0 days 00:01:32.509000,,,1,True,92.509,Suzuka,0
TSU,39.0,HARD,16.0,2.0,0 days 00:01:32.598000,,,1,True,92.598,Suzuka,0
TSU,40.0,HARD,17.0,2.0,0 days 00:01:32.319000,,,1,True,92.319,Suzuka,0
TSU,41.0,HARD,18.0,2.0,0 days 00:01:32.522000,,,1,True,92.522,Suzuka,0
TSU,42.0,HARD,19.0,2.0,0 days 00:01:32.482000,,,1,True,92.482,Suzuka,0
TSU,43.0,HARD,20.0,2.0,0 days 00:01:32.131000,,,1,True,92.131,Suzuka,0
TSU,44.0,HARD,21.0,2.0,0 days 00:01:32.195000,,,1,True,92.195,Suzuka,0
TSU,45.0,HARD,22.0,2.0,0 days 00:01:32.007000,,,1,True,92.007,Suzuka,0
TSU,46.0,HARD,23.0,2.0,0 days 00:01:31.940000,,,1,True,91.94,Suzuka,0
TSU,47.0,HARD,24.0,2.0,0 days 00:01:32.381000,,,1,True,92.381,Suzuka,0
TSU,48.0,HARD,25.0,2.0,0 days 00:01:31.907000,,,1,True,91.907,Suzuka,0
TSU,49.0,HARD,26.0,2.0,0 days 00:01:31.929000,,,1,True,91.929,Suzuka,0
TSU,50.0,HARD,27.0,2.0,0 days 00:01:31.978000,,,1,True,91.978,Suzuka,0
TSU,51.0,HARD,28.0,2.0,0 days 00:01:31.871000,,,1,True,91.871,Suzuka,0
TSU,52.0,HARD,29.0,2.0,0 days 00:01:32.141000,,,1,True,92.141,Suzuka,0
TSU,53.0,HARD,30.0,2.0,0 days 00:01:32.088000,,,1,True,92.088,Suzuka,0
GAS,2.0,MEDIUM,2.0,1.0,0 days 00:01:35.858000,,,1,True,95.858,Suzuka,0
GAS,3.0,MEDIUM,3.0,1.0,0 days 00:01:34.955000,,,1,True,94.955,Suzuka,0
GAS,4.0,MEDIUM,4.0,1.0,0 days 00:01:34.708000,,,1,True,94.708,Suzuka,0
GAS,5.0,MEDIUM,5.0,1.0,0 days 00:01:34.554000,,,1,True,94.554,Suzuka,0
GAS,6.0,MEDIUM,6.0,1.0,0 days 00:01:34.850000,,,1,True,94.85,Suzuka,0
GAS,7.0,MEDIUM,7.0,1.0,0 days 00:01:34.585000,,,1,True,94.585,Suzuka,0
GAS,8.0,MEDIUM,8.0,1.0,0 days 00:01:34.771000,,,1,True,94.771,Suzuka,0
GAS,9.0,MEDIUM,9.0,1.0,0 days 00:01:34.553000,,,1,True,94.553,Suzuka,0
GAS,10.0,MEDIUM,10.0,1.0,0 days 00:01:34.677000,,,1,True,94.677,Suzuka,0
GAS,11.0,MEDIUM,11.0,1.0,0 days 00:01:34.670000,,,1,True,94.67,Suzuka,0
GAS,12.0,MEDIUM,12.0,1.0,0 days 00:01:34.540000,,,1,True,94.54,Suzuka,0
GAS,13.0,MEDIUM,13.0,1.0,0 days 00:01:34.303000,,,1,True,94.303,Suzuka,0
GAS,14.0,MEDIUM,14.0,1.0,0 days 00:01:34.302000,,,1,True,94.302,Suzuka,0
GAS,15.0,MEDIUM,15.0,1.0,0 days 00:01:34.289000,,,1,True,94.289,Suzuka,0
GAS,16.0,MEDIUM,16.0,1.0,0 days 00:01:34.662000,,,1,True,94.662,Suzuka,0
GAS,17.0,MEDIUM,17.0,1.0,0 days 00:01:34.629000,,,1,True,94.629,Suzuka,0
GAS,18.0,MEDIUM,18.0,1.0,0 days 00:01:34.688000,,,1,True,94.688,Suzuka,0
GAS,19.0,MEDIUM,19.0,1.0,0 days 00:01:34.397000,,,1,True,94.397,Suzuka,0
GAS,20.0,MEDIUM,20.0,1.0,0 days 00:01:34.355000,,,1,True,94.355,Suzuka,0
GAS,21.0,MEDIUM,21.0,1.0,0 days 00:01:34.600000,,,1,True,94.6,Suzuka,0
GAS,22.0,MEDIUM,22.0,1.0,0 days 00:01:36.092000,,,1,True,96.092,Suzuka,0
GAS,23.0,MEDIUM,23.0,1.0,0 days 00:01:34.411000,,,1,True,94.411,Suzuka,0
GAS,26.0,HARD,2.0,2.0,0 days 00:01:33.248000,,,1,True,93.248,Suzuka,0
GAS,27.0,HARD,3.0,2.0,0 days 00:01:32.944000,,,1,True,92.944,Suzuka,0
GAS,28.0,HARD,4.0,2.0,0 days 00:01:32.911000,,,1,True,92.911,Suzuka,0
GAS,29.0,HARD,5.0,2.0,0 days 00:01:32.654000,,,1,True,92.654,Suzuka,0
GAS,30.0,HARD,6.0,2.0,0 days 00:01:32.696000,,,1,True,92.696,Suzuka,0
GAS,31.0,HARD,7.0,2.0,0 days 00:01:32.624000,,,1,True,92.624,Suzuka,0
GAS,32.0,HARD,8.0,2.0,0 days 00:01:32.682000,,,1,True,92.682,Suzuka,0
GAS,33.0,HARD,9.0,2.0,0 days 00:01:32.509000,,,1,True,92.509,Suzuka,0
GAS,34.0,HARD,10.0,2.0,0 days 00:01:32.438000,,,1,True,92.438,Suzuka,0
GAS,35.0,HARD,11.0,2.0,0 days 00:01:32.300000,,,1,True,92.3,Suzuka,0
GAS,36.0,HARD,12.0,2.0,0 days 00:01:32.179000,,,1,True,92.179,Suzuka,0
GAS,37.0,HARD,13.0,2.0,0 days 00:01:32.354000,,,1,True,92.354,Suzuka,0
GAS,38.0,HARD,14.0,2.0,0 days 00:01:32.258000,,,1,True,92.258,Suzuka,0
GAS,39.0,HARD,15.0,2.0,0 days 00:01:32.377000,,,1,True,92.377,Suzuka,0
GAS,40.0,HARD,16.0,2.0,0 days 00:01:32.447000,,,1,True,92.447,Suzuka,0
GAS,41.0,HARD,17.0,2.0,0 days 00:01:32.129000,,,1,True,92.129,Suzuka,0
GAS,42.0,HARD,18.0,2.0,0 days 00:01:32.077000,,,1,True,92.077,Suzuka,0
GAS,43.0,HARD,19.0,2.0,0 days 00:01:32.024000,,,1,True,92.024,Suzuka,0
GAS,44.0,HARD,20.0,2.0,0 days 00:01:31.934000,,,1,True,91.934,Suzuka,0
GAS,45.0,HARD,21.0,2.0,0 days 00:01:32.013000,,,1,True,92.013,Suzuka,0
GAS,46.0,HARD,22.0,2.0,0 days 00:01:32.050000,,,1,True,92.05,Suzuka,0
GAS,47.0,HARD,23.0,2.0,0 days 00:01:32.216000,,,1,True,92.216,Suzuka,0
GAS,48.0,HARD,24.0,2.0,0 days 00:01:32.023000,,,1,True,92.023,Suzuka,0
GAS,49.0,HARD,25.0,2.0,0 days 00:01:32.087000,,,1,True,92.087,Suzuka,0
GAS,50.0,HARD,26.0,2.0,0 days 00:01:32.110000,,,1,True,92.11,Suzuka,0
GAS,51.0,HARD,27.0,2.0,0 days 00:01:31.949000,,,1,True,91.949,Suzuka,0
GAS,52.0,HARD,28.0,2.0,0 days 00:01:31.820000,,,1,True,91.82,Suzuka,0
GAS,53.0,HARD,29.0,2.0,0 days 00:01:33.169000,,,1,True,93.169,Suzuka,0
SAI,2.0,MEDIUM,2.0,1.0,0 days 00:01:36.248000,,,1,True,96.248,Suzuka,0
SAI,3.0,MEDIUM,3.0,1.0,0 days 00:01:35.330000,,,1,True,95.33,Suzuka,0
SAI,4.0,MEDIUM,4.0,1.0,0 days 00:01:34.765000,,,1,True,94.765,Suzuka,0
SAI,5.0,MEDIUM,5.0,1.0,0 days 00:01:35.473000,,,1,True,95.473,Suzuka,0
SAI,6.0,MEDIUM,6.0,1.0,0 days 00:01:34.782000,,,1,True,94.782,Suzuka,0
SAI,7.0,MEDIUM,7.0,1.0,0 days 00:01:35.314000,,,1,True,95.314,Suzuka,0
SAI,8.0,MEDIUM,8.0,1.0,0 days 00:01:34.639000,,,1,True,94.639,Suzuka,0
SAI,9.0,MEDIUM,9.0,1.0,0 days 00:01:34.854000,,,1,True,94.854,Suzuka,0
SAI,10.0,MEDIUM,10.0,1.0,0 days 00:01:34.427000,,,1,True,94.427,Suzuka,0
SAI,11.0,MEDIUM,11.0,1.0,0 days 00:01:34.789000,,,1,True,94.789,Suzuka,0
SAI,12.0,MEDIUM,12.0,1.0,0 days 00:01:35.076000,,,1,True,95.076,Suzuka,0
SAI,13.0,MEDIUM,13.0,1.0,0 days 00:01:34.555000,,,1,True,94.555,Suzuka,0
SAI,14.0,MEDIUM,14.0,1.0,0 days 00:01:35.007000,,,1,True,95.007,Suzuka,0
SAI,15.0,MEDIUM,15.0,1.0,0 days 00:01:34.451000,,,1,True,94.451,Suzuka,0
SAI,16.0,MEDIUM,16.0,1.0,0 days 00:01:34.853000,,,1,True,94.853,Suzuka,0
SAI,17.0,MEDIUM,17.0,1.0,0 days 00:01:34.257000,,,1,True,94.257,Suzuka,0
SAI,18.0,MEDIUM,18.0,1.0,0 days 00:01:34.600000,,,1,True,94.6,Suzuka,0
SAI,19.0,MEDIUM,19.0,1.0,0 days 00:01:34.413000,,,1,True,94.413,Suzuka,0
SAI,20.0,MEDIUM,20.0,1.0,0 days 00:01:34.813000,,,1,True,94.813,Suzuka,0
SAI,21.0,MEDIUM,21.0,1.0,0 days 00:01:34.471000,,,1,True,94.471,Suzuka,0
SAI,22.0,MEDIUM,22.0,1.0,0 days 00:01:34.634000,,,1,True,94.634,Suzuka,0
SAI,23.0,MEDIUM,23.0,1.0,0 days 00:01:34.509000,,,1,True,94.509,Suzuka,0
SAI,24.0,MEDIUM,24.0,1.0,0 days 00:01:34.528000,,,1,True,94.528,Suzuka,0
SAI,25.0,MEDIUM,25.0,1.0,0 days 00:01:33.932000,,,1,True,93.932,Suzuka,0
SAI,26.0,MEDIUM,26.0,1.0,0 days 00:01:34.718000,,,1,True,94.718,Suzuka,0
SAI,27.0,MEDIUM,27.0,1.0,0 days 00:01:34.020000,,,1,True,94.02,Suzuka,0
SAI,28.0,MEDIUM,28.0,1.0,0 days 00:01:34.037000,,,1,True,94.037,Suzuka,0
SAI,29.0,MEDIUM,29.0,1.0,0 days 00:01:34.382000,,,1,True,94.382,Suzuka,0
SAI,30.0,MEDIUM,30.0,1.0,0 days 00:01:36.330000,,,1,True,96.33,Suzuka,0
SAI,31.0,MEDIUM,31.0,1.0,0 days 00:01:34.387000,,,1,True,94.387,Suzuka,0
SAI,32.0,MEDIUM,32.0,1.0,0 days 00:01:34.650000,,,1,True,94.65,Suzuka,0
SAI,35.0,SOFT,2.0,2.0,0 days 00:01:31.676000,,,1,True,91.676,Suzuka,0
SAI,36.0,SOFT,3.0,2.0,0 days 00:01:31.106000,,,1,True,91.106,Suzuka,0
SAI,37.0,SOFT,4.0,2.0,0 days 00:01:32.087000,,,1,True,92.087,Suzuka,0
SAI,38.0,SOFT,5.0,2.0,0 days 00:01:32.013000,,,1,True,92.013,Suzuka,0
SAI,39.0,SOFT,6.0,2.0,0 days 00:01:32.048000,,,1,True,92.048,Suzuka,0
SAI,40.0,SOFT,7.0,2.0,0 days 00:01:32.267000,,,1,True,92.267,Suzuka,0
SAI,41.0,SOFT,8.0,2.0,0 days 00:01:32.172000,,,1,True,92.172,Suzuka,0
SAI,42.0,SOFT,9.0,2.0,0 days 00:01:32.869000,,,1,True,92.869,Suzuka,0
SAI,43.0,SOFT,10.0,2.0,0 days 00:01:32.937000,,,1,True,92.937,Suzuka,0
SAI,44.0,SOFT,11.0,2.0,0 days 00:01:32.575000,,,1,True,92.575,Suzuka,0
SAI,45.0,SOFT,12.0,2.0,0 days 00:01:32.819000,,,1,True,92.819,Suzuka,0
SAI,46.0,SOFT,13.0,2.0,0 days 00:01:33.049000,,,1,True,93.049,Suzuka,0
SAI,47.0,SOFT,14.0,2.0,0 days 00:01:32.602000,,,1,True,92.602,Suzuka,0
SAI,48.0,SOFT,15.0,2.0,0 days 00:01:32.054000,,,1,True,92.054,Suzuka,0
SAI,49.0,SOFT,16.0,2.0,0 days 00:01:32.959000,,,1,True,92.959,Suzuka,0
SAI,50.0,SOFT,17.0,2.0,0 days 00:01:31.200000,,,1,True,91.2,Suzuka,0
SAI,51.0,SOFT,18.0,2.0,0 days 00:01:31.244000,,,1,True,91.244,Suzuka,0
SAI,52.0,SOFT,19.0,2.0,0 days 00:01:31.533000,,,1,True,91.533,Suzuka,0
SAI,53.0,SOFT,20.0,2.0,0 days 00:01:31.238000,,,1,True,91.238,Suzuka,0
DOO,2.0,SOFT,2.0,1.0,0 days 00:01:36.848000,,,1,True,96.848,Suzuka,0
DOO,3.0,SOFT,3.0,1.0,0 days 00:01:35.653000,,,1,True,95.653,Suzuka,0
DOO,4.0,SOFT,4.0,1.0,0 days 00:01:35.344000,,,1,True,95.344,Suzuka,0
DOO,5.0,SOFT,5.0,1.0,0 days 00:01:35.485000,,,1,True,95.485,Suzuka,0
DOO,6.0,SOFT,6.0,1.0,0 days 00:01:35.348000,,,1,True,95.348,Suzuka,0
DOO,7.0,SOFT,7.0,1.0,0 days 00:01:34.892000,,,1,True,94.892,Suzuka,0
DOO,8.0,SOFT,8.0,1.0,0 days 00:01:35.075000,,,1,True,95.075,Suzuka,0
DOO,9.0,SOFT,9.0,1.0,0 days 00:01:35.070000,,,1,True,95.07,Suzuka,0
DOO,10.0,SOFT,10.0,1.0,0 days 00:01:35.007000,,,1,True,95.007,Suzuka,0
DOO,11.0,SOFT,11.0,1.0,0 days 00:01:35.006000,,,1,True,95.006,Suzuka,0
DOO,12.0,SOFT,12.0,1.0,0 days 00:01:35.186000,,,1,True,95.186,Suzuka,0
DOO,13.0,SOFT,13.0,1.0,0 days 00:01:34.996000,,,1,True,94.996,Suzuka,0
DOO,14.0,SOFT,14.0,1.0,0 days 00:01:34.929000,,,1,True,94.929,Suzuka,0
DOO,17.0,HARD,2.0,2.0,0 days 00:01:33.799000,,,1,True,93.799,Suzuka,0
DOO,18.0,HARD,3.0,2.0,0 days 00:01:33.602000,,,1,True,93.602,Suzuka,0
DOO,19.0,HARD,4.0,2.0,0 days 00:01:33.981000,,,1,True,93.981,Suzuka,0
DOO,20.0,HARD,5.0,2.0,0 days 00:01:33.700000,,,1,True,93.7,Suzuka,0
DOO,21.0,HARD,6.0,2.0,0 days 00:01:33.811000,,,1,True,93.811,Suzuka,0
DOO,22.0,HARD,7.0,2.0,0 days 00:01:33.522000,,,1,True,93.522,Suzuka,0
DOO,23.0,HARD,8.0,2.0,0 days 00:01:33.484000,,,1,True,93.484,Suzuka,0
DOO,24.0,HARD,9.0,2.0,0 days 00:01:33.367000,,,1,True,93.367,Suzuka,0
DOO,25.0,HARD,10.0,2.0,0 days 00:01:33.598000,,,1,True,93.598,Suzuka,0
DOO,26.0,HARD,11.0,2.0,0 days 00:01:33.735000,,,1,True,93.735,Suzuka,0
DOO,27.0,HARD,12.0,2.0,0 days 00:01:33.454000,,,1,True,93.454,Suzuka,0
DOO,28.0,HARD,13.0,2.0,0 days 00:01:33.282000,,,1,True,93.282,Suzuka,0
DOO,29.0,HARD,14.0,2.0,0 days 00:01:33.209000,,,1,True,93.209,Suzuka,0
DOO,30.0,HARD,15.0,2.0,0 days 00:01:33.154000,,,1,True,93.154,Suzuka,0
DOO,31.0,HARD,16.0,2.0,0 days 00:01:33.085000,,,1,True,93.085,Suzuka,0
DOO,32.0,HARD,17.0,2.0,0 days 00:01:32.912000,,,1,True,92.912,Suzuka,0
DOO,33.0,HARD,18.0,2.0,0 days 00:01:35.137000,,,1,True,95.137,Suzuka,0
DOO,34.0,HARD,19.0,2.0,0 days 00:01:33.301000,,,1,True,93.301,Suzuka,0
DOO,35.0,HARD,20.0,2.0,0 days 00:01:33.230000,,,1,True,93.23,Suzuka,0
DOO,36.0,HARD,21.0,2.0,0 days 00:01:33.166000,,,1,True,93.166,Suzuka,0
DOO,37.0,HARD,22.0,2.0,0 days 00:01:32.947000,,,1,True,92.947,Suzuka,0
DOO,38.0,HARD,23.0,2.0,0 days 00:01:33.089000,,,1,True,93.089,Suzuka,0
DOO,39.0,HARD,24.0,2.0,0 days 00:01:33.140000,,,1,True,93.14,Suzuka,0
DOO,40.0,HARD,25.0,2.0,0 days 00:01:33.251000,,,1,True,93.251,Suzuka,0
DOO,41.0,HARD,26.0,2.0,0 days 00:01:33.273000,,,1,True,93.273,Suzuka,0
DOO,42.0,HARD,27.0,2.0,0 days 00:01:33.180000,,,1,True,93.18,Suzuka,0
DOO,43.0,HARD,28.0,2.0,0 days 00:01:32.906000,,,1,True,92.906,Suzuka,0
DOO,44.0,HARD,29.0,2.0,0 days 00:01:32.974000,,,1,True,92.974,Suzuka,0
DOO,45.0,HARD,30.0,2.0,0 days 00:01:33.013000,,,1,True,93.013,Suzuka,0
DOO,46.0,HARD,31.0,2.0,0 days 00:01:32.743000,,,1,True,92.743,Suzuka,0
DOO,47.0,HARD,32.0,2.0,0 days 00:01:32.685000,,,1,True,92.685,Suzuka,0
DOO,48.0,HARD,33.0,2.0,0 days 00:01:32.809000,,,1,True,92.809,Suzuka,0
DOO,49.0,HARD,34.0,2.0,0 days 00:01:33.046000,,,1,True,93.046,Suzuka,0
DOO,50.0,HARD,35.0,2.0,0 days 00:01:33.871000,,,1,True,93.871,Suzuka,0
DOO,51.0,HARD,36.0,2.0,0 days 00:01:32.940000,,,1,True,92.94,Suzuka,0
DOO,52.0,HARD,37.0,2.0,0 days 00:01:32.976000,,,1,True,92.976,Suzuka,0
DOO,53.0,HARD,38.0,2.0,0 days 00:01:32.960000,,,1,True,92.96,Suzuka,0
HUL,2.0,MEDIUM,2.0,1.0,0 days 00:01:37.125000,,,1,True,97.125,Suzuka,0
HUL,3.0,MEDIUM,3.0,1.0,0 days 00:01:35.419000,,,1,True,95.419,Suzuka,0
HUL,4.0,MEDIUM,4.0,1.0,0 days 00:01:35.266000,,,1,True,95.266,Suzuka,0
HUL,5.0,MEDIUM,5.0,1.0,0 days 00:01:35.266000,,,1,True,95.266,Suzuka,0
HUL,6.0,MEDIUM,6.0,1.0,0 days 00:01:35.091000,,,1,True,95.091,Suzuka,0
HUL,7.0,MEDIUM,7.0,1.0,0 days 00:01:35.254000,,,1,True,95.254,Suzuka,0
HUL,8.0,MEDIUM,8.0,1.0,0 days 00:01:34.760000,,,1,True,94.76,Suzuka,0
HUL,9.0,MEDIUM,9.0,1.0,0 days 00:01:34.870000,,,1,True,94.87,Suzuka,0
HUL,10.0,MEDIUM,10.0,1.0,0 days 00:01:34.598000,,,1,True,94.598,Suzuka,0
HUL,11.0,MEDIUM,11.0,1.0,0 days 00:01:34.906000,,,1,True,94.906,Suzuka,0
HUL,12.0,MEDIUM,12.0,1.0,0 days 00:01:35.054000,,,1,True,95.054,Suzuka,0
HUL,13.0,MEDIUM,13.0,1.0,0 days 00:01:34.482000,,,1,True,94.482,Suzuka,0
HUL,14.0,MEDIUM,14.0,1.0,0 days 00:01:34.789000,,,1,True,94.789,Suzuka,0
HUL,15.0,MEDIUM,15.0,1.0,0 days 00:01:34.729000,,,1,True,94.729,Suzuka,0
HUL,16.0,MEDIUM,16.0,1.0,0 days 00:01:34.995000,,,1,True,94.995,Suzuka,0
HUL,17.0,MEDIUM,17.0,1.0,0 days 00:01:34.492000,,,1,True,94.492,Suzuka,0
HUL,18.0,MEDIUM,18.0,1.0,0 days 00:01:34.551000,,,1,True,94.551,Suzuka,0
HUL,19.0,MEDIUM,19.0,1.0,0 days 00:01:34.312000,,,1,True,94.312,Suzuka,0
HUL,20.0,MEDIUM,20.0,1.0,0 days 00:01:34.314000,,,1,True,94.314,Suzuka,0
HUL,21.0,MEDIUM,21.0,1.0,0 days 00:01:34.438000,,,1,True,94.438,Suzuka,0
HUL,24.0,HARD,2.0,2.0,0 days 00:01:32.816000,,,1,True,92.816,Suzuka,0
HUL,25.0,HARD,3.0,2.0,0 days 00:01:36.862000,,,1,True,96.862,Suzuka,0
HUL,26.0,HARD,4.0,2.0,0 days 00:01:33.529000,,,1,True,93.529,Suzuka,0
HUL,27.0,HARD,5.0,2.0,0 days 00:01:32.983000,,,1,True,92.983,Suzuka,0
HUL,28.0,HARD,6.0,2.0,0 days 00:01:33.104000,,,1,True,93.104,Suzuka,0
HUL,29.0,HARD,7.0,2.0,0 days 00:01:32.854000,,,1,True,92.854,Suzuka,0
HUL,30.0,HARD,8.0,2.0,0 days 00:01:32.897000,,,1,True,92.897,Suzuka,0
HUL,31.0,HARD,9.0,2.0,0 days 00:01:32.572000,,,1,True,92.572,Suzuka,0
HUL,32.0,HARD,10.0,2.0,0 days 00:01:32.679000,,,1,True,92.679,Suzuka,0
HUL,33.0,HARD,11.0,2.0,0 days 00:01:33.243000,,,1,True,93.243,Suzuka,0
HUL,34.0,HARD,12.0,2.0,0 days 00:01:33.440000,,,1,True,93.44,Suzuka,0
HUL,35.0,HARD,13.0,2.0,0 days 00:01:33.212000,,,1,True,93.212,Suzuka,0
HUL,36.0,HARD,14.0,2.0,0 days 00:01:33.224000,,,1,True,93.224,Suzuka,0
HUL,37.0,HARD,15.0,2.0,0 days 00:01:33.187000,,,1,True,93.187,Suzuka,0
HUL,38.0,HARD,16.0,2.0,0 days 00:01:32.846000,,,1,True,92.846,Suzuka,0
HUL,39.0,HARD,17.0,2.0,0 days 00:01:33.053000,,,1,True,93.053,Suzuka,0
HUL,40.0,HARD,18.0,2.0,0 days 00:01:33.299000,,,1,True,93.299,Suzuka,0
HUL,41.0,HARD,19.0,2.0,0 days 00:01:33.953000,,,1,True,93.953,Suzuka,0
HUL,42.0,HARD,20.0,2.0,0 days 00:01:32.937000,,,1,True,92.937,Suzuka,0
HUL,43.0,HARD,21.0,2.0,0 days 00:01:32.857000,,,1,True,92.857,Suzuka,0
HUL,44.0,HARD,22.0,2.0,0 days 00:01:32.732000,,,1,True,92.732,Suzuka,0
HUL,45.0,HARD,23.0,2.0,0 days 00:01:32.914000,,,1,True,92.914,Suzuka,0
HUL,46.0,HARD,24.0,2.0,0 days 00:01:33.019000,,,1,True,93.019,Suzuka,0
HUL,47.0,HARD,25.0,2.0,0 days 00:01:32.777000,,,1,True,92.777,Suzuka,0
HUL,48.0,HARD,26.0,2.0,0 days 00:01:33.623000,,,1,True,93.623,Suzuka,0
HUL,49.0,HARD,27.0,2.0,0 days 00:01:32.873000,,,1,True,92.873,Suzuka,0
HUL,50.0,HARD,28.0,2.0,0 days 00:01:32.936000,,,1,True,92.936,Suzuka,0
HUL,51.0,HARD,29.0,2.0,0 days 00:01:32.989000,,,1,True,92.989,Suzuka,0
HUL,52.0,HARD,30.0,2.0,0 days 00:01:32.950000,,,1,True,92.95,Suzuka,0
HUL,53.0,HARD,31.0,2.0,0 days 00:01:32.804000,,,1,True,92.804,Suzuka,0
LAW,2.0,MEDIUM,2.0,1.0,0 days 00:01:36.326000,,,1,True,96.326,Suzuka,0
LAW,3.0,MEDIUM,3.0,1.0,0 days 00:01:35.233000,,,1,True,95.233,Suzuka,0
LAW,4.0,MEDIUM,4.0,1.0,0 days 00:01:35.098000,,,1,True,95.098,Suzuka,0
LAW,5.0,MEDIUM,5.0,1.0,0 days 00:01:35.169000,,,1,True,95.169,Suzuka,0
LAW,6.0,MEDIUM,6.0,1.0,0 days 00:01:35.056000,,,1,True,95.056,Suzuka,0
LAW,7.0,MEDIUM,7.0,1.0,0 days 00:01:35.115000,,,1,True,95.115,Suzuka,0
LAW,8.0,MEDIUM,8.0,1.0,0 days 00:01:34.690000,,,1,True,94.69,Suzuka,0
LAW,9.0,MEDIUM,9.0,1.0,0 days 00:01:34.713000,,,1,True,94.713,Suzuka,0
LAW,10.0,MEDIUM,10.0,1.0,0 days 00:01:34.552000,,,1,True,94.552,Suzuka,0
LAW,11.0,MEDIUM,11.0,1.0,0 days 00:01:34.837000,,,1,True,94.837,Suzuka,0
LAW,12.0,MEDIUM,12.0,1.0,0 days 00:01:34.804000,,,1,True,94.804,Suzuka,0
LAW,13.0,MEDIUM,13.0,1.0,0 days 00:01:34.593000,,,1,True,94.593,Suzuka,0
LAW,14.0,MEDIUM,14.0,1.0,0 days 00:01:34.737000,,,1,True,94.737,Suzuka,0
LAW,15.0,MEDIUM,15.0,1.0,0 days 00:01:34.705000,,,1,True,94.705,Suzuka,0
LAW,16.0,MEDIUM,16.0,1.0,0 days 00:01:34.633000,,,1,True,94.633,Suzuka,0
LAW,17.0,MEDIUM,17.0,1.0,0 days 00:01:34.544000,,,1,True,94.544,Suzuka,0
LAW,18.0,MEDIUM,18.0,1.0,0 days 00:01:34.581000,,,1,True,94.581,Suzuka,0
LAW,19.0,MEDIUM,19.0,1.0,0 days 00:01:34.342000,,,1,True,94.342,Suzuka,0
LAW,20.0,MEDIUM,20.0,1.0,0 days 00:01:34.768000,,,1,True,94.768,Suzuka,0
LAW,21.0,MEDIUM,21.0,1.0,0 days 00:01:34.604000,,,1,True,94.604,Suzuka,0
LAW,22.0,MEDIUM,22.0,1.0,0 days 00:01:34.689000,,,1,True,94.689,Suzuka,0
LAW,23.0,MEDIUM,23.0,1.0,0 days 00:01:34.458000,,,1,True,94.458,Suzuka,0
LAW,24.0,MEDIUM,24.0,1.0,0 days 00:01:34.188000,,,1,True,94.188,Suzuka,0
LAW,25.0,MEDIUM,25.0,1.0,0 days 00:01:34.116000,,,1,True,94.116,Suzuka,0
LAW,26.0,MEDIUM,26.0,1.0,0 days 00:01:34.016000,,,1,True,94.016,Suzuka,0
LAW,27.0,MEDIUM,27.0,1.0,0 days 00:01:34.064000,,,1,True,94.064,Suzuka,0
LAW,28.0,MEDIUM,28.0,1.0,0 days 00:01:33.977000,,,1,True,93.977,Suzuka,0
LAW,29.0,MEDIUM,29.0,1.0,0 days 00:01:33.959000,,,1,True,93.959,Suzuka,0
LAW,30.0,MEDIUM,30.0,1.0,0 days 00:01:34.105000,,,1,True,94.105,Suzuka,0
LAW,31.0,MEDIUM,31.0,1.0,0 days 00:01:35.823000,,,1,True,95.823,Suzuka,0
LAW,32.0,MEDIUM,32.0,1.0,0 days 00:01:35.110000,,,1,True,95.11,Suzuka,0
LAW,35.0,SOFT,2.0,2.0,0 days 00:01:32.200000,,,1,True,92.2,Suzuka,0
LAW,36.0,SOFT,3.0,2.0,0 days 00:01:33.395000,,,1,True,93.395,Suzuka,0
LAW,37.0,SOFT,4.0,2.0,0 days 00:01:32.796000,,,1,True,92.796,Suzuka,0
LAW,38.0,SOFT,5.0,2.0,0 days 00:01:32.244000,,,1,True,92.244,Suzuka,0
LAW,39.0,SOFT,6.0,2.0,0 days 00:01:32.043000,,,1,True,92.043,Suzuka,0
LAW,40.0,SOFT,7.0,2.0,0 days 00:01:32.430000,,,1,True,92.43,Suzuka,0
LAW,41.0,SOFT,8.0,2.0,0 days 00:01:32.294000,,,1,True,92.294,Suzuka,0
LAW,42.0,SOFT,9.0,2.0,0 days 00:01:32.105000,,,1,True,92.105,Suzuka,0
LAW,43.0,SOFT,10.0,2.0,0 days 00:01:32.368000,,,1,True,92.368,Suzuka,0
LAW,44.0,SOFT,11.0,2.0,0 days 00:01:32.514000,,,1,True,92.514,Suzuka,0
LAW,45.0,SOFT,12.0,2.0,0 days 00:01:32.681000,,,1,True,92.681,Suzuka,0
LAW,46.0,SOFT,13.0,2.0,0 days 00:01:32.775000,,,1,True,92.775,Suzuka,0
LAW,47.0,SOFT,14.0,2.0,0 days 00:01:32.705000,,,1,True,92.705,Suzuka,0
LAW,48.0,SOFT,15.0,2.0,0 days 00:01:32.796000,,,1,True,92.796,Suzuka,0
LAW,49.0,SOFT,16.0,2.0,0 days 00:01:32.936000,,,1,True,92.936,Suzuka,0
LAW,50.0,SOFT,17.0,2.0,0 days 00:01:32.702000,,,1,True,92.702,Suzuka,0
LAW,51.0,SOFT,18.0,2.0,0 days 00:01:32.934000,,,1,True,92.934,Suzuka,0
LAW,52.0,SOFT,19.0,2.0,0 days 00:01:32.797000,,,1,True,92.797,Suzuka,0
LAW,53.0,SOFT,20.0,2.0,0 days 00:01:33.243000,,,1,True,93.243,Suzuka,0
OCO,2.0,HARD,3.0,1.0,0 days 00:01:36.899000,,,1,True,96.899,Suzuka,0
OCO,3.0,HARD,4.0,1.0,0 days 00:01:35.531000,,,1,True,95.531,Suzuka,0
OCO,4.0,HARD,5.0,1.0,0 days 00:01:35.170000,,,1,True,95.17,Suzuka,0
OCO,5.0,HARD,6.0,1.0,0 days 00:01:35.361000,,,1,True,95.361,Suzuka,0
OCO,6.0,HARD,7.0,1.0,0 days 00:01:35.157000,,,1,True,95.157,Suzuka,0
OCO,7.0,HARD,8.0,1.0,0 days 00:01:35.042000,,,1,True,95.042,Suzuka,0
OCO,8.0,HARD,9.0,1.0,0 days 00:01:35.050000,,,1,True,95.05,Suzuka,0
OCO,9.0,HARD,10.0,1.0,0 days 00:01:35.035000,,,1,True,95.035,Suzuka,0
OCO,10.0,HARD,11.0,1.0,0 days 00:01:34.855000,,,1,True,94.855,Suzuka,0
OCO,11.0,HARD,12.0,1.0,0 days 00:01:34.845000,,,1,True,94.845,Suzuka,0
OCO,12.0,HARD,13.0,1.0,0 days 00:01:34.869000,,,1,True,94.869,Suzuka,0
OCO,13.0,HARD,14.0,1.0,0 days 00:01:34.569000,,,1,True,94.569,Suzuka,0
OCO,14.0,HARD,15.0,1.0,0 days 00:01:34.820000,,,1,True,94.82,Suzuka,0
OCO,15.0,HARD,16.0,1.0,0 days 00:01:34.721000,,,1,True,94.721,Suzuka,0
OCO,16.0,HARD,17.0,1.0,0 days 00:01:34.941000,,,1,True,94.941,Suzuka,0
OCO,17.0,HARD,18.0,1.0,0 days 00:01:34.713000,,,1,True,94.713,Suzuka,0
OCO,18.0,HARD,19.0,1.0,0 days 00:01:34.768000,,,1,True,94.768,Suzuka,0
OCO,19.0,HARD,20.0,1.0,0 days 00:01:34.500000,,,1,True,94.5,Suzuka,0
OCO,20.0,HARD,21.0,1.0,0 days 00:01:34.363000,,,1,True,94.363,Suzuka,0
OCO,21.0,HARD,22.0,1.0,0 days 00:01:34.208000,,,1,True,94.208,Suzuka,0
OCO,22.0,HARD,23.0,1.0,0 days 00:01:34.356000,,,1,True,94.356,Suzuka,0
OCO,23.0,HARD,24.0,1.0,0 days 00:01:34.118000,,,1,True,94.118,Suzuka,0
OCO,24.0,HARD,25.0,1.0,0 days 00:01:34.232000,,,1,True,94.232,Suzuka,0
OCO,25.0,HARD,26.0,1.0,0 days 00:01:34.051000,,,1,True,94.051,Suzuka,0
OCO,26.0,HARD,27.0,1.0,0 days 00:01:36.450000,,,1,True,96.45,Suzuka,0
OCO,27.0,HARD,28.0,1.0,0 days 00:01:34.007000,,,1,True,94.007,Suzuka,0
OCO,28.0,HARD,29.0,1.0,0 days 00:01:33.923000,,,1,True,93.923,Suzuka,0
OCO,29.0,HARD,30.0,1.0,0 days 00:01:34.829000,,,1,True,94.829,Suzuka,0
OCO,30.0,HARD,31.0,1.0,0 days 00:01:34.101000,,,1,True,94.101,Suzuka,0
OCO,31.0,HARD,32.0,1.0,0 days 00:01:33.889000,,,1,True,93.889,Suzuka,0
OCO,34.0,MEDIUM,2.0,2.0,0 days 00:01:32.908000,,,1,True,92.908,Suzuka,0
OCO,35.0,MEDIUM,3.0,2.0,0 days 00:01:32.840000,,,1,True,92.84,Suzuka,0
OCO,36.0,MEDIUM,4.0,2.0,0 days 00:01:32.782000,,,1,True,92.782,Suzuka,0
OCO,37.0,MEDIUM,5.0,2.0,0 days 00:01:32.681000,,,1,True,92.681,Suzuka,0
OCO,38.0,MEDIUM,6.0,2.0,0 days 00:01:32.736000,,,1,True,92.736,Suzuka,0
OCO,39.0,MEDIUM,7.0,2.0,0 days 00:01:32.767000,,,1,True,92.767,Suzuka,0
OCO,40.0,MEDIUM,8.0,2.0,0 days 00:01:32.519000,,,1,True,92.519,Suzuka,0
OCO,41.0,MEDIUM,9.0,2.0,0 days 00:01:32.445000,,,1,True,92.445,Suzuka,0
OCO,42.0,MEDIUM,10.0,2.0,0 days 00:01:32.258000,,,1,True,92.258,Suzuka,0
OCO,43.0,MEDIUM,11.0,2.0,0 days 00:01:32.474000,,,1,True,92.474,Suzuka,0
OCO,44.0,MEDIUM,12.0,2.0,0 days 00:01:32.186000,,,1,True,92.186,Suzuka,0
OCO,45.0,MEDIUM,13.0,2.0,0 days 00:01:32.309000,,,1,True,92.309,Suzuka,0
OCO,46.0,MEDIUM,14.0,2.0,0 days 00:01:32.542000,,,1,True,92.542,Suzuka,0
OCO,47.0,MEDIUM,15.0,2.0,0 days 00:01:32.272000,,,1,True,92.272,Suzuka,0
OCO,48.0,MEDIUM,16.0,2.0,0 days 00:01:31.967000,,,1,True,91.967,Suzuka,0
OCO,49.0,MEDIUM,17.0,2.0,0 days 00:01:32.440000,,,1,True,92.44,Suzuka,0
OCO,50.0,MEDIUM,18.0,2.0,0 days 00:01:32.338000,,,1,True,92.338,Suzuka,0
OCO,51.0,MEDIUM,19.0,2.0,0 days 00:01:32.810000,,,1,True,92.81,Suzuka,0
OCO,52.0,MEDIUM,20.0,2.0,0 days 00:01:32.936000,,,1,True,92.936,Suzuka,0
OCO,53.0,MEDIUM,21.0,2.0,0 days 00:01:33.106000,,,1,True,93.106,Suzuka,0
BOR,2.0,HARD,2.0,1.0,0 days 00:01:36.988000,,,1,True,96.988,Suzuka,0
BOR,3.0,HARD,3.0,1.0,0 days 00:01:35.678000,,,1,True,95.678,Suzuka,0
BOR,4.0,HARD,4.0,1.0,0 days 00:01:34.968000,,,1,True,94.968,Suzuka,0
BOR,5.0,HARD,5.0,1.0,0 days 00:01:35.043000,,,1,True,95.043,Suzuka,0
BOR,6.0,HARD,6.0,1.0,0 days 00:01:35.555000,,,1,True,95.555,Suzuka,0
BOR,7.0,HARD,7.0,1.0,0 days 00:01:35.276000,,,1,True,95.276,Suzuka,0
BOR,8.0,HARD,8.0,1.0,0 days 00:01:35.209000,,,1,True,95.209,Suzuka,0
BOR,9.0,HARD,9.0,1.0,0 days 00:01:35.474000,,,1,True,95.474,Suzuka,0
BOR,10.0,HARD,10.0,1.0,0 days 00:01:34.459000,,,1,True,94.459,Suzuka,0
BOR,11.0,HARD,11.0,1.0,0 days 00:01:34.699000,,,1,True,94.699,Suzuka,0
BOR,12.0,HARD,12.0,1.0,0 days 00:01:34.899000,,,1,True,94.899,Suzuka,0
BOR,13.0,HARD,13.0,1.0,0 days 00:01:34.632000,,,1,True,94.632,Suzuka,0
BOR,14.0,HARD,14.0,1.0,0 days 00:01:34.971000,,,1,True,94.971,Suzuka,0
BOR,15.0,HARD,15.0,1.0,0 days 00:01:34.858000,,,1,True,94.858,Suzuka,0
BOR,16.0,HARD,16.0,1.0,0 days 00:01:34.599000,,,1,True,94.599,Suzuka,0
BOR,17.0,HARD,17.0,1.0,0 days 00:01:34.642000,,,1,True,94.642,Suzuka,0
BOR,18.0,HARD,18.0,1.0,0 days 00:01:34.724000,,,1,True,94.724,Suzuka,0
BOR,19.0,HARD,19.0,1.0,0 days 00:01:34.204000,,,1,True,94.204,Suzuka,0
BOR,20.0,HARD,20.0,1.0,0 days 00:01:34.539000,,,1,True,94.539,Suzuka,0
BOR,21.0,HARD,21.0,1.0,0 days 00:01:34.372000,,,1,True,94.372,Suzuka,0
BOR,22.0,HARD,22.0,1.0,0 days 00:01:34.492000,,,1,True,94.492,Suzuka,0
BOR,23.0,HARD,23.0,1.0,0 days 00:01:34.124000,,,1,True,94.124,Suzuka,0
BOR,24.0,HARD,24.0,1.0,0 days 00:01:33.799000,,,1,True,93.799,Suzuka,0
BOR,25.0,HARD,25.0,1.0,0 days 00:01:33.638000,,,1,True,93.638,Suzuka,0
BOR,26.0,HARD,26.0,1.0,0 days 00:01:35.226000,,,1,True,95.226,Suzuka,0
BOR,27.0,HARD,27.0,1.0,0 days 00:01:35.015000,,,1,True,95.015,Suzuka,0
BOR,28.0,HARD,28.0,1.0,0 days 00:01:35.010000,,,1,True,95.01,Suzuka,0
BOR,29.0,HARD,29.0,1.0,0 days 00:01:33.814000,,,1,True,93.814,Suzuka,0
BOR,30.0,HARD,30.0,1.0,0 days 00:01:33.695000,,,1,True,93.695,Suzuka,0
BOR,33.0,MEDIUM,2.0,2.0,0 days 00:01:32.470000,,,1,True,92.47,Suzuka,0
BOR,34.0,MEDIUM,3.0,2.0,0 days 00:01:33.184000,,,1,True,93.184,Suzuka,0
BOR,35.0,MEDIUM,4.0,2.0,0 days 00:01:32.947000,,,1,True,92.947,Suzuka,0
BOR,36.0,MEDIUM,5.0,2.0,0 days 00:01:32.930000,,,1,True,92.93,Suzuka,0
BOR,37.0,MEDIUM,6.0,2.0,0 days 00:01:32.857000,,,1,True,92.857,Suzuka,0
BOR,38.0,MEDIUM,7.0,2.0,0 days 00:01:32.517000,,,1,True,92.517,Suzuka,0
BOR,39.0,MEDIUM,8.0,2.0,0 days 00:01:32.538000,,,1,True,92.538,Suzuka,0
BOR,40.0,MEDIUM,9.0,2.0,0 days 00:01:32.487000,,,1,True,92.487,Suzuka,0
BOR,41.0,MEDIUM,10.0,2.0,0 days 00:01:32.154000,,,1,True,92.154,Suzuka,0
BOR,42.0,MEDIUM,11.0,2.0,0 days 00:01:32.216000,,,1,True,92.216,Suzuka,0
BOR,43.0,MEDIUM,12.0,2.0,0 days 00:01:32.230000,,,1,True,92.23,Suzuka,0
BOR,44.0,MEDIUM,13.0,2.0,0 days 00:01:32.353000,,,1,True,92.353,Suzuka,0
BOR,45.0,MEDIUM,14.0,2.0,0 days 00:01:32.034000,,,1,True,92.034,Suzuka,0
BOR,46.0,MEDIUM,15.0,2.0,0 days 00:01:32.695000,,,1,True,92.695,Suzuka,0
BOR,47.0,MEDIUM,16.0,2.0,0 days 00:01:32.276000,,,1,True,92.276,Suzuka,0
BOR,48.0,MEDIUM,17.0,2.0,0 days 00:01:32.260000,,,1,True,92.26,Suzuka,0
BOR,49.0,MEDIUM,18.0,2.0,0 days 00:01:32.201000,,,1,True,92.201,Suzuka,0
BOR,50.0,MEDIUM,19.0,2.0,0 days 00:01:32.398000,,,1,True,92.398,Suzuka,0
BOR,51.0,MEDIUM,20.0,2.0,0 days 00:01:32.531000,,,1,True,92.531,Suzuka,0
BOR,52.0,MEDIUM,21.0,2.0,0 days 00:01:32.993000,,,1,True,92.993,Suzuka,0
BOR,53.0,MEDIUM,22.0,2.0,0 days 00:01:32.949000,,,1,True,92.949,Suzuka,0
STR,2.0,SOFT,2.0,1.0,0 days 00:01:37.016000,,,1,True,97.016,Suzuka,0
STR,3.0,SOFT,3.0,1.0,0 days 00:01:35.475000,,,1,True,95.475,Suzuka,0
STR,4.0,SOFT,4.0,1.0,0 days 00:01:35.161000,,,1,True,95.161,Suzuka,0
STR,5.0,SOFT,5.0,1.0,0 days 00:01:35.418000,,,1,True,95.418,Suzuka,0
STR,6.0,SOFT,6.0,1.0,0 days 00:01:35.289000,,,1,True,95.289,Suzuka,0
STR,7.0,SOFT,7.0,1.0,0 days 00:01:35.104000,,,1,True,95.104,Suzuka,0
STR,8.0,SOFT,8.0,1.0,0 days 00:01:35.356000,,,1,True,95.356,Suzuka,0
STR,11.0,HARD,3.0,2.0,0 days 00:01:34.854000,,,1,True,94.854,Suzuka,0
STR,12.0,HARD,4.0,2.0,0 days 00:01:35.243000,,,1,True,95.243,Suzuka,0
STR,13.0,HARD,5.0,2.0,0 days 00:01:35.153000,,,1,True,95.153,Suzuka,0
STR,14.0,HARD,6.0,2.0,0 days 00:01:34.586000,,,1,True,94.586,Suzuka,0
STR,15.0,HARD,7.0,2.0,0 days 00:01:34.409000,,,1,True,94.409,Suzuka,0
STR,16.0,HARD,8.0,2.0,0 days 00:01:34.887000,,,1,True,94.887,Suzuka,0
STR,17.0,HARD,9.0,2.0,0 days 00:01:34.657000,,,1,True,94.657,Suzuka,0
STR,18.0,HARD,10.0,2.0,0 days 00:01:34.451000,,,1,True,94.451,Suzuka,0
STR,19.0,HARD,11.0,2.0,0 days 00:01:34.057000,,,1,True,94.057,Suzuka,0
STR,20.0,HARD,12.0,2.0,0 days 00:01:33.651000,,,1,True,93.651,Suzuka,0
STR,21.0,HARD,13.0,2.0,0 days 00:01:33.625000,,,1,True,93.625,Suzuka,0
STR,22.0,HARD,14.0,2.0,0 days 00:01:33.772000,,,1,True,93.772,Suzuka,0
STR,23.0,HARD,15.0,2.0,0 days 00:01:34.117000,,,1,True,94.117,Suzuka,0
STR,24.0,HARD,16.0,2.0,0 days 00:01:34.149000,,,1,True,94.149,Suzuka,0
STR,25.0,HARD,17.0,2.0,0 days 00:01:34.743000,,,1,True,94.743,Suzuka,0
STR,26.0,HARD,18.0,2.0,0 days 00:01:34.258000,,,1,True,94.258,Suzuka,0
STR,27.0,HARD,19.0,2.0,0 days 00:01:34.015000,,,1,True,94.015,Suzuka,0
STR,28.0,HARD,20.0,2.0,0 days 00:01:34.126000,,,1,True,94.126,Suzuka,0
STR,29.0,HARD,21.0,2.0,0 days 00:01:34.126000,,,1,True,94.126,Suzuka,0
STR,32.0,MEDIUM,3.0,3.0,0 days 00:01:32.363000,,,1,True,92.363,Suzuka,0
STR,33.0,MEDIUM,4.0,3.0,0 days 00:01:32.456000,,,1,True,92.456,Suzuka,0
STR,34.0,MEDIUM,5.0,3.0,0 days 00:01:32.869000,,,1,True,92.869,Suzuka,0
STR,35.0,MEDIUM,6.0,3.0,0 days 00:01:33.040000,,,1,True,93.04,Suzuka,0
STR,36.0,MEDIUM,7.0,3.0,0 days 00:01:32.691000,,,1,True,92.691,Suzuka,0
STR,37.0,MEDIUM,8.0,3.0,0 days 00:01:32.781000,,,1,True,92.781,Suzuka,0
STR,38.0,MEDIUM,9.0,3.0,0 days 00:01:32.737000,,,1,True,92.737,Suzuka,0
STR,39.0,MEDIUM,10.0,3.0,0 days 00:01:32.856000,,,1,True,92.856,Suzuka,0
STR,40.0,MEDIUM,11.0,3.0,0 days 00:01:32.697000,,,1,True,92.697,Suzuka,0
STR,41.0,MEDIUM,12.0,3.0,0 days 00:01:32.567000,,,1,True,92.567,Suzuka,0
STR,42.0,MEDIUM,13.0,3.0,0 days 00:01:32.434000,,,1,True,92.434,Suzuka,0
STR,43.0,MEDIUM,14.0,3.0,0 days 00:01:32.438000,,,1,True,92.438,Suzuka,0
STR,44.0,MEDIUM,15.0,3.0,0 days 00:01:33.170000,,,1,True,93.17,Suzuka,0
STR,45.0,MEDIUM,16.0,3.0,0 days 00:01:38.056000,,,1,True,98.056,Suzuka,0
STR,46.0,MEDIUM,17.0,3.0,0 days 00:01:32.685000,,,1,True,92.685,Suzuka,0
STR,47.0,MEDIUM,18.0,3.0,0 days 00:01:32.442000,,,1,True,92.442,Suzuka,0
STR,48.0,MEDIUM,19.0,3.0,0 days 00:01:32.545000,,,1,True,92.545,Suzuka,0
STR,49.0,MEDIUM,20.0,3.0,0 days 00:01:32.374000,,,1,True,92.374,Suzuka,0
STR,50.0,MEDIUM,21.0,3.0,0 days 00:01:32.217000,,,1,True,92.217,Suzuka,0
STR,51.0,MEDIUM,22.0,3.0,0 days 00:01:32.146000,,,1,True,92.146,Suzuka,0
STR,52.0,MEDIUM,23.0,3.0,0 days 00:01:32.052000,,,1,True,92.052,Suzuka,0
